master_record_number,agency,agency_tracking_number,county,city,collision_date,vehicles_involved,number_injured,number_dead,latitude,longitude,roadway_name,roadway_suffix,roadway_number,roadway_local_id,distance_from_reference,miles-feet_indicator,direction_from_reference,intersection_road_name,intersection_road_name_suffix,intersection_road_number,intersection_local_id,mile_marker,intersection_indicator,intersect_type,interchange_related_indicator,relation_to_junction,work_zone_type,construction_maintenance_zone,construction_maintenance_zone_location,fatal_case_number,officer_first_name,officer_last_name,weather_condition(s),manner_of_crash,pedestrian,bicycle,scooter,parking,hitrun,mou
102165972,METROPOLITAN NASHVILLE POLICE DEPT,20180840090,Davidson,Nashville,10/3/2018 5:30:00 PM,1,0,0,36.215110,-86.596990,LEBANON PKE,,,,200.00,Feet,East,ANDREW JACKSON PKWY,,,,0.00,N,Not at Intersection,N,Non-Junction,None,,,         ,Abbey,Sawl,Clear,Not Collision with Motor Vehicle in Transport,yes,no,no,no,yes,False
102165985,METROPOLITAN NASHVILLE POLICE DEPT,20180840097,Davidson,Nashville,10/3/2018 5:14:00 PM,2,0,0,36.146540,-86.767720,4TH AVS,,,,0.00,,,MILDRED SHUTE AV,,,,0.00,Y,T-Intersection, ,Intersection-Related,None,,,         ,Andrew,Brazee,Clear,"Sideswipe, Same Direction",no,no,no,no,no,False
102165986,Nashville Airport Police,2018-03936/3937,Davidson,Nashville,10/1/2018 5:34:00 PM,3,0,0,36.111040,-86.671160,DONELSON PKE,,,,499.00,Feet,North,KNAPP BLVD,,,,0.00,N,Not at Intersection,N,Non-Junction,None,,,         ,Christopher,Kullman,Clear,"Sideswipe, Same Direction",no,no,no,no,yes,False
102165988,METROPOLITAN NASHVILLE POLICE DEPT,20180840433,Davidson,Nashville,10/3/2018 7:46:00 PM,2,0,0,36.177230,-86.748480,WOODLAND ST,,,,0.00,,,N 12TH ST,,,,0.00,Y,Four-Way,N,Intersection,None,,,         ,Richard,Conger,Clear,Angle,no,no,no,no,yes,False
102166007,METROPOLITAN NASHVILLE POLICE DEPT,20180840425,Davidson,Not in City Limit,10/3/2018 6:55:00 PM,1,0,0,36.137790,-86.949550,RIVER ROAD PKE,,,,1859.00,Feet,East,INDIAN CREEK RD,,,,0.00,N,Not at Intersection,N,Non-Junction,None,,,         ,Ryan,Ludvigson,Clear,Not Collision with Motor Vehicle in Transport,no,no,no,no,no,False
102166010,METROPOLITAN NASHVILLE POLICE DEPT,20180840245,Davidson,Nashville,10/3/2018 6:12:00 PM,1,0,0,36.098630,-86.677390,DONELSON PKE,,,,0.00,,,,,,,0.00,,,N,Non-Junction,None,,,         ,Andrew,Brazee,Clear,Not Collision with Motor Vehicle in Transport,no,no,no,no,no,False
102166018,METROPOLITAN NASHVILLE POLICE DEPT,20180840193,Davidson,Nashville,10/3/2018 5:32:00 PM,3,0,0,36.143050,-86.722230,SPENCE LN,,,,345.00,Feet,South,ELM HILL PKE,,,,0.00,N,Not at Intersection, ,Non-Junction,None,,,         ,Samuel,Sundra,Clear,Angle,no,no,no,no,no,False
102166031,METROPOLITAN NASHVILLE POLICE DEPT,20180840536,Davidson,Nashville,10/3/2018 8:20:00 PM,2,0,0,36.107600,-86.812790,HILLSBORO PKE,,,,83.00,Feet,South,GREEN HILLS VILLAGE DR,,,,0.00,N,Not at Intersection, ,Non-Junction,None,,,         ,Joshua,Asbell,Clear,Angle,no,no,no,no,no,False
102166032,METROPOLITAN NASHVILLE POLICE DEPT,20180840381,Davidson,Goodlettsville,10/3/2018 6:40:00 PM,3,0,0,36.285950,-86.705790,GALLATIN PKEN,,,,0.00,Feet,East,SHAKESPEARE AV,,,,0.00,N,Not at Intersection,N,Non-Junction,None,,,         ,Jacob,Krispin,Clear,Front to Rear,no,no,no,no,no,False
102166033,METROPOLITAN NASHVILLE POLICE DEPT,20180839802,Davidson,Nashville,10/3/2018 3:51:00 PM,2,0,0,36.134110,-86.773030,WEDGEWOOD AV,,,,295.00,Feet,East,LINDELL AV,,,,0.00,N,Not at Intersection, ,Non-Junction,None,,,         ,Akira,McSwain,Clear,Angle,no,no,no,no,no,False
102166034,METROPOLITAN NASHVILLE POLICE DEPT,20180839983,Davidson,Nashville,10/3/2018 4:09:00 PM,2,0,0,36.120700,-86.807970,SHARONDALE DR,,,,0.00,,,HILLSBORO PKE,,,,0.00,Y,Four-Way, ,Non-Junction,None,,,         ,Akira,McSwain,Clear,Angle,no,no,no,no,no,False
102166035,METROPOLITAN NASHVILLE POLICE DEPT,20180840192,Davidson,Nashville,10/3/2018 5:20:00 PM,2,0,0,36.130450,-86.802470,BLAIR BLVD,,,,154.00,Feet,West,21ST AVS,,,,0.00,N,Not at Intersection, ,,None,,,         ,Akira,McSwain,,,no,no,no,no,no,False
102166040,METROPOLITAN NASHVILLE POLICE DEPT,20180840144,Davidson,Nashville,10/3/2018 5:48:00 PM,2,0,0,36.214080,-86.764350,DICKERSON PKE,,,,47.00,Feet,North,ROCK ST,,,,0.00,N,Not at Intersection,N,Non-Junction,None,,,         ,Joshua,Lackey,Clear,Front to Rear,no,no,no,no,yes,False
102166044,METROPOLITAN NASHVILLE POLICE DEPT,20180840032,Davidson,Nashville,10/3/2018 4:45:00 PM,2,0,0,36.110800,-86.743200,THOMPSON LN,,,,70.00,Feet,West,FOSTER AV,,,,0.00,N,Not at Intersection, ,Non-Junction,None,,,         ,Je-Marc,Sears,Clear,"Sideswipe, Same Direction",no,no,no,no,no,False
102166084,METROPOLITAN NASHVILLE POLICE DEPT,20180839706,Davidson,Old Hickory,10/3/2018 3:20:00 PM,4,1,0,36.267260,-86.666280,ROBINSON RD,,,,916.00,Feet,North,INDUSTRIAL DR PVTDR,,,,0.00,N,Not at Intersection,N,Non-Junction,None,,,         ,Craig,Gentry,Clear,Not Collision with Motor Vehicle in Transport,no,no,no,no,no,False
102166085,METROPOLITAN NASHVILLE POLICE DEPT,20180840345,Davidson,Old Hickory,10/3/2018 7:04:00 PM,2,1,0,36.254040,-86.650330,ROBINSON RD,,,,0.00,,,HURST DR,,,,0.00,Y,T-Intersection,Y,Intersection,None,,,         ,Craig,Gentry,Clear,Angle,no,no,no,no,no,False
102166091,METROPOLITAN NASHVILLE POLICE DEPT,20180840270,Davidson,Nashville,10/3/2018 6:29:00 PM,1,1,0,36.159990,-86.772980,1ST AVS,,,,100.00,Feet,South,DEMONBREUN ST,,,,0.00,N,Not at Intersection,N,Non-Junction,None,,,         ,Seth,Quiles,Clear,Not Collision with Motor Vehicle in Transport,no,yes,no,no,no,False
102166096,METROPOLITAN NASHVILLE POLICE DEPT,20180840608,Davidson,Not in City Limit,10/3/2018 12:00:00 AM,2,1,0,36.321050,-86.867470,WHITES CREEK PKE,,,,0.00,,,GIFFORD PL,,,,0.00,Y,Four-Way, ,Intersection,None,,,         ,Melvin,Taylor,Clear,Angle,no,no,no,no,no,False
102166097,METROPOLITAN NASHVILLE POLICE DEPT,20180840508,Davidson,Nashville,10/3/2018 5:45:00 PM,3,0,0,36.210540,-86.609000,LEBANON PKE,,,,931.00,Feet,South,RACHELS LN,,,,0.00,N,Not at Intersection, ,Non-Junction,None,,,         ,Allyson,Reis,Clear,Front to Rear,no,no,no,no,no,False
102166106,METROPOLITAN NASHVILLE POLICE DEPT,20180840590,Davidson,Not in City Limit,10/3/2018 8:50:00 PM,1,0,0,36.082240,-86.931610,HICKS RD,,,,209.00,Feet,North,POST CREEK RD,,,,0.00,N,Not at Intersection,N,Non-Junction,None,,,         ,John,Hoesli,Clear,Not Collision with Motor Vehicle in Transport,no,no,no,no,no,False
102166168,METROPOLITAN NASHVILLE POLICE DEPT,20180840647,Davidson,Nashville,10/3/2018 9:20:00 PM,2,1,0,36.172090,-86.773770,N 1ST ST,,,,716.00,Feet,North,MAIN ST,,,,0.00,N,Not at Intersection,N,Non-Junction,None,,,         ,Brent,Morris,Clear,"Sideswipe, Same Direction",no,no,no,yes,no,False
102166170,METROPOLITAN NASHVILLE POLICE DEPT,20180840236,Davidson,Nashville,10/3/2018 6:20:00 PM,2,0,0,36.159120,-86.777550,5TH AVS,,,,266.00,Feet,North,DEMONBREUN ST,,,,0.00,N,Not at Intersection,N,Non-Junction,None,,,         ,Brandon,O'Guin,Clear,"Sideswipe, Same Direction",no,no,no,no,no,False
102166224,METROPOLITAN NASHVILLE POLICE DEPT,20180840891,Davidson,Nashville,10/3/2018 7:45:00 PM,2,0,0,36.152690,-86.784600,PINE ST,,,,115.00,Feet,East,12TH AVS,,,,0.00,N,Not at Intersection,N,OtherLocation,None,,,         ,Blake,Lutz,Clear,Unknown,no,no,no,yes,yes,False
102166229,METROPOLITAN NASHVILLE POLICE DEPT,20180840808,Davidson,Nashville,10/3/2018 10:46:00 PM,2,0,0,36.050620,-86.606180,GROVEDALE TRC,,,,0.00,,,PIN HOOK RD,,,,0.00,Y,Four-Way,N,Intersection,None,,,         ,David,Moser,Clear,Angle,no,no,no,no,yes,False
102166230,METROPOLITAN NASHVILLE POLICE DEPT,20180840934,Davidson,Nashville,10/3/2018 11:40:00 PM,2,0,0,36.074410,-86.921190,HIGHWAY 70S,,,,75.00,Feet,West,OLD HICKORY BLVD,,,,0.00,N,Not at Intersection,N,Non-Junction,None,,,         ,Kevin,McGinniss,Clear,"Sideswipe, Same Direction",no,no,no,no,no,False
102166234,METROPOLITAN NASHVILLE POLICE DEPT,20180841051,Davidson,Nashville,10/4/2018 12:13:00 AM,2,0,0,36.134420,-86.721820,MURFREESBORO PKE,,,,0.00,,,,,,,0.00,,,N,OtherLocation,None,,,         ,Ralph,Smith IV,Clear,Front to Rear,no,no,no,yes,yes,False
102166244,METROPOLITAN NASHVILLE POLICE DEPT,20180841070,Davidson,Not in City Limit,10/4/2018 12:40:00 AM,1,0,0,36.332160,-86.744150,BRICK CHURCH PKE,,,,1.45,Miles,East,HITT LN,,,,0.00,N,Not at Intersection,N,Non-Junction,None,,,         ,Nicholas,Diamond,Clear,Not Collision with Motor Vehicle in Transport,no,no,no,no,no,False
102166245,METROPOLITAN NASHVILLE POLICE DEPT,20180841110,Davidson,Nashville,10/4/2018 12:00:00 AM,1,0,0,36.065470,-86.685580,I 24,,,,0.00,,,,,,,57.35,N,Not at Intersection,N,Non-Junction,None,,,         ,David,Simmonds,Clear,Not Collision with Motor Vehicle in Transport,no,no,no,no,yes,False
102166248,METROPOLITAN NASHVILLE POLICE DEPT,20180841000,Davidson,Nashville,10/4/2018 12:11:00 AM,2,1,0,36.140520,-86.731650,I 40,,,,0.00,,,,,,,213.00,N,Not at Intersection,N,Non-Junction,Work Zone,Laneclosure,Before First Warning Area,         ,Joseph,Patricio,Clear,Angle,no,no,no,no,no,False
102166286,METROPOLITAN NASHVILLE POLICE DEPT,20180841412,Davidson,Nashville,10/4/2018 12:00:00 AM,1,0,0,36.068960,-86.662630,UNA ANTIOCH PKE,,,,333.00,Feet,North,STREAMFIELD PASS,,,,0.00,N,Not at Intersection,N,Non-Junction,None,,,         ,David,Simmonds,Clear,Not Collision with Motor Vehicle in Transport,no,no,no,no,yes,False
102166318,METROPOLITAN NASHVILLE POLICE DEPT,20180841400,Davidson,Nashville,10/4/2018 4:17:00 AM,1,0,0,36.173590,-86.764060,YEAMAN PL,,,,88.00,Feet,North,MAIN ST,,,,0.00,N,Not at Intersection,N,Non-Junction,None,,,         ,Andrew,Richey,Clear,Not Collision with Motor Vehicle in Transport,no,no,no,no,no,False
102166325,METROPOLITAN NASHVILLE POLICE DEPT,20180841436,Davidson,Not in City Limit,10/4/2018 5:35:00 AM,2,0,0,36.044460,-86.956230,HIGHWAY 100,,,,0.00,,,OLD HARDING PKE,,,,0.00,Y,Four-Way,N,Intersection,None,,,         ,Jackson,Smythe,Clear,Angle,no,no,no,no,no,False
102166369,METROPOLITAN NASHVILLE POLICE DEPT,20180841471,Davidson,Nashville,10/4/2018 5:49:00 AM,2,0,0,36.150610,-86.749780,I 40,,,,0.00,,,,,,,211.60,N,Not at Intersection, ,Non-Junction,None,,,         ,Michael,Dance,Clear,"Sideswipe, Same Direction",no,no,no,no,no,False
102166404,METROPOLITAN NASHVILLE POLICE DEPT,20180841510,Davidson,Nashville,10/4/2018 6:29:00 AM,1,0,0,36.169510,-86.600960,OLD HICKORY BLVD,,,,14.00,Feet,South,I40 E ENT RAMP,,,,0.00,N,Not at Intersection,Y,Entrance/Exit Ramp Related,None,,,         ,Zachary,Plese,Clear,Not Collision with Motor Vehicle in Transport,no,no,no,no,yes,False
102166419,METROPOLITAN NASHVILLE POLICE DEPT,2018-0841581,Davidson,Nashville,10/4/2018 7:22:00 AM,1,0,0,36.184240,-86.684120,TWO RIVERS PKWY,,,,174.00,Feet,West,STONES RIVER GRNWY,,,,0.00,N,Not at Intersection, ,Non-Junction,None,,,         ,Calvin,Graham,Clear,Not Collision with Motor Vehicle in Transport,no,no,no,no,no,False
102166427,METROPOLITAN NASHVILLE POLICE DEPT,20180841567,Davidson,Nashville,10/4/2018 7:05:00 AM,2,0,0,36.111290,-86.771180,I 65,,,,0.00,,,,,,,79.85,N,Not at Intersection,N,Non-Junction,None,,,         ,Jon,Mcvey,Clear,"Sideswipe, Same Direction",no,no,no,no,no,False
102166428,METROPOLITAN NASHVILLE POLICE DEPT,20180841488,Davidson,Nashville,10/4/2018 6:00:00 AM,6,0,0,36.157420,-86.760420,I 24,,,,0.00,,,,,,,49.60,N,Not at Intersection,N,Non-Junction,None,,,         ,John,Anderson,Clear,Front to Rear,no,no,no,no,no,False
102166429,METROPOLITAN NASHVILLE POLICE DEPT,20180841599,Davidson,Nashville,10/4/2018 7:11:00 AM,2,0,0,36.142190,-86.666560,I40 W EXT RAMP,,,,0.00,,,I 40,,,,0.00,Y,OTHER,N,Entrance/Exit Ramp Related,None,,,         ,Tien,Nguyen,Clear,Front to Rear,no,no,no,no,no,False
102166433,METROPOLITAN NASHVILLE POLICE DEPT,20180841594,Davidson,Nashville,10/4/2018 7:17:00 AM,2,0,0,36.250520,-86.741150,I 65,,,,0.00,,,,,,,91.25,N,Not at Intersection,N,Non-Junction,None,,,         ,Michelle,Steidl,Clear,Front to Rear,no,no,no,no,no,False
102166434,METROPOLITAN NASHVILLE POLICE DEPT,20180841592,Davidson,Nashville,10/4/2018 7:15:00 AM,3,0,0,36.153150,-86.787470,I 40,,,,0.00,,,,,,,209.35,N,Not at Intersection,N,Non-Junction,None,,,         ,James,Thornton,Clear,Front to Rear,no,no,no,no,no,False
102166450,GOODLETTSVILLE POLICE DEPT,18-35108,Davidson,Goodlettsville,10/4/2018 7:33:00 AM,2,0,0,36.325910,-86.700820,STATE HWY 174,,,,109.00,Feet,South,NORTHCREEK BLVD,,,,0.00,N,Not at Intersection, ,Non-Junction,None,,,         ,Zachary,Scannell,Clear,Front to Rear,no,no,no,no,no,False
102166454,METROPOLITAN NASHVILLE POLICE DEPT,20180841673,Davidson,Nashville,10/4/2018 7:33:00 AM,2,0,0,36.161300,-86.820900,I 40,,,,0.00,,,,,,,206.20,N,Not at Intersection, ,,None,,,         ,Curtis,Rich,,,no,no,no,no,no,False
102166466,GOODLETTSVILLE POLICE DEPT,18-35045,Davidson,Goodlettsville,10/3/2018 4:40:00 PM,2,0,0,36.306300,-86.694050,CONFERENCE DR,,,,155.00,Feet,North,RIVERGATE MALL PVTDR,,,,0.00,N,Not at Intersection, ,Non-Junction,None,,,         ,Charles,Hauskin,Clear,"Sideswipe, Same Direction",no,no,no,no,no,False
102166472,METROPOLITAN NASHVILLE POLICE DEPT,20180841755,Davidson,Nashville,10/4/2018 8:24:00 AM,2,1,0,36.155010,-86.627110,STEWARTS FERRY PKE,,,,0.00,,,I40 E EXT RAMP,,,,0.00,Y,Four-Way,N,Intersection-Related,None,,,         ,Tien,Nguyen,Clear,Front to Rear,no,no,no,no,no,False
102166475,METROPOLITAN NASHVILLE POLICE DEPT,20180841751,Davidson,Nashville,10/4/2018 8:04:00 AM,2,0,0,36.193360,-86.752940,ELLINGTON PKWYS,,,,0.00,,,DOUGLAS AV,,,,0.00,Y,OTHER, ,Non-Junction,None,,,         ,Nicholas,Smith,Clear,Front to Rear,no,no,no,no,no,False
102166477,METROPOLITAN NASHVILLE POLICE DEPT,20180841686,Davidson,Nashville,10/4/2018 7:55:00 AM,3,0,0,36.042990,-86.842170,OLD HICKORY BLVD,,,,41.00,Feet,East,KINGSBURY DR,,,,0.00,N,Not at Intersection, ,Non-Junction,None,,,         ,Gary,Sneed,Clear,Front to Rear,no,no,no,no,no,False
102166486,METROPOLITAN NASHVILLE POLICE DEPT,20180841724,Davidson,Nashville,10/4/2018 8:14:00 AM,5,0,0,36.191470,-86.827600,CLARKSVILLE PKE,,,,529.00,Feet,East,CLIFF DR,,,,0.00,N,Not at Intersection,N,Non-Junction,None,,,         ,Wesley,Young,Clear,Front to Rear,no,no,no,no,no,False
102166491,METROPOLITAN NASHVILLE POLICE DEPT,20180841729,Davidson,Nashville,10/4/2018 8:03:00 AM,2,0,0,36.152970,-86.689390,ELM HILL PKE,,,,56.00,Feet,East,ELM HILL PKE WB EXT RAMP,,,,0.00,N,Not at Intersection, ,,None,,,         ,Ralph,Harvey,,,no,no,no,no,no,False
102166496,METROPOLITAN NASHVILLE POLICE DEPT,20180841850,Davidson,Nashville,10/4/2018 6:09:00 AM,2,0,0,36.171130,-86.767920,I 24,,,,0.00,,,,,,,48.40,N,Not at Intersection, ,Non-Junction,None,,,         ,Cody,O'Quinn,Clear,Front to Rear,no,no,no,no,no,False
102166497,METROPOLITAN NASHVILLE POLICE DEPT,20180841710,Davidson,Nashville,10/4/2018 8:06:00 AM,2,0,0,36.141720,-86.778670,CHESTNUT ST,,,,0.00,Feet,East,8TH AVS,,,,0.00,N,Not at Intersection, ,,None,,,         ,Randy,Puckett,,,no,no,no,no,no,False
102166502,METROPOLITAN NASHVILLE POLICE DEPT,20180841609,Davidson,Antioch,10/4/2018 7:30:00 AM,2,0,0,36.066880,-86.599780,MT VIEW RD,,,,10.00,Feet,West,TRU LONG DR,,,,0.00,N,Not at Intersection,N,Non-Junction,None,,,         ,Jessie,Meadows,Clear,Angle,no,no,no,no,yes,False
102166503,METROPOLITAN NASHVILLE POLICE DEPT,2018-0838868,Davidson,Nashville,10/3/2018 8:12:00 AM,2,0,0,36.121340,-86.786580,10TH AVS,,,,0.00,,,PARIS AV,,,,0.00,Y,T-Intersection, ,Non-Junction,None,,,         ,Carlos,angulo,Clear,Angle,no,no,no,no,no,False
102166515,METROPOLITAN NASHVILLE POLICE DEPT,20180841879,Davidson,Nashville,10/4/2018 8:15:00 AM,2,0,0,36.111640,-86.722790,I 24,,,,0.00,,,,,,,53.55,N,Not at Intersection, ,Non-Junction,None,,,         ,Jason,Hees,Clear,Front to Rear,no,no,no,no,no,False
102166518,METROPOLITAN NASHVILLE POLICE DEPT,20180841921,Davidson,Nashville,10/4/2018 9:39:00 AM,2,0,0,36.075670,-86.767820,I 65,,,,0.00,,,,,,,77.35,N,Not at Intersection,N,Non-Junction,None,,,         ,Gary,Sneed,Clear,Front to Rear,no,no,no,no,no,False
102166524,METROPOLITAN NASHVILLE POLICE DEPT,20180841775,Davidson,Nashville,10/4/2018 8:30:00 AM,2,2,0,36.025190,-86.664750,PETTUS RD,,,,0.00,,,PRESTON RD,,,,0.00,Y,T-Intersection,Y,Intersection,None,,,         ,Fabjan,Llukaj,Clear,Front to Rear,no,no,no,no,no,False
102166526,METROPOLITAN NASHVILLE POLICE DEPT,20180841926,Davidson,Nashville,10/4/2018 9:37:00 AM,2,0,0,36.164120,-86.762520,I24 W EXT RAMP,,,,0.00,Feet,East,I 24,,,,0.00,N,Not at Intersection, ,Non-Junction,None,,,         ,Reginald,Pierre-Paul,Clear,Angle,no,no,no,no,no,False
102166541,METROPOLITAN NASHVILLE POLICE DEPT,20180841886,Davidson,Nashville,10/4/2018 9:00:00 AM,2,0,0,36.070290,-86.684540,ANTIOCH PKE,,,,0.00,,,HAYWOOD LN,,,,0.00,Y,Four-Way,N,Intersection,None,,,         ,Brian,Lamb,Clear,"Sideswipe, Same Direction",no,no,no,no,yes,False
102166542,METROPOLITAN NASHVILLE POLICE DEPT,20180841945,Davidson,Nashville,10/3/2018 12:00:00 AM,2,0,0,36.174870,-86.753630,RUSSELL ST,,,,617.00,Feet,West,S 10TH ST,,,,0.00,N,Not at Intersection,N,Non-Junction,None,,,         ,Russell,Freeman,Unknown,Unknown,no,no,no,no,yes,False
102166543,METROPOLITAN NASHVILLE POLICE DEPT,20180841951,Davidson,Nashville,10/4/2018 8:36:00 AM,2,0,0,36.176700,-86.774580,N 1ST ST,,,,77.00,Feet,South,SPRING ST,,,,0.00,N,Not at Intersection, ,Non-Junction,None,,,         ,Adam,Warren,Clear,"Sideswipe, Same Direction",no,no,no,no,yes,False
102166544,METROPOLITAN NASHVILLE POLICE DEPT,20180841684,Davidson,Nashville,10/4/2018 7:50:00 AM,2,0,0,36.038930,-86.658990,CANE RIDGE RD,,,,51.00,Feet,East,MOUNTAINHIGH DR,,,,0.00,N,Not at Intersection,N,Non-Junction,None,,,         ,Jessie,Meadows,Clear,Front to Rear,no,no,no,no,no,False
102166564,METROPOLITAN NASHVILLE POLICE DEPT,20180841815,Davidson,Nashville,10/4/2018 8:45:00 AM,2,0,0,36.103620,-86.666480,OLD MURFREESBORO PKE,,,,0.00,,,FAIRCLOTH LN,,,,0.00,Y,Four-Way,N,Intersection,None,,,         ,Brynn,Cellan,Clear,Angle,no,no,no,no,no,False
102166569,METROPOLITAN NASHVILLE POLICE DEPT,20180841820,Davidson,Not in City Limit,10/4/2018 8:22:00 AM,2,0,0,35.995330,-86.687680,NOLENSVILLE RD,,,,79.00,Feet,South,PETTUS RD,,,,0.00,N,Not at Intersection, ,Non-Junction,None,,,         ,Jessie,Meadows,Clear,Front to Rear,no,no,no,no,no,False
102166573,METROPOLITAN NASHVILLE POLICE DEPT,20180841515,Davidson,Nashville,10/4/2018 6:30:00 AM,2,1,0,36.165430,-86.768650,S 2ND ST,,,,0.00,,,VICTORY AV,,,,0.00,Y,T-Intersection,N,Intersection,None,,,         ,Catherine,Poole,Clear,HeadOn,no,no,no,no,no,False
102166585,METROPOLITAN NASHVILLE POLICE DEPT,20180841908,Davidson,Nashville,10/4/2018 9:30:00 AM,2,1,0,36.044770,-86.661110,BELL RD,,,,122.00,Feet,East,CANE RIDGE RD,,,,0.00,N,Not at Intersection,N,Non-Junction,None,,,         ,Jessie,Meadows,Clear,"Sideswipe, Same Direction",no,no,no,no,no,False
102166586,METROPOLITAN NASHVILLE POLICE DEPT,20180841782,Davidson,Nashville,10/4/2018 8:37:00 AM,6,4,0,36.108210,-86.769070,I 65,,,,0.00,,,,,,,79.60,N,Not at Intersection,N,Non-Junction,None,,,         ,Jon,Mcvey,Clear,Front to Rear,no,no,no,no,yes,False
102166598,METROPOLITAN NASHVILLE POLICE DEPT,20180841878,Davidson,Madison,10/4/2018 9:10:00 AM,2,0,0,36.245010,-86.710120,DUE WEST AVE,,,,68.00,Feet,East,PETER PAN ST,,,,0.00,N,Not at Intersection,N,Non-Junction,None,,,         ,Derek,Sibley,Clear,Angle,no,no,no,no,no,False
102166599,METROPOLITAN NASHVILLE POLICE DEPT,20180842076,Davidson,Nashville,10/4/2018 11:00:00 AM,2,1,0,36.140140,-86.879230,RUSSLEO DR,,,,0.00,,,CHARLOTTE PKE,,,,0.00,Y,T-Intersection,N,Intersection,None,,,         ,Curtis,Rich,Clear,Angle,no,no,no,no,no,False
102166605,METROPOLITAN NASHVILLE POLICE DEPT,20180841808,Davidson,Nashville,10/4/2018 8:45:00 AM,2,0,0,36.194730,-86.776170,I 65,,,,0.00,,,,,,,86.50,N,Not at Intersection, ,Entrance/Exit Ramp Related,None,,,         ,Royce,McLester,Clear,"Sideswipe, Same Direction",no,no,no,no,no,False
102166622,METROPOLITAN NASHVILLE POLICE DEPT,20180841950,Davidson,Nashville,10/4/2018 10:00:00 AM,3,3,0,36.215310,-86.775380,I 65,,,,0.00,,,,,,,88.00,N,Not at Intersection,N,Non-Junction,None,,,         ,Zachary,Goodall,Clear,Front to Rear,no,no,no,no,no,False
102166624,METROPOLITAN NASHVILLE POLICE DEPT,20180842164,Davidson,Nashville,10/4/2018 11:28:00 AM,2,0,0,36.119820,-86.775240,GALE LN,,,,118.00,Feet,South,FRANKLIN PKE,,,,0.00,N,Not at Intersection, ,Non-Junction,None,,,         ,Justin,Pinkelton,Clear,Other,no,no,no,no,no,False
102166625,METROPOLITAN NASHVILLE POLICE DEPT,20180842059,Davidson,Goodlettsville,10/4/2018 11:15:00 AM,2,0,0,36.302140,-86.692720,TWIN HILLS DR,,,,0.00,,,GALLATIN PKEN,,,,0.00,Y,T-Intersection, ,Intersection,None,,,         ,Jeremy,Stricklin,Clear,Angle,no,no,no,no,no,False
102166636,METROPOLITAN NASHVILLE POLICE DEPT,20180842190,Davidson,Nashville,10/4/2018 11:33:00 AM,2,0,0,36.149280,-86.857910,WHITE BRIDGE PKE,,,,312.00,Feet,North,LENOX AV,,,,0.00,N,Not at Intersection,N,Non-Junction,None,,,         ,Curtis,Rich,Clear,Angle,no,no,no,no,no,False
102166644,METROPOLITAN NASHVILLE POLICE DEPT,20180842127,Davidson,Not in City Limit,10/4/2018 11:28:00 AM,2,0,0,36.263910,-86.690300,STATE RT 45,,,,0.00,,,MYATT DR,,,,0.00,Y,Four-Way, ,Intersection,None,,,         ,Michelle,Steidl,Clear,"Sideswipe, Same Direction",no,no,no,no,no,False
102166662,METROPOLITAN NASHVILLE POLICE DEPT,20180842142,Davidson,Nashville,10/4/2018 11:40:00 AM,2,0,0,36.109550,-86.728560,THOMPSON LN,,,,157.00,Feet,West,BRILEY PKWYN,,,,0.00,N,Not at Intersection,N,Non-Junction,None,,,         ,Jessie,Meadows,Clear,Front to Rear,no,no,no,no,no,False
102166669,METROPOLITAN NASHVILLE POLICE DEPT,20180842159,Davidson,Nashville,10/4/2018 11:38:00 AM,2,0,0,36.156120,-86.802850,20TH AVN,,,,50.00,Feet,South,MURPHY AV,,,,0.00,N,Not at Intersection, ,Non-Junction,None,,,         ,Wesley,Carver,Clear,"Sideswipe, Same Direction",no,no,no,no,no,False
102166678,METROPOLITAN NASHVILLE POLICE DEPT,20180842097,Davidson,Nashville,10/4/2018 11:00:00 AM,1,0,0,36.124060,-86.744500,I 440,,,,0.00,,,,,,,6.60,N,Not at Intersection, ,Non-Junction,None,,,         ,Kevin,Coleman,Clear,Not Collision with Motor Vehicle in Transport,no,no,no,no,no,False
102166679,METROPOLITAN NASHVILLE POLICE DEPT,20180841480,Davidson,Nashville,10/4/2018 6:09:00 AM,4,2,0,36.171130,-86.767930,I 24,,,,0.00,,,,,,,48.40,N,Not at Intersection,N,Non-Junction,None,,,         ,Cody,O'Quinn,Clear,Front to Rear,no,no,no,no,no,False
102166693,METROPOLITAN NASHVILLE POLICE DEPT,20180842239,Davidson,Nashville,10/4/2018 12:20:00 PM,2,0,0,36.059820,-86.759200,TROUSDALE DR,,,,0.00,,,OAKLEY DR,,,,0.00,Y,Four-Way, ,Intersection,None,,,         ,Earl,Davis,Clear,Angle,no,no,no,no,no,False
102166694,METROPOLITAN NASHVILLE POLICE DEPT,20180842206,Davidson,Nashville,10/4/2018 11:45:00 AM,2,0,0,36.165790,-86.764220,I 24,,,,0.00,,,,,,,49.00,N,Not at Intersection,N,Non-Junction,None,,,         ,Reginald,Pierre-Paul,Clear,Front to Rear,no,no,no,no,yes,False