master_record_number,agency,agency_tracking_number,county,city,collision_date,vehicles_involved,number_injured,number_dead,latitude,longitude,roadway_name,roadway_suffix,roadway_number,roadway_local_id,distance_from_reference,miles-feet_indicator,direction_from_reference,intersection_road_name,intersection_road_name_suffix,intersection_road_number,intersection_local_id,mile_marker,intersection_indicator,intersect_type,interchange_related_indicator,relation_to_junction,work_zone_type,construction_maintenance_zone,construction_maintenance_zone_location,fatal_case_number,officer_first_name,officer_last_name,weather_condition(s),manner_of_crash,pedestrian,bicycle,scooter,parking,hitrun,mou
102166699,METROPOLITAN NASHVILLE POLICE DEPT,20180841680,Davidson,Nashville,10/4/2018 7:05:00 AM,2,0,0,36.230670,-86.771070,I 65,,,,0.00,,,,,,,89.00,N,Not at Intersection, ,Non-Junction,None,,,         ,Samuel,Kersten,Clear,Front to Rear,no,no,no,no,no,False
102166750,METROPOLITAN NASHVILLE POLICE DEPT,20180842214,Davidson,Not in City Limit,10/4/2018 12:14:00 PM,2,2,0,36.262740,-86.705080,E OLD HICKORY BLVD,,,,75.00,Feet,East,4TH AV,,,,0.00,N,Not at Intersection,N,Non-Junction,None,,,         ,Brian,Otto,Clear,"Sideswipe, Same Direction",no,no,no,no,no,False
102166751,METROPOLITAN NASHVILLE POLICE DEPT,20180842028,Davidson,Nashville,10/4/2018 10:38:00 AM,2,0,0,36.201820,-86.776600,I 65,,,,0.00,,,,,,,87.00,N,Not at Intersection,Y,Non-Junction,None,,,         ,Victor,Alexander,Clear,Front to Rear,no,no,no,no,no,False
102166824,METROPOLITAN NASHVILLE POLICE DEPT,20180842443,Davidson,Nashville,10/4/2018 1:44:00 PM,2,0,0,36.162990,-86.761780,I 24,,,,0.00,,,,,,,49.25,N,Not at Intersection, ,Non-Junction,None,,,         ,David,Collins,Clear,"Sideswipe, Same Direction",no,no,no,no,no,False
102166825,METROPOLITAN NASHVILLE POLICE DEPT,20180842340,Davidson,Nashville,10/4/2018 12:58:00 PM,2,0,0,36.089070,-86.649990,MURFREESBORO PKE,,,,0.00,,,RANSOM PL,,,,0.00,Y,Four-Way,N,Intersection,None,,,         ,Terry,Denton,Clear,Front to Rear,no,no,no,no,no,False
102166826,METROPOLITAN NASHVILLE POLICE DEPT,20180842391,Davidson,Nashville,10/4/2018 1:22:00 PM,2,1,0,36.153860,-86.763620,I 40,,,,0.00,,,,,,,210.80,N,Not at Intersection,N,Non-Junction,None,,,         ,Tony,Folad,Clear,"Sideswipe, Same Direction",no,no,no,no,no,False
102166839,METROPOLITAN NASHVILLE POLICE DEPT,20180842194,Davidson,Nashville,10/4/2018 12:03:00 PM,2,0,0,36.122910,-86.717480,EAST THOMPSON LN,,,,216.00,Feet,North,LAWNDALE DR,,,,0.00,N,Not at Intersection,N,Non-Junction,Work Zone,Laneclosure,Activity Area,         ,Amy,Hirschmann,Clear,Angle,no,no,no,no,no,False
102166867,VANDERBILT UNIVERSITY POLICE,2018-0842319,Davidson,Nashville,10/4/2018 12:16:00 PM,1,0,0,36.140010,-86.803420,PIERCE AV,,,,0.00,,,,,,,0.00,,, ,Non-Junction,None,,,         ,Casey,Campbell,Clear,Not Collision with Motor Vehicle in Transport,no,no,no,yes,no,Campus
102166905,METROPOLITAN NASHVILLE POLICE DEPT,20180842450,Davidson,Antioch,10/4/2018 1:40:00 PM,2,2,0,36.047840,-86.612050,MURFREESBORO PKE,,,,1284.00,Feet,North,MOUNTAIN SPRINGS RD,,,,0.00,N,Not at Intersection,N,Non-Junction,None,,,         ,Jessie,Meadows,Clear,Angle,no,no,no,no,no,False
102166907,METROPOLITAN NASHVILLE POLICE DEPT,20180842534,Davidson,Nashville,10/4/2018 2:35:00 PM,1,2,0,36.219020,-86.747400,ELLINGTON PKWYS,,,,251.00,Feet,North,ELLINGTON PKWY S EXT RAMP,,,,0.00,N,Not at Intersection,N,Non-Junction,None,,,         ,Amanda,Fox,Clear,Not Collision with Motor Vehicle in Transport,no,no,no,no,yes,False
102166920,METROPOLITAN NASHVILLE POLICE DEPT,20180840961,Davidson,Nashville,10/3/2018 11:50:00 PM,2,1,0,36.176510,-86.769720,SPRING ST,,,,0.00,,,I24 W EXT RAMP,,,,0.00,Y,T-Intersection,N,Intersection,None,,,         ,Brandon,O'Guin,Clear,Angle,no,no,no,no,no,False
102166933,METROPOLITAN NASHVILLE POLICE DEPT,20180842702,Davidson,Nashville,10/4/2018 12:00:00 AM,2,0,0,36.172380,-86.812140,UNDERWOOD ST,,,,179.00,Feet,West,22ND AVN,,,,0.00,N,Not at Intersection, ,Non-Junction,None,,,         ,Melvin,Taylor,Clear,Front to Rear,no,no,no,no,yes,False
102166943,METROPOLITAN NASHVILLE POLICE DEPT,20180842681,Davidson,Nashville,10/4/2018 3:34:00 PM,2,0,0,36.042310,-86.831350,OLD HICKORY BLVD,,,,104.00,Feet,East,BRIDLEWOOD LN,,,,0.00,N,Not at Intersection,N,Non-Junction,None,,,         ,Nicholas,Carroll,Clear,Front to Rear,no,no,no,no,no,False
102166945,METROPOLITAN NASHVILLE POLICE DEPT,20180842678,Davidson,Nashville,10/4/2018 2:50:00 PM,2,1,0,36.088890,-86.649890,MURFREESBORO PKE,,,,73.00,Feet,South,RANSOM PL,,,,0.00,N,Not at Intersection,N,Non-Junction,None,,,         ,Brady,Reynolds,Clear,Front to Rear,no,no,no,no,no,False
102166950,METROPOLITAN NASHVILLE POLICE DEPT,20180842689,Davidson,Nashville,10/4/2018 3:30:00 PM,3,0,0,36.158230,-86.791050,I 40,,,,0.00,,,,,,,209.00,N,Not at Intersection, ,Non-Junction,None,,,         ,Steven,Fisher,Clear,Front to Rear,no,no,no,no,no,False
102166962,METROPOLITAN NASHVILLE POLICE DEPT,20180842642,Davidson,Nashville,10/4/2018 3:14:00 PM,2,1,0,36.160170,-86.760490,I 24,,,,0.00,,,,,,,49.45,N,Not at Intersection,Y,Non-Junction,None,,,         ,Jonathan,Nicholson,Clear,Front to Rear,no,no,no,no,no,False
102166974,METROPOLITAN NASHVILLE POLICE DEPT,20180842794,Davidson,Nashville,10/4/2018 12:00:00 AM,2,0,0,36.202440,-86.869470,BRILEY PKWYS,,,,1328.00,Feet,South,BRILEY PKWYN,,,,0.00,N,Not at Intersection, ,Non-Junction,None,,,         ,Melvin,Taylor,Clear,"Sideswipe, Same Direction",no,no,no,no,yes,False
102166977,GOODLETTSVILLE POLICE DEPT,18-35107,Davidson,Goodlettsville,10/4/2018 7:20:00 AM,3,0,0,36.298050,-86.713560,I 65,,,,0.00,,,,,,,95.00,N,Not at Intersection,N,Non-Junction,None,,,         ,Charles,Hauskin,Clear,Front to Rear,no,no,no,no,no,False
102166996,METROPOLITAN NASHVILLE POLICE DEPT,20180842746,Davidson,Nashville,10/4/2018 3:39:00 PM,2,0,0,36.153730,-86.756820,I 40,,,,0.00,,,,,,,211.15,N,Not at Intersection, ,Non-Junction,None,,,         ,Jonathan,Nicholson,Clear,"Sideswipe, Same Direction",no,no,no,no,no,False
102167005,METROPOLITAN NASHVILLE POLICE DEPT,20180842903,Davidson,Nashville,10/4/2018 5:01:00 PM,2,0,0,36.152120,-86.765440,UNIVERSITY CT,,,,114.00,Feet,South,CARROLL ST,,,,0.00,N,Not at Intersection,N,Non-Junction,None,,,         ,Leonard,Spadavecchia,Clear,"Sideswipe, Opposite Direction",no,no,no,no,yes,False
102167023,METROPOLITAN NASHVILLE POLICE DEPT,20180842799,Davidson,Nashville,10/4/2018 4:19:00 PM,2,1,0,36.111890,-86.771590,I 65,,,,0.00,,,,,,,79.90,N,Not at Intersection, ,Non-Junction,None,,,         ,Richard,Luellen,Clear,Front to Rear,no,no,no,no,no,False
102167030,METROPOLITAN NASHVILLE POLICE DEPT,20180842904,Davidson,Nashville,10/4/2018 5:01:00 PM,2,0,0,36.162940,-86.788760,CHARLOTTE AV,,,,97.00,Feet,East,GULCH GRNWY,,,,0.00,N,Not at Intersection, ,Non-Junction,None,,,         ,Roy,Sain Jr.,Clear,"Sideswipe, Opposite Direction",no,no,no,no,yes,False
102167032,METROPOLITAN NASHVILLE POLICE DEPT,20180842798,Davidson,Nashville,10/4/2018 3:35:00 PM,2,0,0,36.081620,-86.919240,OLD HICKORY BLVD,,,,0.00,Feet,,BELLE FOREST CONDOS PVTDR,,,,0.00,Y,T-Intersection, ,Intersection,None,,,         ,John,Hoesli,Clear,Angle,no,no,no,no,no,False
102167033,METROPOLITAN NASHVILLE POLICE DEPT,20180842870,Davidson,Nashville,10/4/2018 4:43:00 PM,2,0,0,36.151840,-86.791620,MUSIC SQE,,,,0.00,,,DIVISION ST,,,,0.00,Y,Roundabout, ,Non-Junction,None,,,         ,Eric,Burford,Clear,Angle,no,no,no,no,no,False
102167043,METROPOLITAN NASHVILLE POLICE DEPT,20180842924,Davidson,Nashville,10/4/2018 4:38:00 PM,3,0,0,36.253890,-86.733730,S GRAYCROFT AV,,,,352.00,Feet,South,CHADWELL DR,,,,0.00,N,Not at Intersection,N,Non-Junction,None,,,         ,Peter,Vaught,Clear,Front to Rear,no,no,no,no,no,False
102167045,METROPOLITAN NASHVILLE POLICE DEPT,20180842631,Davidson,Nashville,10/4/2018 3:12:00 PM,2,0,0,36.148360,-86.745310,I40 W ENT RAMP,,,,0.00,Feet,East,I 40,,,,0.00,N,Not at Intersection,N,Non-Junction,None,,,         ,Samuel,Sundra,Clear,"Sideswipe, Same Direction",no,no,no,no,no,False
102167046,METROPOLITAN NASHVILLE POLICE DEPT,20180842950,Davidson,Nashville,10/4/2018 5:12:00 PM,1,1,0,36.143180,-86.886280,MARAUDER DR,,,,0.00,,,,,,,0.00,,,N,Non-Junction,None,,,         ,John,Hoesli,Clear,Not Collision with Motor Vehicle in Transport,yes,no,no,no,no,False
102167048,METROPOLITAN NASHVILLE POLICE DEPT,20180842937,Davidson,Nashville,10/4/2018 4:59:00 PM,2,0,0,36.168450,-86.687690,LEBANON PKE,,,,81.00,Feet,East,BRILEY PKWY N ENT RAMP,,,,0.00,N,Not at Intersection, ,Non-Junction,None,,,         ,Tony,Mingsing,Clear,Front to Rear,no,no,no,no,no,False
102167049,METROPOLITAN NASHVILLE POLICE DEPT,20180842896,Davidson,Nashville,10/4/2018 4:56:00 PM,2,0,0,36.188240,-86.797110,DOMINICAN DR,,,,83.00,Feet,West,FRENCH LANDING DR,,,,0.00,N,Not at Intersection,N,Non-Junction,None,,,         ,Kayla,Castro,Clear,Angle,no,no,no,no,no,False
102167062,METROPOLITAN NASHVILLE POLICE DEPT,20180842963,Davidson,Nashville,10/4/2018 5:22:00 PM,3,1,0,36.077350,-86.766370,I 65,,,,0.00,,,,,,,77.50,N,Not at Intersection,N,Non-Junction,None,,,         ,Nicholas,Carroll,Clear,Front to Rear,no,no,no,no,no,False
102167069,METROPOLITAN NASHVILLE POLICE DEPT,20180843045,Davidson,Nashville,10/4/2018 5:50:00 PM,2,0,0,36.193670,-86.775560,I 24,,,,0.00,,,,,,,46.65,N,Not at Intersection,N,Non-Junction,None,,,         ,Kevin,Clausius,Clear,Front to Rear,no,no,no,no,no,False
102167073,METROPOLITAN NASHVILLE POLICE DEPT,20180842913,Davidson,Nashville,10/4/2018 4:10:00 PM,2,0,0,36.150320,-86.698100,ELM HILL PKE,,,,71.00,Feet,West,AIR LANE DR,,,,0.00,N,Not at Intersection, ,Non-Junction,None,,,         ,Darci,Stechman,Clear,Front to Rear,no,no,no,no,yes,False
102167074,METROPOLITAN NASHVILLE POLICE DEPT,20180843049,Davidson,Nashville,10/4/2018 5:53:00 PM,2,0,0,36.127020,-86.709000,THOMPSON PL,,,,630.00,Feet,East,MURFREESBORO PKE,,,,0.00,N,Not at Intersection, ,,None,,,         ,Seth,Vaughn,,,no,no,no,no,no,False
102167075,METROPOLITAN NASHVILLE POLICE DEPT,20180842883,Davidson,Nashville,10/4/2018 4:45:00 PM,2,0,0,36.186270,-86.608960,ANDREW JACKSON PKWY,,,,244.00,Feet,South,JACKSON PASS,,,,0.00,N,Not at Intersection, ,Non-Junction,None,,,         ,Jessica,Johann,Clear,Front to Rear,no,no,no,no,no,False
102167076,METROPOLITAN NASHVILLE POLICE DEPT,20180843112,Davidson,Nashville,10/4/2018 5:25:00 PM,2,0,0,36.217690,-86.775100,I 65,,,,0.00,,,,,,,88.10,N,Not at Intersection, ,,None,,,         ,Riley,Brewer,,,no,no,no,no,no,False
102167080,METROPOLITAN NASHVILLE POLICE DEPT,20180842768,Davidson,Antioch,10/4/2018 1:40:00 PM,2,0,0,36.018470,-86.619500,OLD HICKORY BLVD,,,,76.00,Feet,North,OWEN DR,,,,0.00,N,Not at Intersection, ,Non-Junction,None,,,         ,Ian,Swander,Clear,Front to Rear,no,no,no,no,no,False
102167083,METROPOLITAN NASHVILLE POLICE DEPT,20180843036,Davidson,Nashville,10/4/2018 5:00:00 PM,2,0,0,36.153320,-86.853030,I 40,,,,0.00,,,,,,,204.25,N,Not at Intersection,N,Non-Junction,None,,,         ,Torian,Cox,Clear,Front to Rear,no,no,no,no,no,False
102167084,METROPOLITAN NASHVILLE POLICE DEPT,20180842995,Davidson,Nashville,10/4/2018 5:35:00 PM,2,0,0,36.115880,-86.774920,I 440,,,,0.00,,,,,,,4.80,N,Not at Intersection, ,,None,,,         ,FELIKS,ABRAHAMYAN,,,no,no,no,no,no,False
102167085,METROPOLITAN NASHVILLE POLICE DEPT,20180842577,Davidson,Nashville,10/4/2018 2:38:00 PM,2,0,0,36.248600,-86.684060,NEELYS BEND RD,,,,79.00,Feet,West,SANITARIUM RD,,,,0.00,N,Not at Intersection, ,Non-Junction,None,,,         ,Christopher,Littles,Clear,Front to Rear,no,no,no,no,no,False
102167086,METROPOLITAN NASHVILLE POLICE DEPT,20180842600,Davidson,Nashville,10/4/2018 3:08:00 PM,1,2,0,36.246230,-86.721440,GALLATIN PKES,,,,150.00,Feet,South,BERKLEY DR,,,,0.00,N,Not at Intersection,N,OtherLocation,None,,,         ,Christopher,Littles,Clear,Not Collision with Motor Vehicle in Transport,no,no,no,no,no,False
102167087,METROPOLITAN NASHVILLE POLICE DEPT,20180842727,Davidson,Not in City Limit,10/4/2018 3:48:00 PM,3,5,0,36.265490,-86.739870,OLD HICKORY BLVDW,,,,0.00,,,I65 S EXT RAMP,,,,0.00,Y,T-Intersection,N,Entrance/Exit Ramp Related,None,,,         ,Christopher,Littles,Clear,Angle,no,no,no,no,no,False
102167088,METROPOLITAN NASHVILLE POLICE DEPT,20180842965,Davidson,Nashville,10/4/2018 5:20:00 PM,2,0,0,36.170810,-86.601630,I40 W ENT RAMP,,,,0.00,Feet,East,I 40,,,,0.00,N,Not at Intersection,N,Non-Junction,None,,,         ,Marvis,Malone,Clear,Angle,no,no,no,no,no,False
102167090,METROPOLITAN NASHVILLE POLICE DEPT,20180842872,Davidson,Nashville,10/4/2018 4:36:00 PM,2,0,0,36.109450,-86.727660,BRILEY PKWYS,,,,115.00,Feet,East,BRILEY PKWYN,,,,0.00,N,Not at Intersection, ,Non-Junction,None,,,         ,Andrew,Brazee,Clear,"Sideswipe, Same Direction",no,no,no,no,no,False
102167104,METROPOLITAN NASHVILLE POLICE DEPT,20180843200,Davidson,Nashville,10/4/2018 7:06:00 PM,2,0,0,36.185970,-86.629010,CENTRAL PKE,,,,548.00,Feet,West,STONERS BEND DR,,,,0.00,N,Not at Intersection, ,Non-Junction,None,,,         ,Jessica,Johann,Clear,Angle,no,no,no,no,no,False
102167105,METROPOLITAN NASHVILLE POLICE DEPT,20180843186,Davidson,Nashville,10/4/2018 7:03:00 PM,2,0,0,36.158890,-86.782110,8TH AVS,,,,0.00,,,BROADWAY,,,,0.00,Y,Four-Way, ,,None,,,         ,Jonathan,Nicholson,,,no,no,no,no,no,False
102167108,METROPOLITAN NASHVILLE POLICE DEPT,20180843083,Davidson,Nashville,10/4/2018 6:05:00 PM,3,1,0,36.115290,-86.824500,WOODMONT BLVD,,,,135.00,Feet,East,WIMBLEDON RD,,,,0.00,N,Not at Intersection,N,Non-Junction,None,,,         ,Joshua,Asbell,Clear,Front to Rear,no,no,no,no,no,False
102167131,METROPOLITAN NASHVILLE POLICE DEPT,20180843142,Davidson,Nashville,10/4/2018 6:37:00 PM,2,0,0,36.153620,-86.794750,WEST END AV,,,,117.00,Feet,West,17TH AVS,,,,0.00,N,Not at Intersection,N,Non-Junction,None,,,         ,Gary,Peters,Clear,Front to Rear,no,no,no,no,no,False
102167133,METROPOLITAN NASHVILLE POLICE DEPT,20180843231,Davidson,Nashville,10/4/2018 7:09:00 PM,2,0,0,36.143800,-86.666680,DONELSON PKE,,,,518.00,Feet,South,SHACKLETT DR,,,,0.00,N,Not at Intersection, ,,None,,,         ,Trenton,Searcy,,,no,no,no,yes,no,False
102167137,METROPOLITAN NASHVILLE POLICE DEPT,20180842818,Davidson,Nashville,10/4/2018 4:27:00 PM,1,1,0,36.111190,-86.751800,THOMPSON LN,,,,508.00,Feet,East,FOSTER CREIGHTON DR,,,,0.00,N,Not at Intersection,N,Non-Junction,None,,,         ,Brandon,Hughes,Clear,Not Collision with Motor Vehicle in Transport,no,no,no,no,no,False
102167138,METROPOLITAN NASHVILLE POLICE DEPT,20180843160,Davidson,Nashville,10/4/2018 6:49:00 PM,2,0,0,36.024250,-86.712880,NOLENSVILLE PKE,,,,202.00,Feet,North,PORTER HOUSE DR,,,,0.00,N,Not at Intersection,N,Non-Junction,None,,,         ,Brandon,Hughes,Clear,"Sideswipe, Opposite Direction",no,no,no,no,no,False
102167144,METROPOLITAN NASHVILLE POLICE DEPT,20180843208,Davidson,Nashville,10/4/2018 12:00:00 AM,2,0,0,36.235060,-86.796820,CREEKBEND DR,,,,150.00,Feet,West,VISTA LN,,,,0.00,N,Not at Intersection, ,Non-Junction,None,,,         ,Melvin,Taylor,Clear,"Sideswipe, Same Direction",no,no,no,no,no,False
102167150,METROPOLITAN NASHVILLE POLICE DEPT,20180843085,Davidson,Nashville,10/4/2018 6:19:00 PM,3,0,0,36.068770,-86.716400,HAYWOOD LN,,,,35.00,Feet,West,HOPEDALE DR,,,,0.00,N,Not at Intersection, ,Non-Junction,None,,,         ,Alberta,Auguste,Clear,Front to Rear,no,no,no,no,no,False
102167151,METROPOLITAN NASHVILLE POLICE DEPT,20180843243,Davidson,Nashville,10/4/2018 7:18:00 PM,3,0,0,36.133180,-86.726880,I24E,,,,75.00,Feet,East,I24 W EXT RAMP,,,,0.00,N,Not at Intersection, ,Entrance/Exit Ramp Related,None,,,         ,Andrew,Brazee,Clear,Front to Rear,no,no,no,no,no,False
102167157,METROPOLITAN NASHVILLE POLICE DEPT,20180843184,Davidson,Nashville,10/4/2018 7:53:00 PM,2,0,0,36.040620,-86.771300,OLD HICKORY BLVD,,,,67.00,Feet,West,SEVEN SPRINGS WAY PVTDR,,,,0.00,N,Not at Intersection, ,Non-Junction,None,,,         ,Ryan,Coll,Clear,Front to Rear,no,no,no,no,no,False
102167160,METROPOLITAN NASHVILLE POLICE DEPT,20180843177,Davidson,Nashville,10/4/2018 12:00:00 AM,2,0,0,36.083260,-86.725610,WELCH RD,,,,22.00,Feet,West,TRAVIS DR,,,,0.00,N,Not at Intersection,N,Non-Junction,None,,,         ,Ryan,Sherry,Clear,Unknown,no,no,no,yes,yes,False
102167164,METROPOLITAN NASHVILLE POLICE DEPT,20180843451,Davidson,Nashville,10/4/2018 12:00:00 AM,2,0,0,36.182230,-86.797440,ROSA L PARKS BLVD,,,,59.00,Feet,South,BUCHANAN ST,,,,0.00,N,Not at Intersection, ,Non-Junction,None,,,         ,Melvin,Taylor,Clear,Front to Rear,no,no,no,no,yes,False
102167178,METROPOLITAN NASHVILLE POLICE DEPT,20180843313,Davidson,Nashville,10/4/2018 7:27:00 PM,2,0,0,36.139540,-86.746530,FESSLERS LN,,,,0.00,Feet,East,ENOS REED DR,,,,0.00,N,Not at Intersection, ,Non-Junction,None,,,         ,Aimee,Ortiz,Clear,"Sideswipe, Same Direction",no,no,no,no,no,False
102167188,METROPOLITAN NASHVILLE POLICE DEPT,20180842987,Davidson,Nashville,10/4/2018 5:27:00 PM,2,0,0,36.164950,-86.776090,1ST AVN,,,,0.00,,,GAY ST,,,,0.00,Y,Four-Way, ,Non-Junction,None,,,         ,Michael,Douglas,Clear,Front to Rear,no,no,no,no,yes,False
102167199,METROPOLITAN NASHVILLE POLICE DEPT,20180843046,Davidson,Nashville,10/4/2018 6:00:00 PM,2,0,0,36.154540,-86.779230,8TH AVS,,,,37.00,Feet,South,LAFAYETTE ST,,,,0.00,N,Not at Intersection, ,Non-Junction,None,,,         ,Brandon,O'Guin,Clear,Angle,no,no,no,no,no,False
102167200,METROPOLITAN NASHVILLE POLICE DEPT,20180842568,Davidson,Nashville,10/4/2018 2:20:00 PM,2,0,0,36.146480,-86.809370,WEST END AV,,,,145.00,Feet,East,NATCHEZ TRC,,,,0.00,N,Not at Intersection, ,Non-Junction,Construction Zone,,,         ,Akira,McSwain,Clear,"Sideswipe, Same Direction",no,no,no,no,no,Campus
102167201,METROPOLITAN NASHVILLE POLICE DEPT,20180842796,Davidson,Nashville,10/4/2018 4:13:00 PM,4,0,0,36.128850,-86.772990,I 65,,,,0.00,,,,,,,81.00,N,Not at Intersection,N,Non-Junction,None,,,         ,Akira,McSwain,Clear,"Sideswipe, Same Direction",no,no,no,no,yes,False
102167202,METROPOLITAN NASHVILLE POLICE DEPT,20180843024,Davidson,Nashville,10/4/2018 5:00:00 PM,2,0,0,36.155010,-86.812060,25TH AVN,,,,100.00,Feet,South,CHARLOTTE AV,,,,0.00,N,Not at Intersection, ,,None,,,         ,Akira,McSwain,,,no,no,no,no,no,False
102167203,METROPOLITAN NASHVILLE POLICE DEPT,20180843164,Davidson,Nashville,10/4/2018 5:29:00 PM,2,0,0,36.141410,-86.790960,15TH AVS,,,,349.00,Feet,North,HORTON AV,,,,0.00,N,Not at Intersection, ,,None,,,         ,Akira,McSwain,,,no,no,no,no,no,False
102167234,METROPOLITAN NASHVILLE POLICE DEPT,20180843505,Davidson,Nashville,10/4/2018 9:19:00 PM,2,0,0,36.079230,-86.727410,HARDING PL,,,,351.00,Feet,West,NOLENSVILLE PKE,,,,0.00,N,Not at Intersection, ,Non-Junction,None,,,         ,Ryan,Coll,Clear,Front to Rear,no,no,no,no,no,False
102167263,METROPOLITAN NASHVILLE POLICE DEPT,20180843272,Davidson,Not in City Limit,10/4/2018 7:34:00 PM,2,0,0,36.263090,-86.690490,E OLD HICKORY BLVD,,,,0.00,,,MYATT DR,,,,0.00,Y,Four-Way,N,Intersection,None,,,         ,Christopher,Littles,Clear,Angle,no,no,no,no,yes,False
102167264,METROPOLITAN NASHVILLE POLICE DEPT,20180843317,Davidson,Nashville,10/4/2018 7:42:00 PM,2,0,0,36.240740,-86.757370,DICKERSON PKE,,,,0.00,,,BRILEY PKWY E EXT RAMP,,,,0.00,Y,T-Intersection,N,Entrance/Exit Ramp Related,None,,,         ,Christopher,Littles,Clear,Angle,no,no,no,no,no,False
102167271,METROPOLITAN NASHVILLE POLICE DEPT,20180843018,Davidson,Nashville,10/4/2018 5:30:00 PM,2,0,0,36.183610,-86.639290,LEBANON PKE,,,,1026.00,Feet,West,JACKSON DOWNS BLVD,,,,0.00,N,Not at Intersection, ,Non-Junction,None,,,         ,Allyson,Reis,Clear,Front to Rear,no,no,no,no,no,False
102167272,METROPOLITAN NASHVILLE POLICE DEPT,20180843134,Davidson,Nashville,10/4/2018 4:45:00 PM,2,0,0,36.152470,-86.682290,ELM HILL PKE,,,,354.00,Feet,East,MCGAVOCK PKE,,,,0.00,N,Not at Intersection, ,Non-Junction,None,,,         ,Allyson,Reis,Clear,Front to Rear,no,no,no,no,no,False
102167285,METROPOLITAN NASHVILLE POLICE DEPT,20180843011,Davidson,Nashville,10/4/2018 5:33:00 PM,2,0,0,36.142900,-86.685000,MCGAVOCK PKE,,,,8.00,Feet,South,KNIGHTS OF COLUMBUS BLVD,,,,0.00,N,Not at Intersection, ,Non-Junction,None,,,         ,Dontaveous,Eubanks,Clear,Front to Rear,no,no,no,no,no,False
102167286,METROPOLITAN NASHVILLE POLICE DEPT,20180843551,Davidson,Nashville,10/4/2018 9:42:00 PM,2,0,0,36.066560,-86.636650,MORRIS GENTRY BLVD,,,,0.00,Feet,East,BELL RD,,,,0.00,N,Not at Intersection,N,Non-Junction,None,,,         ,Andrew,Brazee,Clear,Front to Rear,no,no,no,no,no,False
102167297,METROPOLITAN NASHVILLE POLICE DEPT,20180843473,Davidson,Nashville,10/4/2018 8:58:00 PM,1,1,0,36.231450,-86.762340,OAK VALLEY DR,,,,0.00,Feet,East,OAK RIDGE DR,,,,0.00,N,Not at Intersection,N,Non-Junction,None,,,         ,Jessica,Scott,Clear,Not Collision with Motor Vehicle in Transport,no,no,no,no,no,False
102167298,METROPOLITAN NASHVILLE POLICE DEPT,20180843442,Davidson,Nashville,10/4/2018 7:11:00 PM,2,0,0,36.193930,-86.622380,LEBANON PKE,,,,575.00,Feet,East,JUAREZ DR,,,,0.00,N,Not at Intersection, ,Non-Junction,None,,,         ,Zachariah,Bush,Clear,Rear to Rear,no,no,no,yes,yes,False
102167315,METROPOLITAN NASHVILLE POLICE DEPT,20180843583,Davidson,Nashville,10/4/2018 10:00:00 PM,2,2,0,36.121690,-86.805910,I440 E ENT RAMP,,,,0.00,Feet,East,I 440,,,,0.00,N,Not at Intersection,N,Entrance/Exit Ramp Related,None,,,         ,Akira,McSwain,Clear,Not Collision with Motor Vehicle in Transport,no,no,no,no,no,False
102167336,Nashville Airport Police,2018-03993,Davidson,Nashville,10/4/2018 2:25:00 PM,2,0,0,36.132800,-86.668800,TERMINAL DR,,,,1305.00,Feet,South,AIRPORT SERVICE RD,,,,0.00,N,Not at Intersection, ,Non-Junction,None,,,         ,Nathan,Holt,Clear,"Sideswipe, Same Direction",no,no,no,yes,no,False
102167349,METROPOLITAN NASHVILLE POLICE DEPT,20180843065,Davidson,Nashville,10/4/2018 6:08:00 PM,2,1,0,36.141530,-86.671100,I 40,,,,0.00,,,,,,,215.00,N,Not at Intersection,N,Non-Junction,None,,,         ,Dontaveous,Eubanks,Clear,Front to Rear,no,no,no,no,yes,False
102167350,METROPOLITAN NASHVILLE POLICE DEPT,20180843690,Davidson,Nashville,10/4/2018 12:00:00 AM,2,0,0,36.176020,-86.785290,3RD AVN,,,,4.00,Feet,South,MADISON ST RAMP,,,,0.00,N,Not at Intersection,N,Non-Junction,None,,,         ,Ian,Ward,Clear,Unknown,no,no,no,yes,yes,False
102167351,METROPOLITAN NASHVILLE POLICE DEPT,20180842747,Davidson,Not in City Limit,10/4/2018 12:00:00 AM,2,1,0,36.262620,-86.775910,BRICK CHURCH PKE,,,,0.00,,,BELLSHIRE DR,,,,0.00,Y,T-Intersection,N,Intersection,None,,,         ,Joel,Callies,Clear,Angle,no,no,no,no,no,False
102167353,Nashville Airport Police,2018-03998,Davidson,Nashville,10/4/2018 4:43:00 PM,2,0,0,36.116700,-86.668180,DONELSON PKE,,,,0.00,,,HANGAR LN,,,,0.00,Y,Four-Way,Y,Intersection,None,,,         ,Nathan,Holt,Clear,Front to Rear,no,no,no,no,no,False
102167380,METROPOLITAN NASHVILLE POLICE DEPT,20180843924,Davidson,Nashville,10/5/2018 12:45:00 AM,2,0,0,36.248600,-86.728630,DUE WEST AVW,,,,0.00,,,SAUNDERS AV,,,,0.00,Y,Four-Way,Y,Intersection,None,,,         ,Bryant,Presley,Clear,Angle,no,no,no,no,no,False