master_record_number,agency,agency_tracking_number,county,city,collision_date,vehicles_involved,number_injured,number_dead,latitude,longitude,roadway_name,roadway_suffix,roadway_number,roadway_local_id,distance_from_reference,miles-feet_indicator,direction_from_reference,intersection_road_name,intersection_road_name_suffix,intersection_road_number,intersection_local_id,mile_marker,intersection_indicator,intersect_type,interchange_related_indicator,relation_to_junction,work_zone_type,construction_maintenance_zone,construction_maintenance_zone_location,fatal_case_number,officer_first_name,officer_last_name,weather_condition(s),manner_of_crash,pedestrian,bicycle,scooter,parking,hitrun,mou
102167405,METROPOLITAN NASHVILLE POLICE DEPT,20180844234,Davidson,Not in City Limit,10/5/2018 3:50:00 AM,1,0,0,36.279760,-86.779760,OLD HICKORY BLVD,,,,1115.00,Feet,East,BRICK CHURCH PKE,,,,0.00,,Not at Intersection,N,Non-Junction,None,,,         ,Bryant,Presley,Clear,Not Collision with Motor Vehicle in Transport,no,no,no,no,no,False
102167418,METROPOLITAN NASHVILLE POLICE DEPT,20180843917,Davidson,Nashville,10/5/2018 12:40:00 AM,2,0,0,36.158330,-86.783400,BROADWAY,,,,0.00,,,9TH AVS,,,,0.00,Y,Four-Way,Y,Intersection,None,,,         ,Billy,Price,Clear,Front to Rear,no,no,no,no,no,False
102167430,METROPOLITAN NASHVILLE POLICE DEPT,20180844015,Davidson,Nashville,10/4/2018 11:30:00 PM,1,0,0,36.175190,-86.594630,TULIP GROVE RD,,,,227.00,Feet,South,ROCKWOOD DR,,,,0.00,N,Not at Intersection,N,Non-Junction,None,,,         ,Patrick,Lancaster,Clear,Not Collision with Motor Vehicle in Transport,no,no,no,no,no,False
102167506,METROPOLITAN NASHVILLE POLICE DEPT,20180842498,Davidson,Nashville,10/4/2018 2:10:00 PM,2,0,0,36.147790,-86.806750,WEST END AV,,,,96.00,Feet,West,24TH AVN,,,,0.00,N,Not at Intersection,N,Non-Junction,None,,,         ,Michael,McCord,Clear,"Sideswipe, Same Direction",no,no,no,no,yes,Campus
102167521,METROPOLITAN NASHVILLE POLICE DEPT,20180844380,Davidson,Antioch,10/5/2018 5:48:00 AM,3,2,0,36.050260,-86.614520,MURFREESBOR0,PIKE,,,0.00,,,PIN HOOK,RD,,,0.00,Y,Four-Way,N,Intersection,None,,,         ,Robert,Erickson,Clear,Angle,no,no,no,no,no,False
102167561,METROPOLITAN NASHVILLE POLICE DEPT,20180844536,Davidson,Nashville,10/5/2018 7:06:00 AM,2,2,0,36.211490,-86.797580,W NOCTURNE DR,,,,0.00,,,E NOCTURNE DR,,,,0.00,Y,Four-Way,N,Intersection,None,,,         ,Royce,McLester,Clear,"Sideswipe, Opposite Direction",no,no,no,no,yes,False
102167567,METROPOLITAN NASHVILLE POLICE DEPT,20180844582,Davidson,Nashville,10/5/2018 7:43:00 AM,2,1,0,36.176090,-86.766340,ELLINGTON PKWYS,,,,0.00,,,SPRING ST,,,,0.00,Y,OTHER, ,Intersection-Related,None,,,         ,Doyle,Price,Clear,Front to Rear,no,no,no,no,no,False
102167568,METROPOLITAN NASHVILLE POLICE DEPT,20180844602,Davidson,Antioch,10/5/2018 6:56:00 AM,2,0,0,36.045250,-86.609100,MURFREESBORO PKE,,,,0.00,,,MOUNTAIN SPRINGS RD,,,,0.00,Y,T-Intersection,N,Non-Junction,None,,,         ,Steven,Williams,Clear,Angle,no,no,no,no,no,False
102167573,METROPOLITAN NASHVILLE POLICE DEPT,20180844546,Davidson,Nashville,10/5/2018 7:29:00 AM,3,1,0,36.182860,-86.640250,LEBANON PKE,,,,547.00,Feet,East,DOWNEYMEADE DR,,,,0.00,N,Not at Intersection,N,Non-Junction,None,,,         ,Alex,DiBernardo,Clear,Front to Rear,no,no,no,no,no,False
102167576,METROPOLITAN NASHVILLE POLICE DEPT,20180844451,Davidson,Antioch,10/5/2018 6:37:00 AM,3,1,0,36.047660,-86.611850,MURFREESBORO PKE,,,,1196.00,Feet,North,MOUNTAIN SPRINGS RD,,,,0.00,N,Not at Intersection,N,Non-Junction,None,,,         ,Ryan,Howard,Clear,Front to Rear,no,no,no,no,no,False
102167587,METROPOLITAN NASHVILLE POLICE DEPT,20180844601,Davidson,Nashville,10/5/2018 7:52:00 AM,2,0,0,36.144240,-86.697100,I 40,,,,0.00,,,,,,,214.90,N,Not at Intersection,Y,Entrance/Exit Ramp Related,None,,,         ,Jason,Thomas,Cloudy,"Sideswipe, Same Direction",no,no,no,no,yes,False
102167588,METROPOLITAN NASHVILLE POLICE DEPT,20180844460,Davidson,Nashville,10/5/2018 6:31:00 AM,2,1,0,36.166730,-86.779780,CHARLOTTE AV,,,,115.00,Feet,West,3RD AVN,,,,0.00,N,Not at Intersection,N,OtherLocation,None,,,         ,Frank,Campbell,Clear,Angle,no,no,no,no,no,False
102167604,METROPOLITAN NASHVILLE POLICE DEPT,20180844746,Davidson,Nashville,10/5/2018 8:48:00 AM,2,1,0,36.042200,-86.831880,OLD HICKORY BLVD,,,,55.00,Feet,West,BRIDLEWOOD LN,,,,0.00,N,Not at Intersection,N,Non-Junction,None,,,         ,Earl,Davis,Clear,Front to Rear,no,no,no,no,no,False
102167605,METROPOLITAN NASHVILLE POLICE DEPT,20180844615,Davidson,Nashville,10/5/2018 7:57:00 AM,2,0,0,36.131840,-86.801680,21ST AV S PVTDR,,,,72.00,Feet,West,21ST AVS,,,,0.00,N,Not at Intersection,N,Non-Junction,None,,,         ,Michael,McCord,Unknown,Unknown,no,no,no,no,yes,False
102167606,METROPOLITAN NASHVILLE POLICE DEPT,20180844678,Davidson,Nashville,10/5/2018 8:20:00 AM,2,0,0,36.152120,-86.802460,21ST AVN,,,,150.00,Feet,South,CHURCH ST,,,,0.00,N,Not at Intersection, ,Non-Junction,None,,,         ,Justan,Vance,Clear,Angle,no,no,no,no,no,Campus
102167610,METROPOLITAN NASHVILLE POLICE DEPT,20180844614,Davidson,Nashville,10/5/2018 7:15:00 AM,2,0,0,36.072560,-86.732650,EDMONDSON PKE,,,,171.00,Feet,North,WHISPERING HILLS DR,,,,0.00,N,Not at Intersection, ,Non-Junction,None,,,         ,Jon,Mcvey,Clear,"Sideswipe, Same Direction",no,no,no,no,no,False
102167613,METROPOLITAN NASHVILLE POLICE DEPT,20180844719,Davidson,Nashville,10/4/2018 7:00:00 PM,2,0,0,36.168870,-86.792440,10TH AVN,,,,0.00,,,HERMAN ST,,,,0.00,Y,Four-Way, ,Intersection,None,,,         ,Jonathon,Sheppard,Clear,Angle,no,no,no,no,yes,False
102167618,METROPOLITAN NASHVILLE POLICE DEPT,20180844475,Davidson,Nashville,10/5/2018 6:45:00 AM,2,0,0,36.139610,-86.701210,KAREN DR,,,,34.00,Feet,South,DABBS AV,,,,0.00,N,Not at Intersection,N,Non-Junction,None,,,         ,Brynn,Cellan,Clear,Angle,no,no,no,no,no,False
102167621,THP District 9 - Administrative,318066224,Davidson,Nashville,10/4/2018 6:59:00 AM,2,0,0,36.082580,-86.698000,I 24,,,,0.00,,,,,,,56.00,N,Not at Intersection, ,Non-Junction,None,,,         ,Brian,Carmouche,Clear,Front to Rear,no,no,no,no,no,False
102167623,VANDERBILT UNIVERSITY POLICE,20180842565,Davidson,Nashville,10/4/2018 2:30:00 PM,2,0,0,36.142070,-86.800530,21ST AVS,,,,0.00,,,,,,,0.00,,, ,Non-Junction,None,,,         ,Gregory,Blocker,Clear,"Sideswipe, Same Direction",no,no,no,yes,no,Campus
102167640,METROPOLITAN NASHVILLE POLICE DEPT,20180844516,Davidson,Nashville,10/5/2018 7:05:00 AM,2,0,0,36.118940,-86.726180,I 24,,,,0.00,,,,,,,53.00,N,Not at Intersection, ,Non-Junction,None,,,         ,Fabjan,Llukaj,Clear,"Sideswipe, Same Direction",no,no,no,no,no,False
102167646,METROPOLITAN NASHVILLE POLICE DEPT,20180844521,Davidson,Not in City Limit,10/5/2018 1:43:00 AM,1,2,0,36.283230,-86.747410,DICKERSON PKES,,,,76.00,Feet,North,DICKERSON PKE,,,,0.00,N,Not at Intersection,N,Non-Junction,None,,,         ,Arthur,Hipp,Clear,Not Collision with Motor Vehicle in Transport,no,no,no,yes,no,False
102167650,METROPOLITAN NASHVILLE POLICE DEPT,20180844715,Davidson,Nashville,10/5/2018 8:41:00 AM,1,0,0,36.161070,-86.760270,I 24,,,,0.00,,,,,,,49.40,N,Not at Intersection, ,Non-Junction,None,,,         ,Wesley,Mcclelland,Clear,Not Collision with Motor Vehicle in Transport,no,no,no,no,no,False
102167651,METROPOLITAN NASHVILLE POLICE DEPT,20180844691,Davidson,Nashville,10/5/2018 8:30:00 AM,1,1,0,36.202960,-86.689420,BRILEY PKWYS,,,,440.00,Feet,West,BRILEY PKWYN,,,,0.00,N,Not at Intersection,N,Non-Junction,None,,,         ,Brynn,Cellan,Clear,Not Collision with Motor Vehicle in Transport,no,no,no,no,no,False
102167652,METROPOLITAN NASHVILLE POLICE DEPT,20180844635,Davidson,Nashville,10/5/2018 8:08:00 AM,3,1,0,36.187060,-86.631070,LEBANON PKE,,,,0.00,,,CENTRAL PKE,,,,0.00,Y,Four-Way,Y,Intersection,None,,,         ,Kelsey,Hemminger,Clear,Front to Rear,no,no,no,no,no,False
102167653,METROPOLITAN NASHVILLE POLICE DEPT,20180844530,Davidson,Goodlettsville,10/5/2018 7:15:00 AM,3,0,0,36.302750,-86.691850,RIVERGATE MARKETPLACE PVTDR,,,,0.00,,,GALLATIN PKEN,,,,0.00,Y,Four-Way,N,Non-Junction,None,,,         ,Blake,McKay,Clear,Front to Rear,no,no,no,no,no,False
102167665,Nashville Airport Police,2018-04012,Davidson,Nashville,10/5/2018 7:33:00 AM,2,0,0,36.133410,-86.665080,BNA DR,,,,0.00,,,TERMINAL DR,,,,0.00,Y,OTHER, ,Non-Junction,None,,,         ,George,Youssef,Clear,"Sideswipe, Same Direction",no,no,no,no,no,False
102167672,BERRY HILL POLICE DEPT,18-3541,Davidson,Berry Hill,10/4/2018 8:15:00 PM,2,0,0,36.114350,-86.762530,E IRIS DR,,,,147.00,Feet,East,ERICA PL,,,,0.00,N,Not at Intersection, ,Non-Junction,None,,,         ,Rick,Willliams,Clear,Rear to Side,no,no,no,yes,no,False
102167674,METROPOLITAN NASHVILLE POLICE DEPT,20180844734,Davidson,Nashville,10/5/2018 8:50:00 AM,2,0,0,36.167580,-86.762210,S 5TH ST,,,,8.00,Feet,South,SHELBY AV,,,,0.00,N,Not at Intersection, ,Non-Junction,None,,,         ,William,Clemons,Clear,Front to Rear,no,no,no,no,no,False
102167675,GOODLETTSVILLE POLICE DEPT,18-35291,Davidson,Goodlettsville,10/5/2018 9:10:00 AM,2,0,0,36.324110,-86.704030,I65 N EXT RAMP,,,,0.00,Feet,East,LONG HOLLOW PKE,,,,0.00,N,Not at Intersection, ,Non-Junction,None,,,         ,George,Forbes,Clear,Front to Rear,no,no,no,no,no,False
102167686,METROPOLITAN NASHVILLE POLICE DEPT,20180844852,Davidson,Nashville,10/5/2018 9:10:00 AM,2,1,0,36.082100,-86.761700,HARDING PL,,,,0.00,,,SIDCO DR,,,,0.00,Y,Four-Way,N,Intersection-Related,None,,,         ,Jon,Mcvey,Clear,Front to Rear,no,no,no,no,no,False
102167692,METROPOLITAN NASHVILLE POLICE DEPT,20180844699,Davidson,Nashville,10/5/2018 7:33:00 AM,2,0,0,36.215790,-86.775320,I 65,,,,0.00,,,,,,,88.00,N,Not at Intersection,N,Non-Junction,None,,,         ,Todd,Watson,Clear,"Sideswipe, Same Direction",no,no,no,no,yes,False
102167714,METROPOLITAN NASHVILLE POLICE DEPT,20180844912,Davidson,Nashville,10/5/2018 9:26:00 AM,3,0,0,36.112390,-86.768020,THOMPSON LN,,,,0.00,Feet,,W IRIS DR,,,,0.00,Y,Four-Way,N,Intersection,None,,,         ,Randy,Puckett,Clear,Front to Rear,no,no,no,no,no,False
102167718,METROPOLITAN NASHVILLE POLICE DEPT,20180844980,Davidson,Antioch,10/5/2018 10:37:00 AM,2,0,0,36.026440,-86.588360,MURFREESBORO PKE,,,,0.00,,,HICKORY WOODS DR,,,,0.00,Y,T-Intersection, ,Intersection,None,,,         ,Steven,Williams,Clear,"Sideswipe, Same Direction",no,no,no,no,no,False
102167722,VANDERBILT UNIVERSITY POLICE,20180844971,Davidson,Nashville,10/5/2018 10:15:00 AM,2,0,0,36.108160,-86.763800,POWELL AV,,,,0.00,,,,,,,0.00,,, ,"Driveway, Alley Access, etc",None,,,         ,Fred,Oakley,Clear,Angle,no,no,no,yes,no,OHO
102167723,METROPOLITAN NASHVILLE POLICE DEPT,20180845054,Davidson,Nashville,10/5/2018 11:12:00 AM,2,1,0,36.164590,-86.819990,28TH AVN,,,,88.00,Feet,North,I40 W EXT RAMP,,,,0.00,N,Not at Intersection, ,Non-Junction,None,,,         ,Zachary,Goodall,Clear,Front to Rear,no,no,no,no,no,False
102167739,METROPOLITAN NASHVILLE POLICE DEPT,20180844947,Davidson,Not in City Limit,10/5/2018 10:07:00 AM,1,0,0,36.092800,-86.938530,I 40,,,,0.00,,,,,,,197.65,N,Not at Intersection, ,,None,,,         ,Charles,Boles,,,no,no,no,no,no,False
102167751,METROPOLITAN NASHVILLE POLICE DEPT,20180845019,Davidson,Nashville,10/5/2018 10:53:00 AM,2,0,0,36.099370,-86.763830,I 65,,,,0.00,,,,,,,79.00,N,Not at Intersection,N,Non-Junction,None,,,         ,Jon,Mcvey,Clear,Front to Rear,no,no,no,no,no,False
102167760,METROPOLITAN NASHVILLE POLICE DEPT,20180845035,Davidson,Nashville,10/5/2018 11:00:00 AM,2,2,0,36.109350,-86.769840,I 65,,,,0.00,,,,,,,79.70,N,Not at Intersection,N,Non-Junction,None,,,         ,Chase,Harriman,Clear,Front to Rear,no,no,no,no,no,False
102167761,METROPOLITAN NASHVILLE POLICE DEPT,20180844956,Davidson,Nashville,10/5/2018 10:23:00 AM,2,0,0,36.100940,-86.818730,OVERHILL DR,,,,0.00,,,HILLSBORO PKE,,,,0.00,Y,Four-Way,N,Intersection,None,,,         ,Ty,Cummings,Clear,HeadOn,no,no,no,no,no,False
102167797,METROPOLITAN NASHVILLE POLICE DEPT,2018-0845098,Davidson,Not in City Limit,10/5/2018 9:29:00 AM,1,0,0,36.275680,-86.780170,BRICK CHURCH PKE,,,,252.00,Feet,South,VALLEY TRL,,,,0.00,N,Not at Intersection,N,Non-Junction,None,,,         ,Arthur,Hipp,Clear,Not Collision with Motor Vehicle in Transport,no,no,no,no,yes,False
102167827,METROPOLITAN NASHVILLE POLICE DEPT,20180845294,Davidson,Nashville,10/5/2018 12:27:00 PM,2,2,0,36.182080,-86.607710,OLD HICKORY BLVD,,,,102.00,Feet,East,ANDREW JACKSON WAY,,,,0.00,N,Not at Intersection, ,Non-Junction,None,,,         ,Joshua,Hausman,Clear,Front to Rear,no,no,no,no,no,False
102167872,METROPOLITAN NASHVILLE POLICE DEPT,20180845136,Davidson,Nashville,10/5/2018 11:54:00 AM,3,1,0,36.115090,-86.724620,I 24,,,,0.00,,,,,,,53.30,N,Not at Intersection,N,Non-Junction,None,,,         ,Jessie,Meadows,Clear,Front to Rear,no,no,no,no,no,False
102167873,METROPOLITAN NASHVILLE POLICE DEPT,20180845130,Davidson,Goodlettsville,10/5/2018 11:20:00 AM,2,0,0,36.302880,-86.691670,GALLATIN PKEN,,,,69.00,Feet,East,CONFERENCE DR,,,,0.00,N,Not at Intersection, ,Non-Junction,None,,,         ,Blake,McKay,Clear,Angle,no,no,no,no,no,False
102167877,METROPOLITAN NASHVILLE POLICE DEPT,20180845281,Davidson,Nashville,10/5/2018 12:58:00 PM,2,0,0,36.168240,-86.757280,S 7TH ST,,,,28.00,Feet,North,SYLVAN ST,,,,0.00,N,Not at Intersection,N,Non-Junction,None,,,         ,Reginald,Pierre-Paul,Clear,Angle,no,no,no,no,no,False
102167888,METROPOLITAN NASHVILLE POLICE DEPT,20180845264,Davidson,Nashville,10/5/2018 12:40:00 PM,2,0,0,36.081220,-86.696940,I 24,,,,0.00,,,,,,,56.10,N,Not at Intersection, ,Non-Junction,None,,,         ,Jason,Hees,Clear,Front to Rear,no,no,no,no,no,False
102167892,METROPOLITAN NASHVILLE POLICE DEPT,20180845093,Davidson,Nashville,10/5/2018 11:30:00 AM,3,1,0,36.088280,-86.790500,BATTERY LN,,,,146.00,Feet,East,LEALAND LN,,,,0.00,N,Not at Intersection,N,Non-Junction,None,,,         ,Justin,Pinkelton,Clear,Front to Rear,no,no,no,no,no,False
102167894,METROPOLITAN NASHVILLE POLICE DEPT,20180845106,Davidson,Nashville,10/5/2018 11:37:00 AM,2,0,0,36.159150,-86.797350,CHARLOTTE AV,,,,0.00,Feet,East,17TH AVN,,,,0.00,N,Not at Intersection, ,Non-Junction,None,,,         ,Phillip,Murphy,Clear,Front to Rear,no,no,no,no,no,False
102167895,METROPOLITAN NASHVILLE POLICE DEPT,2018845233,Davidson,Nashville,10/5/2018 12:23:00 PM,1,0,0,36.163110,-86.787630,10TH AVN,,,,105.00,Feet,South,10TH CIRN,,,,0.00,N,Not at Intersection, ,Non-Junction,None,,,         ,Cory,West,Clear,Not Collision with Motor Vehicle in Transport,no,no,no,no,no,False
102167914,METROPOLITAN NASHVILLE POLICE DEPT,20180845203,Davidson,Not in City Limit,10/5/2018 12:20:00 PM,2,2,0,36.263210,-86.757280,DICKERSON PKE,,,,0.00,,,WESTCHESTER DR,,,,0.00,Y,Four-Way,Y,Intersection,None,,,         ,Jeremy,Stricklin,Clear,Angle,no,no,no,no,no,False
102167915,METROPOLITAN NASHVILLE POLICE DEPT,20180845388,Davidson,Nashville,10/5/2018 1:03:00 PM,2,0,0,36.182710,-86.798760,I65 N EXT RAMP,,,,0.00,,,I 65,,,,0.00,Y,Y-Intersection,Y,Entrance/Exit Ramp Related,None,,,         ,Ryan,Caulfield,Cloudy,Front to Rear,no,no,no,no,yes,False
102167919,METROPOLITAN NASHVILLE POLICE DEPT,20180845207,Davidson,Nashville,10/4/2018 12:00:00 AM,2,0,0,36.122140,-86.744100,ORIEL AV,,,,287.00,Feet,East,BURBANK AV,,,,0.00,N,Not at Intersection,N,Non-Junction,None,,,         ,Amy,Hirschmann,Unknown,Unknown,no,no,no,no,yes,False
102167920,METROPOLITAN NASHVILLE POLICE DEPT,20180845236,Davidson,Nashville,10/5/2018 12:45:00 PM,2,1,0,36.116260,-86.789400,I 440,,,,0.00,,,,,,,4.00,N,Not at Intersection,N,Non-Junction,Work Zone,Other,Activity Area,         ,Jon,Mcvey,Cloudy,Not Collision with Motor Vehicle in Transport,no,no,no,no,no,False
102167927,METROPOLITAN NASHVILLE POLICE DEPT,20180845260,Davidson,Nashville,10/5/2018 12:30:00 PM,2,0,0,36.094610,-86.706770,I 24,,,,0.00,,,,,,,55.00,N,Not at Intersection,N,Non-Junction,None,,,         ,Todd,Watson,Clear,Front to Rear,no,no,no,no,no,False
102167930,METROPOLITAN NASHVILLE POLICE DEPT,20180844743,Davidson,Nashville,10/5/2018 8:50:00 AM,3,0,0,36.147730,-86.744400,I 40,,,,0.00,,,,,,,212.00,N,Not at Intersection, ,Non-Junction,None,,,         ,Kevin,Coleman,Clear,Front to Rear,no,no,no,no,no,False
102167948,METROPOLITAN NASHVILLE POLICE DEPT,20180845109,Davidson,Nashville,10/5/2018 11:40:00 AM,2,0,0,36.156570,-86.631160,I40 W EXT RAMP,,,,0.00,Feet,East,I 40,,,,0.00,N,Not at Intersection,N,Entrance/Exit Ramp Related,None,,,         ,Justin,Chisholm,Clear,"Sideswipe, Same Direction",no,no,no,no,yes,False
102167951,METROPOLITAN NASHVILLE POLICE DEPT,20180845242,Davidson,Nashville,10/5/2018 12:26:00 PM,2,0,0,36.154120,-86.834250,I 40,,,,0.00,,,,,,,205.25,N,Not at Intersection, ,Non-Junction,None,,,         ,Ty,Cummings,Clear,"Sideswipe, Same Direction",no,no,no,no,no,False
102167961,METROPOLITAN NASHVILLE POLICE DEPT,20180845380,Davidson,Nashville,10/5/2018 1:40:00 PM,2,0,0,36.131630,-86.857430,WHITE BRIDGE PKE,,,,0.00,,,WHITE BRIDGE RD PVTDR,,,,0.00,Y,OTHER, ,OtherLocation,None,,,         ,George,Spencer,Clear,Angle,no,no,no,no,no,False
102167985,METROPOLITAN NASHVILLE POLICE DEPT,20180845268,Davidson,Nashville,10/5/2018 12:48:00 PM,3,1,0,36.140140,-86.879230,RUSSLEO DR,,,,0.00,Feet,,CHARLOTTE PKE,,,,0.00,Y,T-Intersection,N,Intersection,None,,,         ,Charles,Boles,Clear,Angle,no,no,no,no,no,False
102167992,METROPOLITAN NASHVILLE POLICE DEPT,20180845256,Davidson,Not in City Limit,10/5/2018 12:40:00 PM,2,1,0,36.268340,-86.756160,DICKERSON PKE,,,,0.00,,,BELL GRIMES LN,,,,0.00,Y,T-Intersection,Y,Non-Junction,None,,,         ,Blake,McKay,Clear,Front to Rear,no,no,no,no,no,False
102168017,METROPOLITAN NASHVILLE POLICE DEPT,20180845308,Davidson,Nashville,10/5/2018 12:59:00 PM,3,3,0,36.097850,-86.658240,MURFREESBORO PKE,,,,435.00,Feet,East,HARDING PL,,,,0.00,N,Not at Intersection,N,Non-Junction,None,,,         ,Jessie,Meadows,Clear,"Sideswipe, Opposite Direction",no,no,no,no,no,False
102168030,METROPOLITAN NASHVILLE POLICE DEPT,20180845371,Davidson,Nashville,10/5/2018 1:00:00 PM,2,0,0,36.152110,-86.706060,APPLETON DR,,,,0.00,,,MASSMAN DR,,,,0.00,Y,T-Intersection, ,Intersection,None,,,         ,Zachary,Scott,Clear,Rear to Side,no,no,no,no,no,False
102168048,METROPOLITAN NASHVILLE POLICE DEPT,20180845480,Davidson,Nashville,10/5/2018 12:00:00 AM,2,0,0,36.189610,-86.738610,CHAPEL AV,,,,0.00,,,GREENWOOD AV,,,,0.00,Y,Four-Way, ,Intersection,None,,,         ,Richard,Conger,Clear,Angle,no,no,no,no,no,False
102168056,BERRY HILL POLICE DEPT,18-3505,Davidson,Berry Hill,10/2/2018 12:00:00 AM,2,0,0,36.121320,-86.767340,FESSEY CT,,,,0.00,,,,,,,0.00,,Not at Intersection, ,Non-Junction,None,,,         ,John,Gleixner,Clear,Angle,no,no,no,yes,yes,False
102168116,METROPOLITAN NASHVILLE POLICE DEPT,20180845576,Davidson,Nashville,10/5/2018 12:00:00 AM,2,0,0,36.175980,-86.801210,I40 E ENT RAMP,,,,0.00,,,I40 W ENT RAMP,,,,0.00,Y,OTHER, ,Non-Junction,None,,,         ,Melvin,Taylor,Clear,Front to Rear,no,no,no,no,yes,False
102168118,METROPOLITAN NASHVILLE POLICE DEPT,20180845616,Davidson,Nashville,10/5/2018 2:38:00 PM,2,0,0,36.231230,-86.781550,BRICK CHURCH PKE,,,,200.00,Feet,South,EWING DR,,,,0.00,N,Not at Intersection, ,Non-Junction,None,,,         ,Christopher,Littles,Clear,Angle,no,no,no,no,no,False
102168133,METROPOLITAN NASHVILLE POLICE DEPT,20180845498,Davidson,Nashville,10/5/2018 2:54:00 PM,2,1,0,36.122090,-86.807160,I440 E ENT RAMP,,,,0.00,,,I 440,,,,0.00,Y,Y-Intersection, ,Entrance/Exit Ramp Related,None,,,         ,Gardiner,Bradley,Clear,Front to Rear,no,no,no,no,no,False
102168140,METROPOLITAN NASHVILLE POLICE DEPT,20180845584,Davidson,Nashville,10/5/2018 3:21:00 PM,2,1,0,36.076560,-86.640710,MURFREESBORO PKE,,,,304.00,Feet,East,LAKEVILLA DR,,,,0.00,N,Not at Intersection, ,Non-Junction,Unknown,,,         ,Shelby,Hughes,Clear,Front to Rear,no,no,no,no,no,False
102168186,METROPOLITAN NASHVILLE POLICE DEPT,20180845632,Davidson,Nashville,10/5/2018 2:58:00 PM,2,0,0,36.126160,-86.712070,EAST THOMPSON LN,,,,351.00,Feet,West,MURFREESBORO PKE,,,,0.00,N,Not at Intersection,N,Non-Junction,None,,,         ,Brady,Reynolds,Clear,Angle,no,no,no,no,no,False
102168191,METROPOLITAN NASHVILLE POLICE DEPT,20180845705,Davidson,Nashville,10/5/2018 3:59:00 PM,2,0,0,36.045060,-86.659420,BELL RD,,,,106.00,Feet,East,I24 E ENT RAMP,,,,0.00,N,Not at Intersection, ,,None,,,         ,Nathaniel,Myers,,,no,no,no,no,no,False
102168217,METROPOLITAN NASHVILLE POLICE DEPT,20180845774,Davidson,Nashville,10/5/2018 12:00:00 AM,2,0,0,36.167480,-86.765330,I 24,,,,0.00,,,,,,,48.90,N,Not at Intersection,N,Non-Junction,None,,,         ,Trevor,Taylor,Clear,Front to Rear,no,no,no,no,yes,False
102168227,METROPOLITAN NASHVILLE POLICE DEPT,20180845750,Davidson,Nashville,10/5/2018 4:10:00 PM,2,0,0,36.109680,-86.729700,THOMPSON LN,,,,408.00,Feet,East,MASHBURN RD,,,,0.00,N,Not at Intersection, ,Non-Junction,None,,,         ,Jarret,Sonnenberg,Clear,Front to Rear,no,no,no,no,no,False
102168230,METROPOLITAN NASHVILLE POLICE DEPT,20180845796,Davidson,Nashville,10/5/2018 12:00:00 AM,2,0,0,36.192620,-86.775510,I 24,,,,0.00,,,,,,,46.70,N,Not at Intersection,N,Non-Junction,None,,,         ,Gordon,Stovall,Clear,Front to Rear,no,no,no,no,yes,False
102168240,METROPOLITAN NASHVILLE POLICE DEPT,20180845844,Davidson,Nashville,10/5/2018 4:54:00 PM,2,0,0,36.153120,-86.792500,MCGAVOCK ST,,,,104.00,Feet,West,16TH AVS,,,,0.00,N,Not at Intersection,N,Non-Junction,None,,,         ,Randall,Ward,Clear,Angle,no,no,no,yes,yes,False
102168245,METROPOLITAN NASHVILLE POLICE DEPT,20180845732,Davidson,Nashville,10/5/2018 12:00:00 AM,2,0,0,36.162540,-86.782180,CAPITOL BLVD,,,,69.00,Feet,North,CHURCH ST,,,,0.00,N,Not at Intersection,N,Non-Junction,None,,,         ,George,Oden,Clear,Unknown,no,no,no,no,yes,False
102168246,METROPOLITAN NASHVILLE POLICE DEPT,20180845629,Davidson,Nashville,10/5/2018 3:39:00 PM,1,1,0,36.165390,-86.715130,RIVER HILLS DR,,,,0.72,Miles,West,JUNE DR,,,,0.00,N,Not at Intersection,N,OtherLocation,None,,,         ,Trenton,Searcy,Clear,Not Collision with Motor Vehicle in Transport,yes,no,no,yes,no,False
102168264,METROPOLITAN NASHVILLE POLICE DEPT,20180845810,Davidson,Nashville,10/5/2018 4:35:00 PM,2,0,0,36.118000,-86.769010,I65 ENT RAMP,,,,0.00,,,I 440,,,,0.00,Y,OTHER,N,Entrance/Exit Ramp Related,None,,,         ,Jed,Baldoni,Clear,Angle,no,no,no,no,yes,False
102168276,METROPOLITAN NASHVILLE POLICE DEPT,20180845887,Davidson,Nashville,10/5/2018 12:00:00 AM,2,0,0,36.150470,-86.770370,I40 E EXT RAMP,,,,0.00,,,I 40,,,,0.00,Y,T-Intersection, ,Non-Junction,None,,,         ,Alexander,Spradling,Clear,Front to Rear,no,no,no,no,no,False
102168278,METROPOLITAN NASHVILLE POLICE DEPT,20180845836,Davidson,Nashville,10/5/2018 5:00:00 PM,2,0,0,36.091930,-86.651700,MURFREESBORO PKE,,,,277.00,Feet,North,BRITISH WOODS DR,,,,0.00,N,Not at Intersection, ,Non-Junction,None,,,         ,Taylor,Hurley,Clear,Front to Rear,no,no,no,no,no,False
102168280,METROPOLITAN NASHVILLE POLICE DEPT,20180845898,Davidson,Nashville,10/5/2018 5:32:00 PM,2,1,0,36.238210,-86.724030,GALLATIN PKES,,,,123.00,Feet,North,GALLATIN PKE SB EXT RAMP,,,,0.00,N,Not at Intersection,N,Non-Junction,None,,,         ,Peter,Vaught,Clear,Front to Rear,no,no,no,no,no,False