master_record_number,agency,agency_tracking_number,county,city,collision_date,vehicles_involved,number_injured,number_dead,latitude,longitude,roadway_name,roadway_suffix,roadway_number,roadway_local_id,distance_from_reference,miles-feet_indicator,direction_from_reference,intersection_road_name,intersection_road_name_suffix,intersection_road_number,intersection_local_id,mile_marker,intersection_indicator,intersect_type,interchange_related_indicator,relation_to_junction,work_zone_type,construction_maintenance_zone,construction_maintenance_zone_location,fatal_case_number,officer_first_name,officer_last_name,weather_condition(s),manner_of_crash,pedestrian,bicycle,scooter,parking,hitrun,mou
102168281,METROPOLITAN NASHVILLE POLICE DEPT,20180845802,Davidson,Not in City Limit,10/5/2018 4:46:00 PM,3,0,0,36.262160,-86.738040,I 65,,,,0.00,,,,,,,92.10,N,Not at Intersection,N,Non-Junction,None,,,         ,Christopher,Littles,Clear,Front to Rear,no,no,no,no,no,False
102168282,METROPOLITAN NASHVILLE POLICE DEPT,20180845931,Davidson,Nashville,10/5/2018 5:40:00 PM,2,1,0,36.252460,-86.784760,I 24,,,,0.00,,,,,,,42.40,N,Not at Intersection, ,Non-Junction,None,,,         ,Christopher,Littles,Clear,Front to Rear,no,no,no,no,no,False
102168285,METROPOLITAN NASHVILLE POLICE DEPT,20180845843,Davidson,Nashville,10/5/2018 5:05:00 PM,2,0,0,36.109730,-86.732450,THOMPSON LN,,,,85.00,Feet,West,SELENA DR,,,,0.00,N,Not at Intersection, ,Non-Junction,None,,,         ,Andrew,Brazee,Clear,Front to Rear,no,no,no,no,no,False
102168291,METROPOLITAN NASHVILLE POLICE DEPT,20180845797,Davidson,Nashville,10/5/2018 3:25:00 PM,2,0,0,36.235570,-86.706000,MUSIC VALLEY DR,,,,1321.00,Feet,East,BRILEY PKWYE,,,,0.00,N,Not at Intersection,N,Non-Junction,None,,,         ,Carey,Steel,Clear,Front to Rear,no,no,no,yes,no,False
102168292,METROPOLITAN NASHVILLE POLICE DEPT,20180845751,Davidson,Nashville,10/5/2018 4:19:00 PM,2,0,0,36.146560,-86.767620,MILDRED SHUTE AV,,,,31.00,Feet,East,4TH AVS,,,,0.00,N,Not at Intersection, ,Non-Junction,None,,,         ,Ciarra,Rench,Clear,Angle,no,no,no,no,no,False
102168300,METROPOLITAN NASHVILLE POLICE DEPT,20180845571,Davidson,Nashville,10/5/2018 12:00:00 AM,2,0,0,36.155700,-86.858420,BRILEY PKWY S EXT RAMP,,,,0.00,Feet,East,I40 W ENT RAMP,,,,0.00,N,Not at Intersection, ,Non-Junction,None,,,         ,Kelby,Dumond,Clear,"Sideswipe, Same Direction",no,no,no,no,no,False
102168301,METROPOLITAN NASHVILLE POLICE DEPT,20180845902,Davidson,Nashville,10/5/2018 5:27:00 PM,2,0,0,36.124420,-86.737120,I 440,,,,0.00,,,,,,,7.00,N,Not at Intersection, ,Non-Junction,None,,,         ,Andrew,Brazee,Clear,Front to Rear,no,no,no,no,no,False
102168302,VANDERBILT UNIVERSITY POLICE,20180845934,Davidson,Nashville,10/5/2018 12:00:00 AM,2,0,0,36.142580,-86.806470,HIGHLAND AV,,,,0.00,,,,,,,0.00,,OTHER, ,Non-Junction,None,,,         ,Joel,Newsom,Clear,Unknown,no,no,no,yes,yes,Campus
102168306,METROPOLITAN NASHVILLE POLICE DEPT,20180845775,Davidson,Nashville,10/5/2018 4:31:00 PM,3,0,0,36.154100,-86.837220,I 40,,,,0.00,,,,,,,205.10,N,Not at Intersection,N,Non-Junction,None,,,         ,Jason,Kedzierski,Clear,Front to Rear,no,no,no,no,no,False
102168308,METROPOLITAN NASHVILLE POLICE DEPT,20180845718,Davidson,Nashville,10/5/2018 3:57:00 PM,2,0,0,36.141980,-86.734020,I 40,,,,0.00,,,,,,,212.85,N,Not at Intersection, ,,None,,,         ,Johnathan,Pannell,,,no,no,no,no,no,False
102168316,METROPOLITAN NASHVILLE POLICE DEPT,20180845979,Davidson,Not in City Limit,10/5/2018 6:00:00 PM,2,0,0,36.062290,-86.942760,OLD HARDING PKE,,,,15.00,Feet,South,BEECH BEND DR,,,,0.00,N,Not at Intersection, ,,None,,,         ,Gardiner,Bradley,,,no,no,no,no,no,False
102168317,METROPOLITAN NASHVILLE POLICE DEPT,20180845963,Davidson,Nashville,10/5/2018 2:00:00 PM,2,0,0,36.144630,-86.743740,ELM HILL PKE,,,,90.00,Feet,East,FESSLERS LN,,,,0.00,N,Not at Intersection,N,Non-Junction,None,,,         ,Allyson,Reis,Clear,"Sideswipe, Opposite Direction",no,no,no,no,yes,False
102168318,METROPOLITAN NASHVILLE POLICE DEPT,20180845964,Davidson,Nashville,10/5/2018 5:53:00 PM,2,0,0,36.126820,-86.710600,THOMPSON PL,,,,149.00,Feet,East,MURFREESBORO PKE,,,,0.00,N,Not at Intersection,N,Non-Junction,None,,,         ,Tony,Mingsing,Clear,Angle,no,no,no,no,yes,False
102168319,METROPOLITAN NASHVILLE POLICE DEPT,20180846051,Davidson,Nashville,10/5/2018 5:55:00 PM,2,0,0,36.174410,-86.774300,OLDHAM ST,,,,30.00,Feet,West,N 1ST ST,,,,0.00,N,Not at Intersection,N,Non-Junction,None,,,         ,Brent,Morris,Clear,Angle,no,no,no,no,no,False
102168321,METROPOLITAN NASHVILLE POLICE DEPT,20180845733,Davidson,Nashville,10/5/2018 4:10:00 PM,2,0,0,36.189190,-86.627900,LEBANON PKE,,,,545.00,Feet,East,HICKORY HILL LN,,,,0.00,N,Not at Intersection,N,Non-Junction,None,,,         ,Marvis,Malone,Clear,HeadOn,no,no,no,no,no,False
102168322,METROPOLITAN NASHVILLE POLICE DEPT,20180845965,Davidson,Nashville,10/5/2018 5:58:00 PM,2,0,0,36.135600,-86.726730,I 24,,,,0.00,,,,,,,52.20,N,Not at Intersection,N,Non-Junction,None,,,         ,Brady,Reynolds,Clear,Front to Rear,no,no,no,no,no,False
102168330,METROPOLITAN NASHVILLE POLICE DEPT,20180845900,Davidson,Nashville,10/5/2018 5:31:00 PM,2,0,0,36.275660,-86.735280,I 65,,,,0.00,,,,,,,93.00,N,Not at Intersection, ,,None,,,         ,Joel,Callies,,,no,no,no,no,no,False
102168331,METROPOLITAN NASHVILLE POLICE DEPT,20180845744,Davidson,Nashville,10/5/2018 4:26:00 PM,2,0,0,36.150220,-86.771800,I 40,,,,0.00,,,,,,,210.30,N,Not at Intersection,N,Non-Junction,None,,,         ,Jonathan,Nicholson,Clear,Front to Rear,no,no,no,no,no,False
102168337,METROPOLITAN NASHVILLE POLICE DEPT,20180846022,Davidson,Nashville,10/5/2018 5:00:00 PM,2,0,0,36.151270,-86.691610,ELM HILL PKE,,,,0.00,,,ELM HILL PKE EB EXT RAMP,,,,0.00,Y,T-Intersection, ,,None,,,         ,Allyson,Reis,,,no,no,no,no,no,False
102168338,METROPOLITAN NASHVILLE POLICE DEPT,20180845533,Davidson,Nashville,10/5/2018 3:10:00 PM,2,0,0,36.154550,-86.779220,8TH AVS,,,,36.00,Feet,South,LAFAYETTE ST,,,,0.00,N,Not at Intersection, ,Non-Junction,None,,,         ,Brandon,O'Guin,Clear,Front to Rear,no,no,no,no,no,False
102168340,METROPOLITAN NASHVILLE POLICE DEPT,20180845766,Davidson,Nashville,10/5/2018 4:00:00 PM,2,0,0,36.176140,-86.756760,MAIN ST,,,,159.00,Feet,East,S 9TH ST,,,,0.00,N,Not at Intersection, ,Non-Junction,None,,,         ,Wade,Johnson,Clear,"Sideswipe, Same Direction",no,no,no,no,yes,False
102168344,METROPOLITAN NASHVILLE POLICE DEPT,20180846031,Davidson,Nashville,10/5/2018 5:47:00 PM,2,0,0,36.097620,-86.763260,I 65,,,,0.00,,,,,,,78.90,N,Not at Intersection,N,Non-Junction,None,,,         ,FELIKS,ABRAHAMYAN,Clear,"Sideswipe, Same Direction",no,no,no,no,yes,False
102168353,METROPOLITAN NASHVILLE POLICE DEPT,20180845973,Davidson,Nashville,10/5/2018 5:56:00 PM,2,0,0,36.246600,-86.719310,BERKLEY DR,,,,0.00,Feet,,CORELAND DR,,,,0.00,Y,Four-Way,Y,Intersection-Related,None,,,         ,William,Monaghan,Clear,Angle,no,no,no,no,no,False
102168372,METROPOLITAN NASHVILLE POLICE DEPT,20180846061,Davidson,Nashville,10/5/2018 6:38:00 PM,2,0,0,36.153190,-86.765010,I 40,,,,0.00,,,,,,,210.70,N,Not at Intersection, ,,None,,,         ,Jason,King,,,no,no,no,no,no,False
102168376,METROPOLITAN NASHVILLE POLICE DEPT,20180845818,Davidson,Nashville,10/5/2018 4:45:00 PM,2,0,0,36.163820,-86.787020,ROSA L PARKS BLVD,,,,117.00,Feet,West,CHARLOTTE AV,,,,0.00,N,Not at Intersection, ,Non-Junction,None,,,         ,Brandon,O'Guin,Clear,"Sideswipe, Same Direction",no,no,no,no,no,False
102168404,METROPOLITAN NASHVILLE POLICE DEPT,20180846274,Davidson,Antioch,10/5/2018 7:59:00 PM,2,0,0,36.025760,-86.615780,OLD HICKORY BLVD,,,,1881.00,Feet,South,LOGISTICS WAY,,,,0.00,N,Not at Intersection,N,Non-Junction,None,,,         ,Andrew,Brazee,Clear,"Sideswipe, Opposite Direction",no,no,no,no,yes,False
102168408,METROPOLITAN NASHVILLE POLICE DEPT,20180846298,Davidson,Not in City Limit,10/5/2018 7:40:00 PM,2,0,0,36.073940,-86.925270,HIGHWAY 70S,,,,297.00,Feet,East,HICKS RD,,,,0.00,N,Not at Intersection,N,Non-Junction,None,,,         ,Gardiner,Bradley,Clear,Front to Rear,no,no,no,no,yes,False
102168419,METROPOLITAN NASHVILLE POLICE DEPT,20180846286,Davidson,Nashville,10/5/2018 7:54:00 PM,2,0,0,36.109140,-86.811880,HILLSBORO PKE,,,,0.00,,,CRESTMOOR RD,,,,0.00,Y,Four-Way,N,Intersection,None,,,         ,Joshua,Asbell,Clear,Angle,no,no,no,no,no,False
102168453,VANDERBILT UNIVERSITY POLICE,2018-0846144,Davidson,Nashville,10/5/2018 6:40:00 PM,2,0,0,36.142460,-86.801290,MEDICAL CENTER DR,,,,427.00,Feet,West,US HWY 431,,,,0.00,N,Not at Intersection, ,Non-Junction,None,,,         ,James,Goolsby,Clear,"Sideswipe, Same Direction",no,no,no,no,no,Campus
102168457,METROPOLITAN NASHVILLE POLICE DEPT,20180845953,Davidson,Antioch,10/5/2018 5:50:00 PM,2,0,0,36.004910,-86.622060,OLD HICKORY BLVD,,,,72.00,Feet,West,BURKITT RD,,,,0.00,N,Not at Intersection, ,Non-Junction,None,,,         ,Nathaniel,Myers,Clear,Front to Rear,no,no,no,no,no,False
102168497,METROPOLITAN NASHVILLE POLICE DEPT,20180846036,Davidson,Nashville,10/5/2018 6:24:00 PM,2,1,0,36.047740,-86.611940,MURFREESBORO PKE,,,,1234.00,Feet,North,MOUNTAIN SPRINGS RD,,,,0.00,N,Not at Intersection,N,Non-Junction,None,,,         ,Taylor,Hurley,Clear,Front to Rear,no,no,no,no,no,False
102168528,METROPOLITAN NASHVILLE POLICE DEPT,20180846348,Davidson,Nashville,10/5/2018 8:30:00 PM,1,0,0,36.162480,-86.774510,1ST AVN,,,,99.00,Feet,North,DOWNTOWN GRNWY,,,,0.00,N,Not at Intersection, ,Non-Junction,None,,,         ,Brandon,O'Guin,Clear,Not Collision with Motor Vehicle in Transport,no,no,no,no,no,False
102168579,METROPOLITAN NASHVILLE POLICE DEPT,20180846544,Davidson,Nashville,10/5/2018 12:00:00 AM,1,1,0,36.160810,-86.597080,OLD HICKORY BLVD,,,,192.00,Feet,South,BELL RD,,,,0.00,N,Not at Intersection,N,Non-Junction,None,,,         ,Teresah,Pinho,Clear,Not Collision with Motor Vehicle in Transport,no,no,no,no,no,False
102168628,METROPOLITAN NASHVILLE POLICE DEPT,20180846607,Davidson,Nashville,10/5/2018 11:00:00 PM,2,0,0,36.162280,-86.778020,4TH AVN,,,,0.00,,,COMMERCE ST,,,,0.00,Y,Four-Way, ,Intersection-Related,None,,,         ,Jeremy,Arrington,Clear,"Sideswipe, Same Direction",no,no,no,no,no,False
102168633,METROPOLITAN NASHVILLE POLICE DEPT,20180846501,Davidson,Nashville,10/5/2018 9:00:00 PM,2,0,0,36.152980,-86.789680,DEMONBREUN ST,,,,432.00,Feet,West,MUSIC CIRE,,,,0.00,N,Not at Intersection,N,Non-Junction,None,,,         ,Gary,Peters,Clear,Angle,no,no,no,yes,yes,False
102168670,METROPOLITAN NASHVILLE POLICE DEPT,20180846573,Davidson,Nashville,10/5/2018 10:56:00 PM,2,4,0,36.142140,-86.742360,MURFREESBORO PKE,,,,149.00,Feet,East,POLK AV,,,,0.00,N,Not at Intersection,N,Non-Junction,Work Zone,Laneclosure,Termination Area,         ,Robert,Erickson,Clear,Front to Rear,no,no,no,no,no,False
102168700,METROPOLITAN NASHVILLE POLICE DEPT,20180846875,Davidson,Nashville,10/6/2018 3:00:00 AM,1,1,0,36.158480,-86.864190,BRILEY PKWYS,,,,196.00,Feet,West,BRILEY PKWYN,,,,0.00,N,Not at Intersection,N,Non-Junction,None,,,         ,Heather,Fox,Clear,Not Collision with Motor Vehicle in Transport,no,no,no,no,no,False
102168703,METROPOLITAN NASHVILLE POLICE DEPT,20180846901,Davidson,Nashville,10/6/2018 3:34:00 AM,1,0,0,36.126410,-86.711640,EAST THOMPSON LN,,,,194.00,Feet,West,THOMPSON PL,,,,0.00,N,Not at Intersection,N,Non-Junction,None,,,         ,Ralph,Smith IV,Clear,Not Collision with Motor Vehicle in Transport,no,no,no,no,no,False
102168707,METROPOLITAN NASHVILLE POLICE DEPT,20180846958,Davidson,Nashville,10/6/2018 2:36:00 AM,2,0,0,36.161020,-86.777200,BROADWAY,,,,2.00,Feet,West,4TH AVN,,,,0.00,N,Not at Intersection,N,Non-Junction,None,,,         ,Brenna,Hosey,Clear,"Sideswipe, Same Direction",no,no,no,no,yes,False
102168722,METROPOLITAN NASHVILLE POLICE DEPT,20180846902,Davidson,Nashville,10/6/2018 3:30:00 AM,1,0,0,36.105640,-86.734590,WINGATE AV,,,,17.00,Feet,South,MORTON AV,,,,0.00,N,Not at Intersection,N,Non-Junction,None,,,         ,Antoine,Maghamez,Clear,Not Collision with Motor Vehicle in Transport,no,no,no,no,no,False
102168784,METROPOLITAN NASHVILLE POLICE DEPT,20180847003,Davidson,Nashville,10/6/2018 5:00:00 AM,1,0,0,36.121760,-86.852050,HARDING PKE,,,,294.00,Feet,West,HILLWOOD BLVD,,,,0.00,N,Not at Intersection,N,Non-Junction,None,,,         ,Heather,Fox,Clear,Not Collision with Motor Vehicle in Transport,no,no,no,no,no,False
102168798,METROPOLITAN NASHVILLE POLICE DEPT,20180847049,Davidson,Nashville,10/6/2018 6:00:00 AM,2,1,0,36.051510,-86.714360,OCALA DR,,,,0.00,,,NOLENSVILLE PKE,,,,0.00,Y,Four-Way,Y,Intersection,None,,,         ,Dakota,Vermillion,Clear,Angle,no,no,no,no,no,False
102168814,GOODLETTSVILLE POLICE DEPT,18-35339,Davidson,Goodlettsville,10/5/2018 4:00:00 PM,2,1,0,36.296030,-86.715650,I 65,,,,0.00,,,,,,,94.80,N,Not at Intersection,N,Non-Junction,None,,,         ,George,Forbes,Clear,Front to Rear,no,no,no,no,no,False
102168852,METROPOLITAN NASHVILLE POLICE DEPT,20180847105,Davidson,Nashville,10/6/2018 6:33:00 AM,2,0,0,36.171590,-86.679520,PARK DR,,,,0.00,,,MCGAVOCK PKE,,,,0.00,Y,OTHER,N,OtherLocation,None,,,         ,Tien,Nguyen,Clear,"Sideswipe, Same Direction",no,no,no,yes,yes,False
102168857,METROPOLITAN NASHVILLE POLICE DEPT,20180847134,Davidson,Nashville,10/6/2018 7:15:00 AM,2,1,0,36.185450,-86.817030,CLARKSVILLE PKE,,,,52.00,Feet,East,25TH AVN,,,,0.00,N,Not at Intersection,N,Non-Junction,None,,,         ,Jonathon,Sheppard,Clear,Front to Rear,no,no,no,no,yes,False
102168860,METROPOLITAN NASHVILLE POLICE DEPT,2018-0845341,Davidson,Nashville,10/5/2018 1:25:00 PM,2,0,0,36.256190,-86.714390,NEELYS BEND RD,,,,0.00,,,GALLATIN PKES,,,,0.00,Y,OTHER,N,Intersection,None,,,         ,Eric,Richardson,Clear,Angle,no,no,no,no,no,False
102168861,METROPOLITAN NASHVILLE POLICE DEPT,20180847120,Davidson,Nashville,10/6/2018 3:00:00 AM,2,0,0,36.069580,-86.693760,HAYWOOD LN,,,,0.00,,,EZELL RD,,,,0.00,Y,Four-Way, ,Non-Junction,None,,,         ,Honorio,Canchola,Clear,Front to Rear,no,no,no,no,yes,False
102168866,METROPOLITAN NASHVILLE POLICE DEPT,20180847119,Davidson,Nashville,10/6/2018 7:10:00 AM,1,0,0,36.139500,-86.700200,KNIGHTS OF COLUMBUS BLVD,,,,0.00,,,I40 E ENT RAMP,,,,0.00,Y,Four-Way, ,Intersection-Related,None,,,         ,Jason,Thomas,Cloudy,Not Collision with Motor Vehicle in Transport,no,no,no,no,no,False
102168876,METROPOLITAN NASHVILLE POLICE DEPT,20180847177,Davidson,Nashville,10/6/2018 7:54:00 AM,2,0,0,36.217900,-86.755440,JONES AV,,,,70.00,Feet,North,JONES PARK CT,,,,0.00,N,Not at Intersection,N,Non-Junction,None,,,         ,Nicholas,Smith,Clear,Not Collision with Motor Vehicle in Transport,no,no,no,no,yes,False
102168881,METROPOLITAN NASHVILLE POLICE DEPT,20180847179,Davidson,Nashville,10/6/2018 1:00:00 AM,2,0,0,36.076320,-86.643440,DOVER GLEN PVTDR,,,,3.00,Feet,North,DOVER GLEN DR,,,,0.00,N,Not at Intersection, ,Non-Junction,None,,,         ,Michael,Griggs,Unknown,Angle,no,no,no,no,yes,False
102168901,METROPOLITAN NASHVILLE POLICE DEPT,20180847236,Davidson,Nashville,10/6/2018 8:32:00 AM,2,0,0,36.082680,-86.765140,I65 S ENT RAMP,,,,0.00,,,I 65,,,,0.00,Y,OTHER,N,Intersection,None,,,         ,Randy,Puckett,Clear,Angle,no,no,no,no,no,False
102168905,METROPOLITAN NASHVILLE POLICE DEPT,20180847237,Davidson,Nashville,10/6/2018 8:30:00 AM,2,1,0,36.151540,-86.767890,I40 E ENT RAMP,,,,0.00,Feet,East,I 40,,,,0.00,N,Not at Intersection,Y,Entrance/Exit Ramp Related,None,,,         ,Zachary,Scott,Clear,Angle,no,no,no,no,no,False
102168906,METROPOLITAN NASHVILLE POLICE DEPT,2018-0847268,Davidson,Nashville,10/6/2018 8:45:00 AM,2,0,0,36.242200,-86.771750,MASONWOOD DR,,,,468.00,Feet,South,MOOREWOOD DR,,,,0.00,N,Not at Intersection, ,Non-Junction,None,,,         ,Travis,Baxter,Clear,Angle,no,no,no,no,no,False
102168925,METROPOLITAN NASHVILLE POLICE DEPT,20180847295,Davidson,Nashville,10/6/2018 9:15:00 AM,2,0,0,36.188300,-86.796840,DOMINICAN DR,,,,0.00,Feet,,FRENCH LANDING DR,,,,0.00,Y,T-Intersection,N,Non-Junction,None,,,         ,Jonathon,Sheppard,Clear,Angle,no,no,no,no,no,False
102168946,METROPOLITAN NASHVILLE POLICE DEPT,20180847296,Davidson,Not in City Limit,10/6/2018 9:10:00 AM,2,0,0,36.112710,-86.929070,CHARLOTTE PKE,,,,152.00,Feet,West,WEST HILLS CONDOS PVTDR,,,,0.00,N,Not at Intersection, ,Non-Junction,None,,,         ,Terrence,Bradley,Clear,Front to Rear,no,no,no,no,no,False
102169038,METROPOLITAN NASHVILLE POLICE DEPT,20180847421,Davidson,Not in City Limit,10/6/2018 10:45:00 AM,4,0,0,36.263540,-86.711760,GALLATIN PKEN,,,,104.00,Feet,South,OLD TIME VILLAGE PVTDR,,,,0.00,N,Not at Intersection,N,Non-Junction,None,,,         ,Timothy,Kearney,,Front to Rear,no,no,no,no,yes,False
102169058,METROPOLITAN NASHVILLE POLICE DEPT,20180847531,Davidson,Nashville,10/6/2018 12:25:00 PM,2,0,0,36.173030,-86.792400,9TH AVN,,,,0.00,,,JEFFERSON ST,,,,0.00,Y,Four-Way,N,Intersection,None,,,         ,Ryan,Caulfield,Clear,"Sideswipe, Same Direction",no,no,no,no,no,False
102169059,METROPOLITAN NASHVILLE POLICE DEPT,20180847502,Davidson,Nashville,10/6/2018 11:54:00 AM,2,0,0,36.132970,-86.721050,PAVILION BLVD,,,,52.00,Feet,South,MURFREESBORO PKE,,,,0.00,N,Not at Intersection,N,Non-Junction,None,,,         ,Charles,Wakefield,Clear,Angle,no,no,no,no,yes,False
102169066,METROPOLITAN NASHVILLE POLICE DEPT,20180847390,Davidson,Nashville,10/6/2018 10:30:00 AM,3,3,0,36.230540,-86.782240,I 24,,,,0.00,,,,,,,44.10,N,Not at Intersection,N,Non-Junction,None,,,         ,Brent,Hedgcoth,Clear,Front to Rear,no,no,no,no,no,False
102169082,METROPOLITAN NASHVILLE POLICE DEPT,20180847458,Davidson,Nashville,10/6/2018 11:21:00 AM,2,0,0,36.211410,-86.838830,CLARKSVILLE PKE,,,,152.00,Feet,North,NORTHSIDE STATION PVTDR,,,,0.00,N,Not at Intersection,N,Non-Junction,None,,,         ,Victor,Alexander,Clear,Angle,no,no,no,no,yes,False
102169091,METROPOLITAN NASHVILLE POLICE DEPT,20180847487,Davidson,Nashville,10/6/2018 11:31:00 AM,1,0,0,36.073200,-86.808720,GRANNY WHITE PKE,,,,379.00,Feet,West,TRAVELERS RIDGE DR,,,,0.00,N,Not at Intersection,N,Non-Junction,None,,,         ,Michael,McCord,Clear,Not Collision with Motor Vehicle in Transport,no,no,no,no,no,False
102169092,METROPOLITAN NASHVILLE POLICE DEPT,20180847484,Davidson,Not in City Limit,10/6/2018 10:28:00 AM,2,0,0,36.015220,-86.705560,NOLENSVILLE PKE,,,,64.00,Feet,South,SUGAR VALLEY DR,,,,0.00,N,Not at Intersection,N,Non-Junction,None,,,         ,Randy,Puckett,Clear,Front to Rear,no,no,no,no,no,False
102169114,METROPOLITAN NASHVILLE POLICE DEPT,20180847461,Davidson,Nashville,10/6/2018 11:14:00 AM,2,0,0,36.186250,-86.747300,GALLATIN AV,,,,128.00,Feet,South,PETWAY AV,,,,0.00,N,Not at Intersection, ,Non-Junction,None,,,         ,Nathan,Mayo,Clear,Angle,no,no,no,no,no,False
102169120,METROPOLITAN NASHVILLE POLICE DEPT,20180847520,Davidson,Antioch,10/6/2018 12:16:00 PM,2,0,0,36.058560,-86.597750,HAMILTON CHURCH RD,,,,0.00,,,HOBSON PKE,,,,0.00,Y,Four-Way,N,Intersection,None,,,         ,Corey,Oakley,Clear,"Sideswipe, Opposite Direction",no,no,no,no,no,False
102169146,METROPOLITAN NASHVILLE POLICE DEPT,20180847556,Davidson,Nashville,10/6/2018 12:11:00 PM,1,1,0,36.029620,-86.703820,BARNES COVE DR,,,,0.00,Feet,East,BARNES RD,,,,0.00,N,Not at Intersection,N,Non-Junction,None,,,         ,Nopel,Stella,Clear,Not Collision with Motor Vehicle in Transport,no,no,no,no,no,False
102169148,METROPOLITAN NASHVILLE POLICE DEPT,20180847552,Davidson,Nashville,10/6/2018 9:18:00 AM,2,0,0,36.210190,-86.833910,HAYNES PARK DR,,,,190.00,Feet,South,WALTERS CT,,,,0.00,N,Not at Intersection, ,Non-Junction,None,,,         ,James,Wray,Clear,Rear to Side,no,no,no,no,no,False
102169173,METROPOLITAN NASHVILLE POLICE DEPT,20180847532,Davidson,Nashville,10/6/2018 12:30:00 PM,2,0,0,36.139940,-86.823620,I440 E EXT RAMP,,,,0.00,Feet,East,I 440,,,,0.00,N,Not at Intersection,N,Entrance/Exit Ramp Related,None,,,         ,Brian,Myatt,Clear,Front to Rear,no,no,no,no,no,False
102169200,METROPOLITAN NASHVILLE POLICE DEPT,20180847550,Davidson,Nashville,10/6/2018 12:45:00 PM,2,1,0,36.154510,-86.815630,CHARLOTTE AV,,,,0.00,Feet,,26TH AVN,,,,0.00,Y,T-Intersection,Y,Intersection-Related,None,,,         ,Justan,Vance,Clear,Front to Rear,no,no,no,no,yes,False
102169203,METROPOLITAN NASHVILLE POLICE DEPT,20180847525,Davidson,Nashville,10/5/2018 4:10:00 PM,2,0,0,36.106990,-86.814160,HILLSBORO PKE,,,,423.00,Feet,North,ABBOTT MARTIN RD,,,,0.00,N,Not at Intersection,N,Non-Junction,None,,,         ,Ty,Cummings,Unknown,"Sideswipe, Same Direction",no,no,no,yes,yes,False
102169205,METROPOLITAN NASHVILLE POLICE DEPT,20180847611,Davidson,Nashville,10/6/2018 12:53:00 PM,2,0,0,36.153100,-86.800610,20TH AVN,,,,129.00,Feet,South,CHURCH ST,,,,0.00,N,Not at Intersection, ,Non-Junction,None,,,         ,Michael,McCord,Clear,Front to Rear,no,no,no,no,no,Campus
102169215,METROPOLITAN NASHVILLE POLICE DEPT,20180847453,Davidson,Nashville,10/6/2018 11:15:00 AM,4,1,0,36.121100,-86.727240,I24 E ENT RAMP,,,,0.00,Feet,East,I 24,,,,0.00,N,Not at Intersection,N,Non-Junction,None,,,         ,James,Thomas,Clear,Angle,no,no,no,no,no,False
102169238,METROPOLITAN NASHVILLE POLICE DEPT,20180847579,Davidson,Nashville,10/6/2018 1:11:00 PM,2,1,0,36.145270,-86.811930,28TH AVS,,,,0.00,,,WEST END AV,,,,0.00,Y,T-Intersection,N,Intersection,None,,,         ,Raymond,Flaherty,Clear,Angle,no,no,no,no,no,Campus
102169243,METROPOLITAN NASHVILLE POLICE DEPT,20180847645,Davidson,Nashville,10/6/2018 2:04:00 PM,2,1,0,36.084920,-86.703440,TRAVELERS INN DR,,,,0.00,,,HARDING PL,,,,0.00,Y,T-Intersection,N,Intersection-Related,None,,,         ,Charles,Wakefield,Clear,Angle,no,no,no,no,no,False
102169258,METROPOLITAN NASHVILLE POLICE DEPT,20180834477,Davidson,Nashville,10/1/2018 9:40:00 PM,1,1,0,36.097990,-86.710940,MCILLWAIN PL,,,,68.00,Feet,South,ANTIOCH PKE,,,,0.00,N,Not at Intersection,N,Non-Junction,None,,,         ,YUNUS,ADAK,Clear,Not Collision with Motor Vehicle in Transport,no,no,no,no,no,False
102169260,METROPOLITAN NASHVILLE POLICE DEPT,20180847649,Davidson,Nashville,10/6/2018 2:15:00 PM,2,2,0,36.166570,-86.780830,4TH AVN,,,,89.00,Feet,North,CHARLOTTE AV,,,,0.00,N,Not at Intersection,N,Non-Junction,None,,,         ,Samuel,Fredericks,Clear,Front to Rear,no,no,no,no,no,False
102169268,METROPOLITAN NASHVILLE POLICE DEPT,20180847679,Davidson,Nashville,10/6/2018 2:15:00 PM,1,0,0,36.177890,-86.599230,ROCKWOOD DR,,,,18.00,Feet,East,ROCKWOOD PL,,,,0.00,N,Not at Intersection,N,Non-Junction,None,,,         ,Tyler,Hall,Clear,Not Collision with Motor Vehicle in Transport,no,no,no,no,no,False
102169273,METROPOLITAN NASHVILLE POLICE DEPT,20180847687,Davidson,Nashville,10/6/2018 2:50:00 PM,2,0,0,36.192100,-86.780520,I 65,,,,0.00,,,,,,,86.30,N,Not at Intersection, ,Non-Junction,None,,,         ,Jonathon,Sheppard,Clear,"Sideswipe, Same Direction",no,no,no,no,no,False
102169274,METROPOLITAN NASHVILLE POLICE DEPT,20180847641,Davidson,Nashville,10/6/2018 2:02:00 PM,3,2,0,36.163370,-86.762190,I 24,,,,0.00,,,,,,,49.20,N,Not at Intersection,N,Non-Junction,None,,,         ,Kyle,Eicholtz,Clear,Front to Rear,no,no,no,no,no,False
102169285,METROPOLITAN NASHVILLE POLICE DEPT,20180847428,Davidson,Nashville,10/6/2018 10:55:00 AM,2,1,0,36.147400,-86.743900,I 40,,,,0.00,,,,,,,212.00,N,Not at Intersection, ,Non-Junction,None,,,         ,Ralph,Harvey,Clear,Front to Rear,no,no,no,no,no,False