master_record_number,agency,agency_tracking_number,county,city,collision_date,vehicles_involved,number_injured,number_dead,latitude,longitude,roadway_name,roadway_suffix,roadway_number,roadway_local_id,distance_from_reference,miles-feet_indicator,direction_from_reference,intersection_road_name,intersection_road_name_suffix,intersection_road_number,intersection_local_id,mile_marker,intersection_indicator,intersect_type,interchange_related_indicator,relation_to_junction,work_zone_type,construction_maintenance_zone,construction_maintenance_zone_location,fatal_case_number,officer_first_name,officer_last_name,weather_condition(s),manner_of_crash,pedestrian,bicycle,scooter,parking,hitrun,mou
102169290,METROPOLITAN NASHVILLE POLICE DEPT,20180847701,Davidson,Nashville,10/6/2018 12:49:00 PM,2,0,0,36.153390,-86.764590,I 40,,,,0.00,,,,,,,210.70,N,Not at Intersection, ,Non-Junction,None,,,         ,Joshua,Asbell,Clear,Angle,no,no,no,no,yes,False
102169300,METROPOLITAN NASHVILLE POLICE DEPT,20180847680,Davidson,Nashville,10/6/2018 3:30:00 AM,2,0,0,36.149840,-86.769440,MCCANN ST,,,,125.00,Feet,East,4TH AVS,,,,0.00,N,Not at Intersection, ,Non-Junction,None,,,         ,Nathaniel,Myers,Clear,"Sideswipe, Same Direction",no,no,no,yes,yes,False
102169310,METROPOLITAN NASHVILLE POLICE DEPT,20180847722,Davidson,Nashville,10/6/2018 3:23:00 PM,4,1,0,36.149300,-86.773500,I 40,,,,0.00,,,,,,,210.20,N,Not at Intersection,N,Non-Junction,None,,,         ,Ryan,Storm,Clear,Front to Rear,no,no,no,no,no,False
102169328,METROPOLITAN NASHVILLE POLICE DEPT,20180847786,Davidson,Nashville,10/6/2018 4:11:00 PM,2,0,0,36.141850,-86.776640,I 65,,,,0.00,,,,,,,81.95,N,Not at Intersection, ,Non-Junction,None,,,         ,Douglas,Sykes,Clear,Front to Rear,no,no,no,no,no,False
102169350,METROPOLITAN NASHVILLE POLICE DEPT,20180847806,Davidson,Nashville,10/6/2018 4:15:00 PM,2,0,0,36.050730,-86.646910,BELL FORGE LNE,,,,0.00,,,BELL RD,,,,0.00,Y,Four-Way, ,Intersection-Related,None,,,         ,Eric,Wegener,Clear,Front to Rear,no,no,no,no,no,False
102169371,METROPOLITAN NASHVILLE POLICE DEPT,20180847755,Davidson,Nashville,10/6/2018 12:00:00 AM,2,2,0,36.156320,-86.789530,I 40,,,,0.00,,,,,,,209.10,N,Not at Intersection, ,Non-Junction,None,,,         ,Trevor,Taylor,Clear,Front to Rear,no,no,no,no,no,False
102169377,METROPOLITAN NASHVILLE POLICE DEPT,20180847831,Davidson,Nashville,10/6/2018 4:15:00 PM,2,0,0,36.188820,-86.792810,I 65,,,,0.00,,,,,,,85.55,N,Not at Intersection, ,Non-Junction,None,,,         ,David,Snowden,Clear,Front to Rear,no,no,no,no,no,False
102169403,METROPOLITAN NASHVILLE POLICE DEPT,20180847912,Davidson,Nashville,10/6/2018 5:04:00 PM,2,0,0,36.155980,-86.767180,HERMITAGE AV,,,,60.00,Feet,West,MIDDLETON ST,,,,0.00,N,Not at Intersection, ,Non-Junction,None,,,         ,Seth,Quiles,Clear,"Sideswipe, Same Direction",no,no,no,no,no,False
102169407,METROPOLITAN NASHVILLE POLICE DEPT,20180847925,Davidson,Nashville,10/6/2018 5:26:00 PM,1,0,0,36.158450,-86.767530,ROLLING MILL HILL GRNWY,,,,206.00,Feet,East,ROLLING HILL MILL GRNWY,,,,0.00,N,Not at Intersection,N,OtherLocation,None,,,         ,Joseph,Bingham,Clear,Unknown,no,no,no,yes,yes,False
102169410,METROPOLITAN NASHVILLE POLICE DEPT,20180847685,Davidson,Nashville,10/6/2018 2:50:00 PM,2,1,0,36.140350,-86.728500,I 24,,,,0.00,,,,,,,51.55,N,Not at Intersection,N,Non-Junction,None,,,         ,Brady,Reynolds,Clear,Front to Rear,no,no,no,no,no,False
102169416,METROPOLITAN NASHVILLE POLICE DEPT,20180847789,Davidson,Nashville,10/6/2018 3:04:00 PM,2,0,0,36.044950,-86.659750,I24 E EXT RAMP,,,,0.00,Feet,,BELL RD,,,,0.00,Y,T-Intersection, ,Intersection,None,,,         ,Taylor,Hurley,Clear,Angle,no,no,no,no,no,False
102169419,METROPOLITAN NASHVILLE POLICE DEPT,20180847846,Davidson,Nashville,10/6/2018 2:19:00 PM,1,0,0,36.067890,-86.733850,DURRETT DR,,,,386.00,Feet,South,BONERWOOD DR,,,,0.00,N,Not at Intersection,N,Non-Junction,None,,,         ,Nicholas,Carroll,Clear,Not Collision with Motor Vehicle in Transport,no,no,no,yes,yes,False
102169428,METROPOLITAN NASHVILLE POLICE DEPT,20180847845,Davidson,Nashville,10/6/2018 4:38:00 PM,2,1,0,36.233500,-86.781360,BRICK CHURCH PKE,,,,0.00,Feet,,MOOREWOOD DR,,,,0.00,Y,T-Intersection,Y,Intersection-Related,None,,,         ,Bradley,Fort,Clear,Angle,no,no,no,no,no,False
102169429,METROPOLITAN NASHVILLE POLICE DEPT,20180848028,Davidson,Nashville,10/6/2018 7:00:00 PM,1,0,1,36.206240,-86.773040,W TRINITY LN,,,,131.00,Feet,East,I65 N ENT RAMP,,,,0.00,N,Not at Intersection,N,Non-Junction,None,,,18-0824  ,Kevin,Coleman,Clear,Not Collision with Motor Vehicle in Transport,yes,no,no,no,yes,False
102169432,METROPOLITAN NASHVILLE POLICE DEPT,20180847949,Davidson,Nashville,10/6/2018 5:40:00 PM,2,1,0,36.206500,-86.776480,W TRINITY LN,,,,10.00,Feet,South,I65 S ENT RAMP,,,,0.00,N,Not at Intersection,N,Non-Junction,None,,,         ,Terrance,Stuckey,Clear,Front to Rear,no,no,no,no,no,False
102169436,METROPOLITAN NASHVILLE POLICE DEPT,20180847944,Davidson,Nashville,10/6/2018 5:36:00 PM,2,1,0,36.047120,-86.661830,I 24,,,,0.00,,,,,,,59.20,N,Not at Intersection,N,Non-Junction,None,,,         ,Devonte,Coleman,Clear,"Sideswipe, Same Direction",no,no,no,no,yes,False
102169458,METROPOLITAN NASHVILLE POLICE DEPT,20180848033,Davidson,Nashville,10/6/2018 7:12:00 PM,3,1,0,36.129950,-86.773150,I 65,,,,0.00,,,,,,,81.05,N,Not at Intersection,N,Non-Junction,None,,,         ,Douglas,Sykes,Clear,Front to Rear,no,no,no,no,yes,False
102169459,METROPOLITAN NASHVILLE POLICE DEPT,20180848025,Davidson,Nashville,10/6/2018 6:59:00 PM,3,3,0,36.139350,-86.819100,ORLEANS DR,,,,0.00,,,WEST END AV,,,,0.00,Y,Four-Way,N,Intersection,None,,,         ,Randall,Ward,Clear,Angle,no,no,no,no,no,False
102169483,METROPOLITAN NASHVILLE POLICE DEPT,20180848021,Davidson,Nashville,10/6/2018 6:40:00 PM,2,0,0,36.141210,-86.731580,I 40,,,,0.00,,,,,,,212.95,N,Not at Intersection, ,,None,,,         ,Darci,Stechman,,,no,no,no,no,no,False
102169499,METROPOLITAN NASHVILLE POLICE DEPT,20180847998,Davidson,Antioch,10/6/2018 6:30:00 PM,1,2,0,36.046300,-86.582500,LAVERGNE COUCHVILLE PKE,,,,0.00,,,PIN HOOK RD,,,,0.00,Y,Four-Way,N,Non-Junction,None,,,         ,Eric,Wegener,Clear,Not Collision with Motor Vehicle in Transport,no,no,no,no,no,False
102169500,METROPOLITAN NASHVILLE POLICE DEPT,20180848061,Davidson,Nashville,10/6/2018 7:38:00 PM,2,1,0,36.153300,-86.772180,4TH AVS,,,,0.00,,,ELM ST,,,,0.00,Y,T-Intersection,N,Non-Junction,None,,,         ,Seth,Quiles,Clear,"Sideswipe, Same Direction",no,no,no,no,no,False
102169502,METROPOLITAN NASHVILLE POLICE DEPT,20180847824,Davidson,Nashville,10/6/2018 3:30:00 PM,2,0,0,36.044840,-86.662890,BELL RD,,,,405.00,Feet,West,CANE RIDGE RD,,,,0.00,N,Not at Intersection, ,Non-Junction,None,,,         ,Ian,Swander,Clear,Angle,no,no,no,no,no,False
102169503,METROPOLITAN NASHVILLE POLICE DEPT,20180847952,Davidson,Nashville,10/6/2018 5:40:00 PM,2,1,0,36.064960,-86.666340,BOWFIELD DR,,,,427.00,Feet,East,REEVES RD,,,,0.00,N,Not at Intersection,N,Non-Junction,None,,,         ,Ian,Swander,Clear,Front to Rear,no,no,no,no,no,False
102169504,METROPOLITAN NASHVILLE POLICE DEPT,20180847968,Davidson,Nashville,10/6/2018 5:57:00 PM,6,1,0,36.110680,-86.742010,THOMPSON LN,,,,31.00,Feet,West,LOGAN ST,,,,0.00,N,Not at Intersection,N,Non-Junction,None,,,         ,YUNUS,ADAK,Clear,Angle,no,no,no,no,no,False
102169514,METROPOLITAN NASHVILLE POLICE DEPT,20180848030,Davidson,Nashville,10/6/2018 7:06:00 PM,2,0,0,36.164710,-86.763560,I 24,,,,0.00,,,,,,,49.10,N,Not at Intersection,N,Non-Junction,None,,,         ,Joseph,Bingham,Clear,Front to Rear,no,no,no,no,no,False
102169566,METROPOLITAN NASHVILLE POLICE DEPT,20180848034,Davidson,Nashville,10/6/2018 4:50:00 PM,2,0,0,36.079360,-86.727030,HARDING PL,,,,229.00,Feet,West,NOLENSVILLE PKE,,,,0.00,N,Not at Intersection,N,Non-Junction,None,,,         ,David,Robberson,Clear,Front to Rear,no,no,no,no,yes,False
102169578,METROPOLITAN NASHVILLE POLICE DEPT,20180848117,Davidson,Nashville,10/6/2018 8:25:00 PM,2,0,0,36.073920,-86.692740,I 24,,,,0.00,,,,,,,56.65,N,Not at Intersection, ,Non-Junction,None,,,         ,Taylor,Hurley,Clear,Front to Rear,no,no,no,no,no,False
102169587,METROPOLITAN NASHVILLE POLICE DEPT,20180848201,Davidson,Nashville,10/6/2018 7:32:00 PM,2,0,0,36.143420,-86.814520,WEST END AV,,,,34.00,Feet,South,30TH AVS,,,,0.00,N,Not at Intersection,N,Non-Junction,None,,,         ,Randall,Ward,Clear,Angle,no,no,no,no,yes,Campus
102169591,METROPOLITAN NASHVILLE POLICE DEPT,20180848176,Davidson,Nashville,10/6/2018 8:54:00 PM,2,0,0,36.143780,-86.814100,WEST END AV,,,,44.00,Feet,North,30TH AVN,,,,0.00,N,Not at Intersection, ,Non-Junction,None,,,         ,Darryl,Williams,Clear,"Sideswipe, Same Direction",no,no,no,no,no,Campus
102169592,METROPOLITAN NASHVILLE POLICE DEPT,20180847958,Davidson,Nashville,10/6/2018 3:55:00 PM,2,0,0,36.077650,-86.642140,MURFREESBORO PKE,,,,274.00,Feet,West,DOVER GLEN PVTDR,,,,0.00,N,Not at Intersection,N,Non-Junction,None,,,         ,Cheri,Cox,Clear,Front to Rear,no,no,no,no,no,False
102169593,METROPOLITAN NASHVILLE POLICE DEPT,20180848186,Davidson,Nashville,10/6/2018 12:00:00 AM,2,0,0,36.154310,-86.781630,10TH AVS,,,,30.00,Feet,North,PALMER PL,,,,0.00,N,Not at Intersection,N,Non-Junction,None,,,         ,Trevor,Taylor,Clear,Front to Rear,no,no,no,no,no,False
102169596,METROPOLITAN NASHVILLE POLICE DEPT,20180847983,Davidson,Nashville,10/6/2018 6:10:00 PM,1,0,0,36.059980,-86.720940,WHISPERING HILLS DR,,,,439.00,Feet,South,MCMURRAY DR,,,,0.00,N,Not at Intersection,N,Non-Junction,None,,,         ,Nicholas,Carroll,Clear,Not Collision with Motor Vehicle in Transport,no,no,no,yes,no,False
102169603,METROPOLITAN NASHVILLE POLICE DEPT,20180848119,Davidson,Nashville,10/6/2018 7:19:00 PM,2,0,0,36.152890,-86.779330,8TH AVS,,,,44.00,Feet,South,CANNERY ROW,,,,0.00,N,Not at Intersection, ,Non-Junction,None,,,         ,David,Snowden,Clear,"Sideswipe, Same Direction",no,no,no,no,no,False
102169605,METROPOLITAN NASHVILLE POLICE DEPT,20180848167,Davidson,Not in City Limit,10/6/2018 12:00:00 AM,2,0,0,36.261220,-86.712540,GALLATIN PKES,,,,8.00,Feet,South,MAPLE ST,,,,0.00,N,Not at Intersection,N,Non-Junction,None,,,         ,William,Monaghan,Clear,Front to Rear,no,no,no,no,yes,False
102169606,METROPOLITAN NASHVILLE POLICE DEPT,20180848191,Davidson,Nashville,10/6/2018 8:00:00 PM,2,0,0,36.200530,-86.740170,GALLATIN PKE,,,,177.00,Feet,North,SPAIN AV,,,,0.00,N,Not at Intersection, ,Non-Junction,None,,,         ,Wade,Johnson,Clear,"Sideswipe, Opposite Direction",no,no,no,no,yes,False
102169607,METROPOLITAN NASHVILLE POLICE DEPT,20180848022,Davidson,Nashville,10/6/2018 6:58:00 PM,2,1,0,36.154090,-86.818260,28TH AVN,,,,48.00,Feet,North,CHARLOTTE AV,,,,0.00,N,Not at Intersection,N,Non-Junction,None,,,         ,Kayla,Castro,Clear,Front to Rear,no,no,no,no,no,False
102169612,METROPOLITAN NASHVILLE POLICE DEPT,20180847835,Davidson,Antioch,10/6/2018 4:13:00 PM,2,0,0,36.027290,-86.589300,MURFREESBORO PKE,,,,416.00,Feet,North,HICKORY WOODS DR,,,,0.00,N,Not at Intersection, ,,None,,,         ,Nathaniel,Myers,,,no,no,no,no,no,False
102169613,METROPOLITAN NASHVILLE POLICE DEPT,20180848198,Davidson,Nashville,10/6/2018 9:13:00 PM,2,0,0,36.167150,-86.779610,3RD AVN,,,,0.00,,,JAMES ROBERTSON PKWY,,,,0.00,Y,Four-Way,N,Non-Junction,None,,,         ,Seth,Quiles,Clear,Front to Rear,no,no,no,no,yes,False
102169614,METROPOLITAN NASHVILLE POLICE DEPT,20180848088,Davidson,Nashville,10/6/2018 7:15:00 PM,1,0,0,36.066240,-86.686370,I 24,,,,0.00,,,,,,,57.30,N,Not at Intersection,N,Non-Junction,None,,,         ,Jedidayah,Merriweather,Clear,Not Collision with Motor Vehicle in Transport,no,no,no,no,no,False
102169626,METROPOLITAN NASHVILLE POLICE DEPT,20180848247,Davidson,Nashville,10/6/2018 10:10:00 PM,2,0,0,36.115910,-86.795120,I 440,,,,0.00,,,,,,,3.70,N,Not at Intersection, ,,None,,,         ,FELIKS,ABRAHAMYAN,,,no,no,no,no,no,False
102169660,METROPOLITAN NASHVILLE POLICE DEPT,20180848094,Davidson,Nashville,10/6/2018 8:03:00 PM,2,1,0,36.174870,-86.760080,MAIN ST,,,,279.00,Feet,East,N 7TH ST,,,,0.00,N,Not at Intersection,N,Non-Junction,None,,,         ,Marc,Kozen,Clear,Angle,no,no,no,no,no,False
102169661,METROPOLITAN NASHVILLE POLICE DEPT,20180848154,Davidson,Nashville,10/6/2018 10:21:00 PM,2,0,0,36.180250,-86.606140,OLD HICKORY BLVD,,,,274.00,Feet,North,FRIST BLVD,,,,0.00,N,Not at Intersection, ,Non-Junction,None,,,         ,Marvis,Malone,Clear,Unknown,no,no,no,yes,yes,False
102169663,METROPOLITAN NASHVILLE POLICE DEPT,20180848006,Davidson,Nashville,10/6/2018 6:39:00 PM,2,1,0,36.064870,-86.628380,HAMILTON CHURCH RD,,,,39.00,Feet,East,MURFREESBORO PKE,,,,0.00,N,Not at Intersection,N,Non-Junction,None,,,         ,Melissa,Flores,Clear,Front to Rear,no,no,no,no,no,False
102169676,METROPOLITAN NASHVILLE POLICE DEPT,20180848250,Davidson,Nashville,10/6/2018 10:17:00 PM,2,0,0,36.173880,-86.770250,I 24,,,,0.00,,,,,,,48.15,N,Not at Intersection,N,Non-Junction,None,,,         ,Cody,Jaworski,Clear,Front to Rear,no,no,no,no,no,False
102169681,METROPOLITAN NASHVILLE POLICE DEPT,20180847981,Davidson,Nashville,10/6/2018 6:05:00 PM,2,1,0,36.183920,-86.750510,W EASTLAND AV,,,,104.00,Feet,West,BAILEY ST,,,,0.00,N,Not at Intersection,N,Non-Junction,None,,,         ,Kevin,Clausius,Clear,"Sideswipe, Same Direction",no,no,no,no,yes,False
102169696,METROPOLITAN NASHVILLE POLICE DEPT,20180848203,Davidson,Nashville,10/6/2018 8:14:00 PM,2,0,0,36.174030,-86.749190,FATHERLAND ST,,,,351.00,Feet,East,S 11TH ST,,,,0.00,N,Not at Intersection,N,Non-Junction,None,,,         ,Marc,Kozen,Clear,"Sideswipe, Same Direction",no,no,no,no,no,False
102169748,METROPOLITAN NASHVILLE POLICE DEPT,20180848399,Davidson,Nashville,10/7/2018 12:29:00 AM,2,1,0,36.045370,-86.713260,NOLENSVILLE PKE,,,,0.00,Feet,,OLD HICKORY BLVD,,,,0.00,Y,Four-Way,N,Intersection-Related,None,,,         ,Autumn,Manning,Clear,Front to Rear,no,no,no,no,yes,False
102169768,METROPOLITAN NASHVILLE POLICE DEPT,20180848373,Davidson,Nashville,10/7/2018 12:08:00 AM,2,0,0,36.172210,-86.768650,I 24,,,,0.00,,,,,,,48.30,N,Not at Intersection,N,Entrance/Exit Ramp Related,None,,,         ,Shaquille,Graham,Clear,Front to Rear,no,no,no,no,no,False
102169789,METROPOLITAN NASHVILLE POLICE DEPT,20180848579,Davidson,Nashville,10/7/2018 2:22:00 AM,1,1,0,36.161340,-86.769280,KOREAN VETERANS BLVD,,,,436.00,Feet,West,EAST BANK GRNWY,,,,0.00,N,Not at Intersection,N,Non-Junction,None,,,         ,Brenna,Hosey,Clear,Not Collision with Motor Vehicle in Transport,no,no,no,no,no,False
102169790,METROPOLITAN NASHVILLE POLICE DEPT,20180848496,Davidson,Nashville,10/7/2018 1:43:00 AM,2,1,0,36.154630,-86.779160,8TH AVS,,,,0.00,,,LAFAYETTE ST,,,,0.00,Y,Roundabout,N,Intersection,None,,,         ,Daniel,Russett,Clear,Angle,no,no,no,no,no,False
102169791,METROPOLITAN NASHVILLE POLICE DEPT,20180848531,Davidson,Nashville,10/7/2018 1:50:00 AM,2,2,0,36.153250,-86.794010,17TH AVS,,,,0.00,Feet,,BROADWAY,,,,0.00,Y,Four-Way,Y,Intersection,None,,,         ,Christian,Martin,Clear,"Sideswipe, Opposite Direction",no,no,no,no,yes,False
102169792,METROPOLITAN NASHVILLE POLICE DEPT,20180848416,Davidson,Nashville,10/7/2018 12:35:00 AM,1,1,0,36.197910,-86.776900,BRICK CHURCH PKE,,,,77.00,Feet,South,WEAKLEY AV,,,,0.00,N,Not at Intersection,N,Non-Junction,None,,,         ,Joseph,Gawlowski,Clear,Not Collision with Motor Vehicle in Transport,yes,no,no,no,yes,False
102169793,METROPOLITAN NASHVILLE POLICE DEPT,20180848318,Davidson,Nashville,10/6/2018 11:20:00 PM,2,1,0,36.069790,-86.695880,KEELEY DR,,,,0.00,,,HAYWOOD LN,,,,0.00,Y,T-Intersection,N,Intersection,None,,,         ,Zachary,Lang,Clear,Angle,no,no,no,no,no,False
102169802,METROPOLITAN NASHVILLE POLICE DEPT,20180848608,Davidson,Nashville,10/7/2018 2:54:00 AM,1,0,0,36.133580,-86.718830,WILHAGAN RD,,,,426.00,Feet,North,MURFREESBORO PKE,,,,0.00,N,Not at Intersection,N,Non-Junction,None,,,         ,Joseph,Patricio,Clear,Not Collision with Motor Vehicle in Transport,no,no,no,yes,yes,False
102169815,METROPOLITAN NASHVILLE POLICE DEPT,20180848596,Davidson,Nashville,10/7/2018 2:32:00 AM,2,0,0,36.096520,-86.762970,I 65,,,,0.00,,,,,,,78.80,N,Not at Intersection,N,Non-Junction,None,,,         ,Randall,Atkinson,Clear,Front to Rear,no,no,no,no,yes,False
102169825,METROPOLITAN NASHVILLE POLICE DEPT,20180848474,Davidson,Nashville,10/7/2018 12:00:00 AM,2,0,0,36.175230,-86.805430,16TH AVN,,,,0.00,,,COCKRILL ST,,,,0.00,Y,Four-Way, ,Intersection,None,,,         ,Erik,Schall,Clear,Angle,no,no,no,no,no,False
102169846,METROPOLITAN NASHVILLE POLICE DEPT,20180848741,Davidson,Nashville,10/7/2018 4:27:00 AM,1,1,0,36.223690,-86.693990,BRILEY PKWYN,,,,341.00,Feet,East,MUSIC CITY CIR,,,,0.00,N,Not at Intersection,N,Non-Junction,None,,,         ,Jacob,West,Clear,Not Collision with Motor Vehicle in Transport,no,no,no,no,no,False
102169869,METROPOLITAN NASHVILLE POLICE DEPT,20180848560,Davidson,Nashville,10/6/2018 12:00:00 AM,2,0,0,36.163800,-86.780600,5TH AVN,,,,88.00,Feet,South,THE ARCADE,,,,0.00,N,Not at Intersection,N,Non-Junction,None,,,         ,Jeremy,Arrington,Clear,"Sideswipe, Same Direction",no,no,no,no,yes,False
102169870,METROPOLITAN NASHVILLE POLICE DEPT,20180848782,Davidson,Nashville,10/7/2018 5:07:00 AM,2,1,0,36.134020,-86.722560,MURFREESBORO PKE,,,,0.00,,,PLUS PARK BLVD,,,,0.00,Y,T-Intersection,N,Intersection-Related,None,,,         ,Joseph,Zambardi,Clear,Front to Rear,no,no,no,no,yes,False
102169876,METROPOLITAN NASHVILLE POLICE DEPT,20180848700,Davidson,Nashville,10/7/2018 3:15:00 AM,2,0,0,36.049570,-86.713600,ASH GROVE DR,,,,66.00,Feet,East,NOLENSVILLE PKE,,,,0.00,N,Not at Intersection,N,Non-Junction,None,,,         ,Eric,Cunningham,Clear,Angle,no,no,no,no,yes,False
102169877,METROPOLITAN NASHVILLE POLICE DEPT,20180848364,Davidson,Nashville,10/6/2018 4:57:00 PM,3,0,0,36.046640,-86.678400,BELL RD,,,,306.00,Feet,East,BRITTANY PARK DR,,,,0.00,N,Not at Intersection,N,Non-Junction,None,,,         ,Sandra,Fly,Clear,"Sideswipe, Same Direction",no,no,no,no,yes,False
102169878,METROPOLITAN NASHVILLE POLICE DEPT,20180848824,Davidson,Nashville,10/7/2018 5:58:00 AM,1,0,0,36.080270,-86.723740,HARDING PL,,,,133.00,Feet,West,HARDING MALL DR,,,,0.00,N,Not at Intersection,N,Non-Junction,None,,,         ,Kurt,Lewton,Clear,Not Collision with Motor Vehicle in Transport,no,no,no,no,no,False
102169924,METROPOLITAN NASHVILLE POLICE DEPT,20180848942,Davidson,Nashville,10/7/2018 4:00:00 AM,1,0,0,36.176250,-86.808030,17TH AVN,,,,115.00,Feet,South,WHELESS ST,,,,0.00,N,Not at Intersection, ,Non-Junction,None,,,         ,Jonathon,Sheppard,Clear,Not Collision with Motor Vehicle in Transport,no,no,no,yes,yes,False
102169932,METROPOLITAN NASHVILLE POLICE DEPT,2018-0848951,Davidson,Nashville,10/7/2018 7:20:00 AM,2,0,0,36.188140,-86.607640,ANDREW JACKSON PKWY,,,,82.00,Feet,North,OLD LEBANON DIRT RD,,,,0.00,N,Not at Intersection, ,Non-Junction,None,,,         ,Calvin,Graham,Clear,Front to Rear,no,no,no,no,no,False
102169934,METROPOLITAN NASHVILLE POLICE DEPT,20180848684,Davidson,Nashville,10/7/2018 3:40:00 AM,2,1,0,36.149220,-86.747170,I 40,,,,0.00,,,,,,,211.80,N,Not at Intersection,N,Non-Junction,None,,,         ,Tyler,Manivong,Clear,"Sideswipe, Same Direction",no,no,no,no,no,False
102169941,METROPOLITAN NASHVILLE POLICE DEPT,20180848902,Davidson,Nashville,10/7/2018 6:43:00 AM,1,0,0,36.153280,-86.589210,JOHN HAGAR RD,,,,437.00,Feet,East,PENINSULA POINT DR,,,,0.00,N,Not at Intersection,N,Non-Junction,None,,,         ,Zachary,Plese,Clear,Not Collision with Motor Vehicle in Transport,no,no,no,no,no,False
102169949,METROPOLITAN NASHVILLE POLICE DEPT,20180848850,Davidson,Nashville,10/7/2018 5:38:00 AM,1,0,0,36.147420,-86.743930,I 40,,,,0.00,,,,,,,212.00,N,Not at Intersection,N,Non-Junction,None,,,         ,Tyler,Manivong,Clear,Unknown,no,no,no,no,yes,False
102169961,METROPOLITAN NASHVILLE POLICE DEPT,20180848957,Davidson,Not in City Limit,10/7/2018 7:25:00 AM,1,0,0,36.269400,-86.793570,I 24,,,,0.00,,,,,,,41.15,N,Not at Intersection,N,Non-Junction,None,,,         ,William,Coy,Clear,Not Collision with Motor Vehicle in Transport,no,no,no,no,no,False
102169962,METROPOLITAN NASHVILLE POLICE DEPT,20180848904,Davidson,Nashville,10/6/2018 9:30:00 PM,2,0,0,36.177610,-86.807520,16TH AVN,,,,210.00,Feet,North,WHELESS ST,,,,0.00,N,Not at Intersection, ,Non-Junction,None,,,         ,Jean,McCormack,Clear,"Sideswipe, Opposite Direction",no,no,no,no,yes,False
102169965,METROPOLITAN NASHVILLE POLICE DEPT,20180849007,Davidson,Not in City Limit,10/7/2018 12:00:00 AM,1,0,0,36.258780,-86.716190,MADISON ST,,,,8.00,Feet,East,DOUGLAS ST,,,,0.00,N,Not at Intersection,N,Non-Junction,None,,,         ,Joshua,Borum,Unknown,Not Collision with Motor Vehicle in Transport,no,no,no,no,yes,False
102170044,METROPOLITAN NASHVILLE POLICE DEPT,20180849037,Davidson,Nashville,10/6/2018 10:00:00 PM,2,0,0,36.102750,-86.787090,BUFORD PL,,,,323.00,Feet,East,ALBERT DR,,,,0.00,N,Not at Intersection, ,Non-Junction,None,,,         ,Timothy,Edwards,Clear,Rear to Side,no,no,no,no,no,False
102170047,BERRY HILL POLICE DEPT,18-3501,Davidson,Berry Hill,10/2/2018 11:30:00 AM,2,0,0,36.124670,-86.765490,BRANSFORD AV,,,,189.00,Feet,South,ROSEDALE AV,,,,0.00,N,Not at Intersection, ,Unknown,Work Zone,,,         ,Ronnie,Hill,Cloudy,"Sideswipe, Same Direction",no,no,no,yes,no,False
102170048,BERRY HILL POLICE DEPT,18-3516,Davidson,Berry Hill,10/3/2018 12:00:00 AM,2,0,0,36.122000,-86.773780,I440 ENT RAMP,,,,92.00,Feet,West,I 65,,,,0.00,N,Not at Intersection, ,,None,,,         ,Ronnie,Hill,,,no,no,no,yes,no,False
102170049,BERRY HILL POLICE DEPT,18-3517,Davidson,Berry Hill,10/3/2018 12:00:00 AM,2,0,0,36.120530,-86.761140,FOUR FORTY CENTER PVTDR,,,,362.00,Feet,North,MELROSE AV,,,,0.00,N,Not at Intersection, ,Non-Junction,Work Zone,,,         ,Ronnie,Hill,Clear,Angle,no,no,no,yes,yes,False
102170055,METROPOLITAN NASHVILLE POLICE DEPT,2018-0847568,Davidson,Nashville,10/6/2018 1:00:00 PM,4,1,0,36.086010,-86.700040,HARDING PL,,,,433.00,Feet,West,I24 W ENT RAMP,,,,0.00,N,Not at Intersection,N,Non-Junction,None,,,         ,Michael,Griggs,Clear,"Sideswipe, Opposite Direction",no,no,no,no,no,False
102170058,METROPOLITAN NASHVILLE POLICE DEPT,20180849136,Davidson,Nashville,10/7/2018 6:30:00 AM,1,1,0,36.246360,-86.718250,BERKLEY DR,,,,0.00,,,BARRY DR,,,,0.00,Y,T-Intersection,N,Intersection,None,,,         ,David,Lang,Clear,Not Collision with Motor Vehicle in Transport,yes,no,no,no,yes,False
102170066,METROPOLITAN NASHVILLE POLICE DEPT,2018-0849151,Davidson,Nashville,10/7/2018 10:00:00 AM,2,0,0,36.168790,-86.599610,SELLS DR,,,,231.00,Feet,East,OLD HICKORY BLVD,,,,0.00,N,Not at Intersection, ,Non-Junction,None,,,         ,Calvin,Graham,Clear,Angle,no,no,no,yes,yes,False
102170069,METROPOLITAN NASHVILLE POLICE DEPT,20180848934,Davidson,Nashville,10/7/2018 4:25:00 AM,1,0,0,36.107330,-86.719970,I 24,,,,0.00,,,,,,,53.90,N,Not at Intersection,N,Non-Junction,None,,,         ,Michael,Griggs,Clear,Not Collision with Motor Vehicle in Transport,no,no,no,no,no,False