master_record_number,agency,agency_tracking_number,county,city,collision_date,vehicles_involved,number_injured,number_dead,latitude,longitude,roadway_name,roadway_suffix,roadway_number,roadway_local_id,distance_from_reference,miles-feet_indicator,direction_from_reference,intersection_road_name,intersection_road_name_suffix,intersection_road_number,intersection_local_id,mile_marker,intersection_indicator,intersect_type,interchange_related_indicator,relation_to_junction,work_zone_type,construction_maintenance_zone,construction_maintenance_zone_location,fatal_case_number,officer_first_name,officer_last_name,weather_condition(s),manner_of_crash,pedestrian,bicycle,scooter,parking,hitrun,mou
102170070,METROPOLITAN NASHVILLE POLICE DEPT,20180848948,Davidson,Nashville,10/7/2018 7:20:00 AM,1,1,0,36.172440,-86.598820,CENTRAL PKE,,,,204.00,Feet,West,CENTRAL CT,,,,0.00,N,Not at Intersection,N,Non-Junction,None,,,         ,Kelsey,Hemminger,Cloudy,Not Collision with Motor Vehicle in Transport,no,no,no,no,yes,False
102170071,METROPOLITAN NASHVILLE POLICE DEPT,20180849153,Davidson,Nashville,10/7/2018 9:54:00 AM,2,0,0,36.159090,-86.624070,I 40,,,,0.00,,,,,,,219.35,N,Not at Intersection, ,Non-Junction,None,,,         ,Jason,Thomas,Cloudy,"Sideswipe, Same Direction",no,no,no,no,no,False
102170083,METROPOLITAN NASHVILLE POLICE DEPT,20180849166,Davidson,Nashville,10/7/2018 10:07:00 AM,1,0,0,36.130390,-86.801960,21ST AVS,,,,20.00,Feet,West,BLAIR BLVD,,,,0.00,N,Not at Intersection, ,Non-Junction,None,,,         ,Randy,Puckett,Clear,Not Collision with Motor Vehicle in Transport,yes,no,no,no,no,False
102170112,METROPOLITAN NASHVILLE POLICE DEPT,00982678,Davidson,Not in City Limit,10/7/2018 9:52:00 AM,2,0,0,36.316280,-86.876580,EATONS CREEK RD,,,,0.00,,,OLD CLARKSVILLE PKE,,,,0.00,Y,Four-Way,N,Non-Junction,None,,,         ,James,Wray,Clear,Angle,no,no,no,no,no,False
102170118,Nashville Airport Police,2018-04026,Davidson,Nashville,10/6/2018 6:45:00 AM,2,0,0,36.131510,-86.665410,TERMINAL DR,,,,683.00,Feet,South,DONELSON PKE S ENT RAMP,,,,0.00,N,Not at Intersection, ,Non-Junction,Construction Zone,,,         ,Lynn,Oliver,Clear,"Sideswipe, Same Direction",no,no,no,no,no,False
102170125,METROPOLITAN NASHVILLE POLICE DEPT,20180849221,Davidson,Nashville,10/7/2018 10:49:00 AM,4,2,0,36.248010,-86.720420,DUE WEST AVW,,,,18.00,Feet,West,GALLATIN PKES,,,,0.00,N,Not at Intersection,N,Non-Junction,None,,,         ,Joshua,Borum,Clear,Front to Rear,no,no,no,no,no,False
102170154,METROPOLITAN NASHVILLE POLICE DEPT,20180849244,Davidson,Nashville,10/6/2018 2:50:00 PM,3,0,0,36.045220,-86.713240,NOLENSVILLE PKE,,,,54.00,Feet,South,OLD HICKORY BLVD,,,,0.00,N,Not at Intersection,N,Non-Junction,None,,,         ,Brandon,Evans,Clear,Front to Rear,no,no,no,no,no,False
102170169,METROPOLITAN NASHVILLE POLICE DEPT,20180849253,Davidson,Nashville,10/7/2018 11:13:00 AM,3,0,0,36.136670,-86.727060,I24E,,,,126.00,Feet,West,I24 E ENT RAMP,,,,0.00,N,Not at Intersection,N,Entrance/Exit Ramp Related,None,,,         ,Zachary,Plese,Clear,Front to Rear,no,no,no,no,no,False
102170177,METROPOLITAN NASHVILLE POLICE DEPT,20180849312,Davidson,Nashville,10/7/2018 11:05:00 AM,2,0,0,36.037400,-86.786570,FRANKLIN PKE,,,,0.00,,,OLD HICKORY BLVD,,,,0.00,Y,Four-Way, ,Intersection-Related,None,,,         ,Walter,Cothran,Clear,Front to Rear,no,no,no,no,no,False
102170265,METROPOLITAN NASHVILLE POLICE DEPT,20180849365,Davidson,Nashville,10/7/2018 1:02:00 PM,2,1,0,36.218120,-86.837150,CLARKSVILLE PKE,,,,150.00,Feet,South,KINGS LN,,,,0.00,N,Not at Intersection, ,Non-Junction,None,,,         ,William,Coy,Cloudy,Angle,no,no,no,no,no,False
102170311,METROPOLITAN NASHVILLE POLICE DEPT,20180849305,Davidson,Nashville,10/7/2018 10:40:00 AM,1,0,0,36.137730,-86.705190,PATRICIA DR,,,,146.00,Feet,North,MARCELLA DR,,,,0.00,N,Not at Intersection,N,"Driveway, Alley Access, etc",None,,,         ,Garrett,Reingardt,Clear,Not Collision with Motor Vehicle in Transport,no,no,no,no,no,False
102170312,METROPOLITAN NASHVILLE POLICE DEPT,20180849261,Davidson,Nashville,10/7/2018 10:56:00 AM,3,0,0,36.115940,-86.786150,I 440,,,,0.00,,,,,,,4.20,N,Not at Intersection,N,Non-Junction,None,,,         ,Timothy,Edwards,Cloudy,Front to Rear,no,no,no,no,no,False
102170318,METROPOLITAN NASHVILLE POLICE DEPT,20180849399,Davidson,Nashville,10/7/2018 1:25:00 PM,2,0,0,36.152540,-86.791400,DIVISION ST,,,,109.00,Feet,North,16TH AVS,,,,0.00,N,Not at Intersection,N,Non-Junction,None,,,         ,David,Lang,Clear,Angle,no,no,no,yes,yes,False
102170328,METROPOLITAN NASHVILLE POLICE DEPT,20180849294,Davidson,Nashville,10/7/2018 12:05:00 PM,2,0,0,36.115940,-86.786150,I 440,,,,0.00,,,,,,,4.20,N,Not at Intersection, ,Non-Junction,None,,,         ,Timothy,Edwards,Clear,Front to Rear,no,no,no,no,no,False
102170367,METROPOLITAN NASHVILLE POLICE DEPT,20180849404,Davidson,Nashville,10/7/2018 1:20:00 PM,2,0,0,36.164630,-86.794140,I 40,,,,0.00,,,,,,,208.45,N,Not at Intersection,N,Non-Junction,None,,,         ,Zachary,Goodall,Cloudy,Front to Rear,no,no,no,no,no,False
102170378,METROPOLITAN NASHVILLE POLICE DEPT,20180849406,Davidson,Nashville,10/7/2018 1:38:00 PM,3,0,0,36.215790,-86.775320,I 65,,,,0.00,,,,,,,88.00,N,Not at Intersection,N,Non-Junction,None,,,         ,James,Wray,Clear,Front to Rear,no,no,no,no,no,False
102170388,METROPOLITAN NASHVILLE POLICE DEPT,20180849469,Davidson,Nashville,10/7/2018 1:10:00 PM,2,0,0,36.198710,-86.741150,GALLATIN PKE,,,,141.00,Feet,South,DELMAS AV,,,,0.00,N,Not at Intersection,N,Non-Junction,None,,,         ,Riley,Brewer,Clear,Front to Rear,no,no,no,no,no,False
102170430,METROPOLITAN NASHVILLE POLICE DEPT,20180849250,Davidson,Not in City Limit,10/7/2018 11:20:00 AM,2,1,0,36.266670,-86.708650,DUPONT AV,,,,388.00,Feet,North,GALLATIN PKEN,,,,0.00,N,Not at Intersection,N,Non-Junction,None,,,         ,Samuel,Kersten,Cloudy,"Sideswipe, Same Direction",no,no,no,no,no,False
102170450,METROPOLITAN NASHVILLE POLICE DEPT,2018-0849131,Davidson,Nashville,10/7/2018 9:37:00 AM,3,0,0,36.081300,-86.726870,NOLENSVILLE PKE,,,,490.00,Feet,South,WELSHWOOD DR,,,,0.00,N,Not at Intersection, ,Non-Junction,None,,,         ,Sean,Williams,Clear,HeadOn,no,no,no,no,yes,False
102170453,GOODLETTSVILLE POLICE DEPT,18-35577,Davidson,Goodlettsville,10/7/2018 3:37:00 PM,1,1,0,36.309550,-86.689280,VIETNAM VETERANS BLVD SB EXT R,,,,1880.00,Feet,East,CONFERENCE DR,,,,0.00,N,Not at Intersection,N,Non-Junction,None,,,         ,George,Forbes,Rain,Not Collision with Motor Vehicle in Transport,no,no,no,no,no,False
102170465,METROPOLITAN NASHVILLE POLICE DEPT,20180849483,Davidson,Nashville,10/7/2018 3:01:00 PM,2,2,0,36.144000,-86.738700,I 40,,,,0.00,,,,,,,212.40,N,Not at Intersection,N,Non-Junction,None,,,         ,Samuel,Sundra,Rain,Front to Rear,no,no,no,no,no,False
102170466,METROPOLITAN NASHVILLE POLICE DEPT,20180849481,Davidson,Nashville,10/7/2018 2:55:00 PM,2,1,0,36.103360,-86.714500,I 24,,,,0.00,,,,,,,54.30,N,Not at Intersection,N,Non-Junction,None,,,         ,Ryan,Sherry,Rain,"Sideswipe, Same Direction",no,no,no,no,yes,False
102170467,METROPOLITAN NASHVILLE POLICE DEPT,20180849536,Davidson,Nashville,10/7/2018 3:34:00 PM,2,0,0,36.146360,-86.791360,VILLA PL,,,,93.00,Feet,South,MUSIC SQS,,,,0.00,N,Not at Intersection, ,Non-Junction,None,,,         ,Darryl,Williams,Rain,Rear to Side,no,no,no,no,no,False
102170472,METROPOLITAN NASHVILLE POLICE DEPT,20180849593,Davidson,Nashville,10/7/2018 2:30:00 PM,2,0,0,36.157930,-86.791610,I40 E ENT RAMP,,,,0.00,,,I 40,,,,0.00,Y,T-Intersection, ,Intersection,None,,,         ,Steven,Fisher,Rain,Angle,no,no,no,no,no,False
102170474,METROPOLITAN NASHVILLE POLICE DEPT,20180849499,Davidson,Antioch,10/7/2018 2:12:00 PM,2,0,0,36.045770,-86.601500,HOBSON PKE,,,,1363.00,Feet,South,PIN HOOK RD,,,,0.00,N,Not at Intersection, ,Non-Junction,None,,,         ,Nathaniel,Myers,Cloudy,Front to Rear,no,no,no,no,no,False
102170476,METROPOLITAN NASHVILLE POLICE DEPT,20180849578,Davidson,Not in City Limit,10/7/2018 4:03:00 PM,1,0,0,36.263510,-86.789900,I 24,,,,0.00,,,,,,,41.60,N,Not at Intersection, ,Non-Junction,None,,,         ,Bradley,Fort,Rain,Not Collision with Motor Vehicle in Transport,no,no,no,no,no,False
102170478,METROPOLITAN NASHVILLE POLICE DEPT,20180849582,Davidson,Nashville,10/7/2018 4:00:00 PM,2,0,0,36.082580,-86.698000,I 24,,,,0.00,,,,,,,56.00,N,Not at Intersection, ,Non-Junction,None,,,         ,Eric,Wegener,Rain,"Sideswipe, Same Direction",no,no,no,no,yes,False
102170479,METROPOLITAN NASHVILLE POLICE DEPT,20180849526,Davidson,Nashville,10/7/2018 2:49:00 PM,2,0,0,36.107470,-86.720100,I 24,,,,0.00,,,,,,,53.90,N,Not at Intersection, ,Non-Junction,None,,,         ,Ryan,Sherry,Rain,Front to Rear,no,no,no,no,no,False
102170481,METROPOLITAN NASHVILLE POLICE DEPT,20180849430,Davidson,Nashville,10/7/2018 1:36:00 PM,3,1,0,36.249660,-86.776740,BRICK CHURCH PKE,,,,22.00,Feet,South,NORTHBROOK DR,,,,0.00,N,Not at Intersection,N,Non-Junction,None,,,         ,Samuel,Kersten,Cloudy,Front to Rear,no,no,no,no,no,False
102170485,METROPOLITAN NASHVILLE POLICE DEPT,20180849574,Davidson,Goodlettsville,10/7/2018 3:38:00 PM,2,0,0,36.305910,-86.693820,CONFERENCE DR,,,,0.00,,,RIVERGATE MALL PVTDR,,,,0.00,Y,T-Intersection,N,Intersection,None,,,         ,Adam,Nicholson,Rain,HeadOn,no,no,no,no,yes,False
102170486,METROPOLITAN NASHVILLE POLICE DEPT,20180849623,Davidson,Nashville,10/7/2018 4:24:00 PM,2,0,0,36.138290,-86.727370,I24E,,,,314.00,Feet,West,I24 W ENT RAMP,,,,0.00,N,Not at Intersection, ,Non-Junction,None,,,         ,Samuel,Sundra,Cloudy,Angle,no,no,no,no,no,False
102170501,METROPOLITAN NASHVILLE POLICE DEPT,20180849549,Davidson,Nashville,10/7/2018 3:45:00 PM,1,0,0,36.172580,-86.688850,BRILEY PKWYN,,,,72.00,Feet,North,BRILEY PKWY N ENT RAMP,,,,0.00,N,Not at Intersection,N,Non-Junction,None,,,         ,Corey,Ethridge,Clear,Not Collision with Motor Vehicle in Transport,no,no,no,no,yes,False
102170502,METROPOLITAN NASHVILLE POLICE DEPT,20180849557,Davidson,Nashville,10/7/2018 12:00:00 AM,2,1,0,36.077090,-86.734070,OVERCREST DR,,,,22.00,Feet,South,HARDING PL,,,,0.00,N,Not at Intersection,N,Non-Junction,None,,,         ,David,Robberson,Rain,Angle,no,no,no,no,no,False
102170517,METROPOLITAN NASHVILLE POLICE DEPT,20180849739,Davidson,Nashville,10/7/2018 5:43:00 PM,2,0,0,36.112360,-86.922490,I40 W EXT RAMP,,,,0.00,Feet,East,I 40,,,,0.00,N,Not at Intersection, ,,None,,,         ,Matthew,Jankiewicz,,,no,no,no,no,no,False
102170522,METROPOLITAN NASHVILLE POLICE DEPT,20180849648,Davidson,Nashville,10/7/2018 4:27:00 PM,2,0,0,36.145650,-86.741150,I 40,,,,0.00,,,,,,,212.20,N,Not at Intersection, ,Non-Junction,None,,,         ,Trenton,Searcy,Rain,Front to Rear,no,no,no,no,yes,False
102170524,METROPOLITAN NASHVILLE POLICE DEPT,20180849773,Davidson,Nashville,10/7/2018 6:28:00 PM,2,1,0,36.198400,-86.620290,LEBANON PKE,,,,16.00,Feet,South,OLD HICKORY BLVD,,,,0.00,N,Not at Intersection,N,Non-Junction,None,,,         ,Tony,Mingsing,Clear,Front to Rear,no,no,no,no,no,False
102170538,METROPOLITAN NASHVILLE POLICE DEPT,20180849645,Davidson,Nashville,10/7/2018 12:00:00 AM,2,0,0,36.080610,-86.726650,NOLENSVILLE PKE,,,,378.00,Feet,North,HARDING PL,,,,0.00,N,Not at Intersection,N,Non-Junction,None,,,         ,David,Robberson,Cloudy,Angle,no,no,no,no,no,False
102170552,METROPOLITAN NASHVILLE POLICE DEPT,20180849766,Davidson,Nashville,10/7/2018 6:12:00 PM,1,0,0,36.161280,-86.598060,BELL RD,,,,274.00,Feet,West,OLD HICKORY BLVD,,,,0.00,N,Not at Intersection,N,Non-Junction,None,,,         ,Abbey,Sawl,Clear,Not Collision with Motor Vehicle in Transport,no,no,no,no,no,False
102170566,METROPOLITAN NASHVILLE POLICE DEPT,20180849830,Davidson,Nashville,10/7/2018 7:06:00 PM,1,1,0,36.096900,-86.705810,ANTIOCH PKE,,,,313.00,Feet,East,SPACE PARK SOUTH DR,,,,0.00,N,Not at Intersection,N,Non-Junction,None,,,         ,Jarret,Sonnenberg,Fog,Not Collision with Motor Vehicle in Transport,no,no,no,no,no,False
102170585,METROPOLITAN NASHVILLE POLICE DEPT,20180849836,Davidson,Not in City Limit,10/7/2018 7:10:00 PM,3,1,0,36.264210,-86.734190,OLD HICKORY BLVDW,,,,95.00,Feet,West,HEAD DR,,,,0.00,N,Not at Intersection,Y,Non-Junction,None,,,         ,Peter,Vaught,Clear,Angle,no,no,no,no,yes,False
102170588,METROPOLITAN NASHVILLE POLICE DEPT,20180849543,Davidson,Nashville,10/7/2018 2:14:00 PM,2,0,0,36.041860,-86.726530,OLD HICKORY BLVD,,,,161.00,Feet,South,WOODLANDS AV,,,,0.00,N,Not at Intersection, ,Non-Junction,None,,,         ,Brandon,Hughes,Rain,Angle,no,no,no,no,yes,False
102170590,METROPOLITAN NASHVILLE POLICE DEPT,20180849802,Davidson,Not in City Limit,10/7/2018 6:47:00 PM,2,2,0,36.271950,-86.710260,GALLATIN PKEN,,,,303.00,Feet,South,NESBITT LN,,,,0.00,N,Not at Intersection,Y,Non-Junction,None,,,         ,DuJuan,Kendrick,Clear,"Sideswipe, Same Direction",no,no,no,no,no,False
102170591,METROPOLITAN NASHVILLE POLICE DEPT,20180849914,Davidson,Nashville,10/7/2018 12:00:00 AM,2,0,0,36.152550,-86.784870,12TH AVS,,,,10.00,Feet,West,PINE ST,,,,0.00,N,Not at Intersection, ,Non-Junction,None,,,         ,Trevor,Taylor,Clear,"Sideswipe, Same Direction",no,no,no,no,no,False
102170597,METROPOLITAN NASHVILLE POLICE DEPT,20180849908,Davidson,Not in City Limit,10/7/2018 7:22:00 PM,2,0,0,36.264130,-86.726570,OLD HICKORY BLVDW,,,,0.00,Feet,East,RONNIE RD,,,,0.00,N,Not at Intersection,N,Non-Junction,None,,,         ,Peter,Vaught,Clear,"Sideswipe, Opposite Direction",no,no,no,no,yes,False
102170610,METROPOLITAN NASHVILLE POLICE DEPT,20180849935,Davidson,Nashville,10/7/2018 8:08:00 PM,1,0,0,36.143150,-86.791100,EDGEHILL AV,,,,137.00,Feet,West,15TH AVS,,,,0.00,N,Not at Intersection, ,Non-Junction,None,,,         ,Darryl,Williams,Cloudy,Not Collision with Motor Vehicle in Transport,no,no,no,no,no,False
102170644,METROPOLITAN NASHVILLE POLICE DEPT,20180849486,Davidson,Nashville,10/7/2018 2:22:00 PM,2,0,0,36.044850,-86.668370,ARBOR COMMON,,,,0.00,,,BEECHWOOD TER,,,,0.00,Y,OTHER, ,Non-Junction,None,,,         ,Jedidayah,Merriweather,Rain,HeadOn,no,no,no,no,no,False
102170650,METROPOLITAN NASHVILLE POLICE DEPT,20180849989,Davidson,Nashville,10/6/2018 8:00:00 PM,2,0,0,36.155960,-86.773920,4TH AVS,,,,0.00,,,PEABODY ST,,,,0.00,Y,OTHER,N,Non-Junction,None,,,         ,Tyler,Hall,Clear,Front to Rear,no,no,no,yes,yes,False
102170667,METROPOLITAN NASHVILLE POLICE DEPT,20180850001,Davidson,Nashville,10/7/2018 8:50:00 PM,1,0,0,36.120920,-86.727640,DODGE DR,,,,252.00,Feet,South,I24 E ENT RAMP,,,,0.00,N,Not at Intersection,N,Non-Junction,None,,,         ,Ryan,Sherry,Rain,Not Collision with Motor Vehicle in Transport,no,no,no,no,yes,False
102170693,METROPOLITAN NASHVILLE POLICE DEPT,20180850080,Davidson,Nashville,10/7/2018 9:44:00 PM,1,1,0,36.174070,-86.807550,COCKRILL ST,,,,288.00,Feet,East,DR D B TODD JR BLVD,,,,0.00,N,Not at Intersection,N,Non-Junction,None,,,         ,Justin,Vaughn,Clear,Not Collision with Motor Vehicle in Transport,yes,no,no,no,yes,False
102170702,METROPOLITAN NASHVILLE POLICE DEPT,20180849678,Davidson,Nashville,10/7/2018 5:25:00 PM,1,1,0,36.124490,-86.698530,VULTEE BLVD,,,,402.00,Feet,South,SATURN DR,,,,0.00,N,Not at Intersection,N,Non-Junction,None,,,         ,Dontaveous,Eubanks,Cloudy,Not Collision with Motor Vehicle in Transport,no,no,no,no,no,False
102170712,METROPOLITAN NASHVILLE POLICE DEPT,20180850089,Davidson,Nashville,10/7/2018 12:00:00 AM,1,0,0,36.051160,-86.661080,HICKORY HOLLOW PL,,,,433.00,Feet,West,HICKORY HOLLOW PKWY,,,,0.00,N,Not at Intersection,N,Non-Junction,None,,,         ,Devonte,Coleman,Unknown,Unknown,no,no,no,yes,yes,False
102170748,METROPOLITAN NASHVILLE POLICE DEPT,20180849280,Davidson,Nashville,10/7/2018 11:30:00 AM,2,0,0,36.164230,-86.777730,CHURCH ST,,,,0.00,,,3RD AVN,,,,0.00,Y,Four-Way,N,Intersection,None,,,         ,Gregory,Julia,Clear,"Sideswipe, Same Direction",no,no,no,no,no,False
102170785,METROPOLITAN NASHVILLE POLICE DEPT,20180850143,Davidson,Nashville,10/7/2018 10:35:00 PM,1,1,0,36.153790,-86.794410,17TH AVS,,,,0.00,,,WEST END AV,,,,0.00,Y,Four-Way,N,Intersection-Related,None,,,         ,Randall,Ward,Clear,Not Collision with Motor Vehicle in Transport,yes,no,no,no,no,False
102170792,METROPOLITAN NASHVILLE POLICE DEPT,20180850204,Davidson,Nashville,10/7/2018 10:30:00 PM,2,0,0,36.245050,-86.777800,CHESAPEAKE CIR,,,,196.00,Feet,West,CHESAPEAKE CT,,,,0.00,N,Not at Intersection, ,Non-Junction,None,,,         ,Goran,Manojlovic,Cloudy,"Sideswipe, Same Direction",no,no,no,no,yes,False
102170800,METROPOLITAN NASHVILLE POLICE DEPT,20180850163,Davidson,Nashville,10/7/2018 10:37:00 PM,2,0,0,36.059720,-86.670990,UNA ANTIOCH PKE,,,,0.00,,,ANTIOCH PKE,,,,0.00,Y,T-Intersection,N,Intersection,None,,,         ,Autumn,Manning,Clear,Angle,no,no,no,no,yes,False
102170805,METROPOLITAN NASHVILLE POLICE DEPT,20180850159,Davidson,Nashville,10/7/2018 10:40:00 PM,2,0,0,36.163250,-86.776070,2ND AVN,,,,0.00,,,COMMERCE ST,,,,0.00,Y,OTHER,N,Intersection,None,,,         ,Billy,Price,Clear,"Sideswipe, Same Direction",no,no,no,no,no,False
102170814,VANDERBILT UNIVERSITY POLICE,20180850112,Davidson,Nashville,10/7/2018 9:50:00 PM,1,0,0,36.143530,-86.811860,28TH AVS,,,,435.00,Feet,West,VANDERBILT PL,,,,0.00,N,Not at Intersection, ,Non-Junction,None,,,         ,Michael,Walker,Clear,Not Collision with Motor Vehicle in Transport,no,no,no,yes,no,Campus
102170820,METROPOLITAN NASHVILLE POLICE DEPT,2018-0850200,Davidson,Nashville,10/7/2018 10:40:00 PM,2,0,0,36.127520,-86.712160,MURFREESBORO PKE,,,,348.00,Feet,East,PHILFRE CT,,,,0.00,N,Not at Intersection,N,Non-Junction,None,,,         ,Brian,Gant,Clear,Front to Rear,no,no,no,no,yes,False
102170845,METROPOLITAN NASHVILLE POLICE DEPT,20180850229,Davidson,Nashville,10/7/2018 8:35:00 PM,2,0,0,36.206670,-86.778600,W TRINITY LN,,,,50.00,Feet,West,HAMPTON ST,,,,0.00,N,Not at Intersection, ,Non-Junction,None,,,         ,Joseph,Gawlowski,Clear,"Sideswipe, Same Direction",no,no,no,no,no,False
102170865,THP District 9 - Administrative,318066726,Davidson,Nashville,10/6/2018 8:00:00 PM,2,0,0,36.178250,-86.790710,TAYLOR ST,,,,189.00,Feet,West,5TH AVN,,,,0.00,N,Not at Intersection, ,Non-Junction,None,,,         ,Trae,Dickson,Clear,"Sideswipe, Opposite Direction",no,no,no,no,yes,False
102170882,METROPOLITAN NASHVILLE POLICE DEPT,20180845208,Davidson,Nashville,10/5/2018 12:24:00 PM,2,0,0,36.074190,-86.692620,I 24,,,,0.00,,,,,,,56.60,N,Not at Intersection,N,Non-Junction,None,,,         ,Donald,Davidson,,Front to Rear,no,no,no,no,no,False
102170895,METROPOLITAN NASHVILLE POLICE DEPT,20180850917,Davidson,Nashville,10/8/2018 7:21:00 AM,2,0,0,36.201860,-86.605230,BATON ROUGE DR,,,,155.00,Feet,West,BATON ROUGE CT,,,,0.00,N,Not at Intersection, ,Non-Junction,None,,,         ,Michael,Parman,Clear,Angle,no,no,no,no,no,False
102170898,METROPOLITAN NASHVILLE POLICE DEPT,20180850910,Davidson,Nashville,10/8/2018 7:17:00 AM,2,1,0,36.164570,-86.776910,CHURCH ST,,,,0.00,,,2ND AVN,,,,0.00,Y,Four-Way,Y,Intersection-Related,None,,,         ,Kyle,Eicholtz,Clear,Angle,no,no,no,no,no,False
102170904,METROPOLITAN NASHVILLE POLICE DEPT,20180850966,Davidson,Nashville,10/8/2018 7:32:00 AM,2,2,0,36.142590,-86.666630,DONELSON PKE,,,,106.00,Feet,North,I40 W ENT RAMP,,,,0.00,N,Not at Intersection,N,Non-Junction,None,,,         ,Tien,Nguyen,Clear,Front to Rear,no,no,no,no,no,False
102170908,METROPOLITAN NASHVILLE POLICE DEPT,20180850873,Davidson,Nashville,10/8/2018 6:55:00 AM,1,1,0,36.137570,-86.800760,21ST AVS,,,,0.00,,,WEDGEWOOD AV,,,,0.00,Y,Four-Way,N,Intersection-Related,None,,,         ,Jon,Mcvey,Cloudy,Not Collision with Motor Vehicle in Transport,yes,no,no,no,no,Campus
102170909,METROPOLITAN NASHVILLE POLICE DEPT,20180850878,Davidson,Antioch,10/8/2018 6:54:00 AM,2,0,0,36.058200,-86.596870,HAMILTON CHURCH RD,,,,290.00,Feet,East,HOBSON PKE,,,,0.00,N,Not at Intersection, ,Non-Junction,None,,,         ,Brandon,Vance,Clear,Angle,no,no,no,no,no,False
102170914,METROPOLITAN NASHVILLE POLICE DEPT,20180850948,Davidson,Nashville,10/8/2018 7:29:00 AM,2,0,0,36.154750,-86.806040,22ND AVN,,,,0.00,,,MURPHY AV,,,,0.00,Y,Four-Way,N,Intersection,None,,,         ,Justan,Vance,Clear,Angle,no,no,no,no,no,False
102170934,METROPOLITAN NASHVILLE POLICE DEPT,20180850936,Davidson,Nashville,10/8/2018 7:28:00 AM,2,0,0,36.163320,-86.613120,BELL RD,,,,0.00,,,DODSON CHAPEL RD,,,,0.00,Y,T-Intersection,N,Intersection-Related,None,,,         ,Jason,Thomas,Cloudy,Angle,no,no,no,no,no,False
102170944,METROPOLITAN NASHVILLE POLICE DEPT,20180851044,Davidson,Nashville,10/8/2018 7:43:00 AM,2,0,0,36.107000,-86.728720,NEESE DR,,,,0.00,,,SOUTHLAKE DR,,,,0.00,Y,Four-Way, ,Intersection,None,,,         ,Fabjan,Llukaj,Clear,Front to Rear,no,no,no,no,no,False
102170948,METROPOLITAN NASHVILLE POLICE DEPT,20180851038,Davidson,Nashville,10/8/2018 8:08:00 AM,2,0,0,36.143240,-86.744280,FESSLERS LN,,,,164.00,Feet,North,MURFREESBORO PKE,,,,0.00,N,Not at Intersection,N,OtherLocation,None,,,         ,Tien,Nguyen,Clear,Front to Rear,no,no,no,yes,no,False
102170959,METROPOLITAN NASHVILLE POLICE DEPT,20180851017,Davidson,Nashville,10/8/2018 8:02:00 AM,2,0,0,36.162290,-86.781210,6TH AVN,,,,144.00,Feet,South,CHURCH ST,,,,0.00,N,Not at Intersection,N,Non-Junction,None,,,         ,Kyle,Eicholtz,Clear,Angle,no,no,no,no,no,False
102170960,METROPOLITAN NASHVILLE POLICE DEPT,20180850866,Davidson,Nashville,10/8/2018 6:42:00 AM,2,0,0,36.141850,-86.672960,I 40,,,,0.00,,,,,,,215.00,N,Not at Intersection,N,Entrance/Exit Ramp Related,None,,,         ,Tien,Nguyen,Clear,"Sideswipe, Same Direction",no,no,no,no,no,False
102170967,METROPOLITAN NASHVILLE POLICE DEPT,20180851003,Davidson,Nashville,10/8/2018 7:55:00 AM,2,0,0,36.185650,-86.747570,GALLATIN AV,,,,0.00,Feet,East,SEYMOUR AV,,,,0.00,N,Not at Intersection,N,Non-Junction,None,,,         ,William,Clemons,Clear,"Sideswipe, Opposite Direction",no,no,no,no,yes,False
102170971,METROPOLITAN NASHVILLE POLICE DEPT,20180850962,Davidson,Nashville,10/8/2018 7:33:00 AM,2,0,0,36.103600,-86.666480,FAIRCLOTH LN,,,,8.00,Feet,South,OLD MURFREESBORO PKE,,,,0.00,N,Not at Intersection,N,Non-Junction,None,,,         ,Garrett,Reingardt,Clear,Angle,no,no,no,no,no,False
102170975,METROPOLITAN NASHVILLE POLICE DEPT,20180851144,Davidson,Nashville,10/8/2018 9:06:00 AM,2,0,0,36.168470,-86.785570,JAMES ROBERTSON PKWY,,,,105.00,Feet,West,6TH AVN,,,,0.00,N,Not at Intersection, ,Non-Junction,None,,,         ,Robert,Schohn,Clear,Front to Rear,no,no,no,no,no,False
102170976,METROPOLITAN NASHVILLE POLICE DEPT,20180850916,Davidson,Nashville,10/8/2018 7:19:00 AM,2,0,0,36.221560,-86.760770,HART LN,,,,270.00,Feet,East,DICKERSON PKE,,,,0.00,N,Not at Intersection, ,"Driveway, Alley Access, etc",None,,,         ,Doyle,Price,Clear,Front to Rear,no,no,no,no,no,False
102170977,METROPOLITAN NASHVILLE POLICE DEPT,20180851015,Davidson,Nashville,10/8/2018 8:30:00 AM,2,0,0,36.100170,-86.866340,HARDING PL,,,,485.00,Feet,South,WINDSOR DR,,,,0.00,N,Not at Intersection, ,Non-Junction,None,,,         ,Terrence,Bradley,Clear,Front to Rear,no,no,no,no,no,False
102170981,METROPOLITAN NASHVILLE POLICE DEPT,20180850941,Davidson,Nashville,10/8/2018 7:30:00 AM,2,0,0,36.176730,-86.772300,I24 W EXT RAMP,,,,0.00,,,I 24,,,,0.00,Y,OTHER, ,Entrance/Exit Ramp Related,None,,,         ,Clint,Gilleland,Clear,Front to Rear,no,no,no,no,no,False