master_record_number,agency,agency_tracking_number,county,city,collision_date,vehicles_involved,number_injured,number_dead,latitude,longitude,roadway_name,roadway_suffix,roadway_number,roadway_local_id,distance_from_reference,miles-feet_indicator,direction_from_reference,intersection_road_name,intersection_road_name_suffix,intersection_road_number,intersection_local_id,mile_marker,intersection_indicator,intersect_type,interchange_related_indicator,relation_to_junction,work_zone_type,construction_maintenance_zone,construction_maintenance_zone_location,fatal_case_number,officer_first_name,officer_last_name,weather_condition(s),manner_of_crash,pedestrian,bicycle,scooter,parking,hitrun,mou
102171665,METROPOLITAN NASHVILLE POLICE DEPT,20180852344,Davidson,Nashville,10/8/2018 5:41:00 PM,2,0,0,36.119500,-86.701840,MURFREESBORO PKE,,,,40.00,Feet,South,JUPITER DR,,,,0.00,N,Not at Intersection, ,Non-Junction,None,,,         ,Seth,Vaughn,Cloudy,Angle,no,no,no,no,no,False
102171666,METROPOLITAN NASHVILLE POLICE DEPT,20180852897,Davidson,Nashville,10/8/2018 8:35:00 PM,1,0,0,36.130190,-86.754930,POLK AV,,,,30.00,Feet,East,NOLENSVILLE PKE,,,,0.00,N,Not at Intersection,Y,Unknown,None,,,         ,Jarret,Sonnenberg,Clear,Not Collision with Motor Vehicle in Transport,no,no,no,no,no,False
102171670,METROPOLITAN NASHVILLE POLICE DEPT,20180852862,Davidson,Nashville,10/8/2018 9:16:00 PM,1,0,0,36.083390,-86.654350,PICCADILLY ROW,,,,244.00,Feet,South,WHITE MOUNTAIN LN,,,,0.00,N,Not at Intersection,N,Non-Junction,None,,,         ,Andrew,Brazee,Clear,Not Collision with Motor Vehicle in Transport,no,no,no,no,no,False
102171729,METROPOLITAN NASHVILLE POLICE DEPT,20180852835,Davidson,Nashville,10/8/2018 12:00:00 AM,2,2,0,36.243890,-86.756580,DICKERSON PKE,,,,0.00,,,DOVERSIDE DR,,,,0.00,Y,Four-Way,N,Intersection,None,,,         ,Joel,Callies,Cloudy,Angle,no,no,no,no,no,False
102171730,METROPOLITAN NASHVILLE POLICE DEPT,20180853064,Davidson,Not in City Limit,10/8/2018 12:00:00 AM,2,1,0,36.263070,-86.711920,STATE RT 45,,,,0.00,,,GALLATIN PKEN,,,,0.00,Y,Four-Way,N,Intersection-Related,None,,,         ,David,Williford,Clear,Front to Rear,no,no,no,no,yes,False
102171742,METROPOLITAN NASHVILLE POLICE DEPT,20180853089,Davidson,Nashville,10/8/2018 11:20:00 PM,2,0,0,36.158990,-86.775890,DEMONBREUN ST,,,,0.00,,,4TH AVS,,,,0.00,Y,Four-Way, ,Intersection,None,,,         ,Eric,Schaefer,Clear,Angle,no,no,no,no,no,False
102171766,BELLE MEADE POLICE DEPT,18-0269,Davidson,Belle Meade,10/8/2018 6:20:00 PM,3,0,0,36.113270,-86.862950,JACKSON BLVD,,,,0.00,,,HARDING PKE,,,,0.00,Y,T-Intersection,N,Non-Junction,None,,,         ,Mark,Hill,Cloudy,"Sideswipe, Same Direction",no,no,no,no,no,False
102171789,METROPOLITAN NASHVILLE POLICE DEPT,20180853376,Davidson,Antioch,10/9/2018 12:00:00 AM,1,0,0,36.084800,-86.606000,ANDERSON RD,,,,0.00,Feet,East,SCENIC LAKE CT,,,,0.00,,Not at Intersection,N,Non-Junction,None,,,         ,Antoine,Maghamez,Clear,Not Collision with Motor Vehicle in Transport,no,no,no,no,yes,False
102171796,METROPOLITAN NASHVILLE POLICE DEPT,20180853529,Davidson,Nashville,10/9/2018 12:00:00 AM,1,0,0,36.136170,-86.727240,I24 E EXT RAMP,,,,0.00,,,I 24,,,,0.00,Y,Y-Intersection,Y,Entrance/Exit Ramp Related,None,,,         ,David,Simmonds,Clear,Not Collision with Motor Vehicle in Transport,no,no,no,no,no,False
102171800,METROPOLITAN NASHVILLE POLICE DEPT,20180853491,Davidson,Nashville,10/9/2018 2:49:00 AM,2,0,0,36.146090,-86.754230,MURFREESBORO PKE,,,,101.00,Feet,West,EXPRESSWAY PARK DR,,,,0.00,N,Not at Intersection,N,Non-Junction,None,,,         ,Kyle,Berkheiser,Clear,Angle,no,no,no,no,no,False
102171807,METROPOLITAN NASHVILLE POLICE DEPT,20180853574,Davidson,Nashville,10/9/2018 4:14:00 AM,2,0,0,36.203660,-86.776540,I65 N EXT RAMP,,,,0.00,Feet,East,I 65,,,,0.00,N,Not at Intersection, ,OtherLocation,None,,,         ,Juan,Gonzalez,Clear,"Sideswipe, Same Direction",no,no,no,no,no,False
102171811,BELLE MEADE POLICE DEPT,18-0270,Davidson,Belle Meade,10/9/2018 5:56:00 AM,1,0,0,36.120880,-86.853230,HARDING PKE,,,,0.00,,,GARDNER DR,,,,0.00,Y,T-Intersection, ,Intersection,None,,,         ,Charles,Williams,Clear,Not Collision with Motor Vehicle in Transport,no,no,no,no,no,False
102171820,METROPOLITAN NASHVILLE POLICE DEPT,20180853706,Davidson,Nashville,10/9/2018 5:20:00 AM,2,0,0,36.124580,-86.751960,NOLENSVILLE PKE,,,,163.00,Feet,South,ROSEDALE AV,,,,0.00,N,Not at Intersection,N,Non-Junction,None,,,         ,Antoine,Maghamez,Clear,Front to Rear,no,no,no,no,yes,False
102171838,METROPOLITAN NASHVILLE POLICE DEPT,20180853730,Davidson,Nashville,10/9/2018 5:50:00 AM,2,2,0,36.161350,-86.799930,17TH AVN,,,,0.00,Feet,,JO JOHNSTON AV,,,,0.00,Y,Four-Way,N,Intersection,None,,,         ,Steven,Powers,Clear,Angle,no,no,no,no,no,False
102171844,METROPOLITAN NASHVILLE POLICE DEPT,20180853823,Davidson,Nashville,10/9/2018 6:25:00 AM,2,0,0,36.141040,-86.660800,I 40,,,,0.00,,,,,,,218.00,N,Not at Intersection, ,,None,,,         ,Alex,DiBernardo,,,no,no,no,no,no,False
102171854,METROPOLITAN NASHVILLE POLICE DEPT,20180853766,Davidson,Nashville,10/9/2018 6:18:00 AM,3,2,0,36.142420,-86.680160,I 40,,,,0.00,,,,,,,215.85,N,Not at Intersection,N,Non-Junction,None,,,         ,Joseph,Zambardi,Clear,Unknown,no,no,no,no,no,False
102171864,METROPOLITAN NASHVILLE POLICE DEPT,2018851150,Davidson,Nashville,10/8/2018 9:11:00 AM,2,1,0,36.167790,-86.820750,ED TEMPLE BLVD,,,,0.00,,,JOHN A MERRITT BLVD,,,,0.00,Y,Four-Way,N,Intersection,None,,,         ,Donald,Davidson,Clear,Angle,no,no,no,no,no,False
102171894,METROPOLITAN NASHVILLE POLICE DEPT,20180853796,Davidson,Nashville,10/9/2018 6:16:00 AM,2,0,0,36.153660,-86.846070,I 40,,,,0.00,,,,,,,204.60,N,Not at Intersection, ,,None,,,         ,Walter,Gray II,,,no,no,no,no,no,False
102171902,METROPOLITAN NASHVILLE POLICE DEPT,20180853954,Davidson,Nashville,10/9/2018 8:17:00 AM,2,0,0,36.150970,-86.784350,12TH AVS,,,,38.00,Feet,South,DIVISION ST,,,,0.00,N,Not at Intersection, ,,None,,,         ,Samuel,Fredericks,,,no,no,no,no,no,False
102171904,METROPOLITAN NASHVILLE POLICE DEPT,20180853972,Davidson,Nashville,10/9/2018 7:30:00 AM,2,0,0,36.156100,-86.789780,I40 E ENT RAMP,,,,135.00,Feet,North,I 40,,,,0.00,N,Not at Intersection,Y,Entrance/Exit Ramp Related,None,,,         ,William,Caillouette,Clear,Front to Rear,no,no,no,no,yes,False
102171909,METROPOLITAN NASHVILLE POLICE DEPT,20180853944,Davidson,Nashville,10/9/2018 7:54:00 AM,2,0,0,36.154630,-86.759340,I 40,,,,0.00,,,,,,,211.00,N,Not at Intersection, ,Non-Junction,None,,,         ,John,Frazier,Clear,Other,no,no,no,no,no,False
102171919,METROPOLITAN NASHVILLE POLICE DEPT,20180853873,Davidson,Nashville,10/9/2018 7:23:00 AM,2,1,0,36.176640,-86.771010,SPRING ST,,,,0.00,,,DICKERSON PKE,,,,0.00,Y,Four-Way,N,Intersection,None,,,         ,Wesley,Mcclelland,Clear,HeadOn,no,no,no,no,no,False
102171920,METROPOLITAN NASHVILLE POLICE DEPT,20180853924,Davidson,Antioch,10/9/2018 7:40:00 AM,2,2,0,36.059400,-86.599650,HAMILTON CHURCH RD,,,,641.00,Feet,West,HOBSON PKE,,,,0.00,N,Not at Intersection,N,Non-Junction,None,,,         ,Corey,Oakley,Clear,Front to Rear,no,no,no,no,no,False
102171921,METROPOLITAN NASHVILLE POLICE DEPT,20180853982,Davidson,Nashville,10/9/2018 8:03:00 AM,3,0,0,36.141600,-86.666560,DONELSON PKE,,,,75.00,Feet,North,I40 W EXT RAMP,,,,0.00,N,Not at Intersection,N,Non-Junction,None,,,         ,Alex,DiBernardo,Clear,"Sideswipe, Same Direction",no,no,no,no,no,False
102171925,METROPOLITAN NASHVILLE POLICE DEPT,20180854051,Davidson,Nashville,10/9/2018 8:30:00 AM,2,0,0,36.166000,-86.794890,I 40,,,,0.00,,,,,,,208.35,N,Not at Intersection, ,Non-Junction,None,,,         ,Brian,Mclarty,Clear,Front to Rear,no,no,no,no,no,False
102171931,METROPOLITAN NASHVILLE POLICE DEPT,20180853926,Davidson,Nashville,10/9/2018 7:45:00 AM,3,3,0,36.146790,-86.766630,MILDRED SHUTE AV,,,,0.00,,,3RD AVS,,,,0.00,Y,Four-Way,N,Intersection,None,,,         ,Charles,Wakefield,Clear,Angle,no,no,no,no,no,False
102171933,METROPOLITAN NASHVILLE POLICE DEPT,20180854045,Davidson,Nashville,10/9/2018 8:13:00 AM,1,0,0,36.117170,-86.922520,CHARLOTTE PKE,,,,274.00,Feet,East,OLD HICKORY BLVD,,,,0.00,N,Not at Intersection,N,Non-Junction,None,,,         ,Benjamin,Cantrell,Clear,Not Collision with Motor Vehicle in Transport,no,no,no,no,no,False
102171936,METROPOLITAN NASHVILLE POLICE DEPT,20180854007,Davidson,Nashville,10/9/2018 8:15:00 AM,2,0,0,36.221610,-86.746850,ELLINGTON PKWYS,,,,98.00,Feet,West,ELLINGTON PKWYN,,,,0.00,N,Not at Intersection, ,Non-Junction,None,,,         ,Erik,Nash,Clear,"Sideswipe, Same Direction",no,no,no,no,no,False
102171937,METROPOLITAN NASHVILLE POLICE DEPT,20180854080,Davidson,Nashville,10/9/2018 8:46:00 AM,2,0,0,36.142810,-86.787790,EDGEHILL AV,,,,151.00,Feet,East,13TH AVS,,,,0.00,N,Not at Intersection,N,Non-Junction,None,,,         ,William,Caillouette,Clear,"Sideswipe, Same Direction",no,no,no,no,yes,False
102171953,METROPOLITAN NASHVILLE POLICE DEPT,20180854134,Davidson,Nashville,10/9/2018 9:20:00 AM,2,1,0,36.183510,-86.797950,ROSA L PARKS BLVD,,,,0.00,,,I65 N EXT RAMP,,,,0.00,Y,OTHER,N,Intersection,None,,,         ,Chase,Burnett,Clear,Front to Rear,no,no,no,no,no,False
102171956,METROPOLITAN NASHVILLE POLICE DEPT,20180854083,Davidson,Nashville,10/9/2018 8:56:00 AM,2,0,0,36.166510,-86.787370,ROSA L PARKS BLVD,,,,0.00,,,JAMES ROBERTSON PKWY,,,,0.00,Y,OTHER, ,Intersection,None,,,         ,Frank,Campbell,Clear,Front to Rear,no,no,no,no,no,False
102171962,METROPOLITAN NASHVILLE POLICE DEPT,20180854148,Davidson,Nashville,10/9/2018 9:38:00 AM,2,0,0,36.143850,-86.727050,ELM HILL PKE,,,,148.00,Feet,East,POPLAR ST,,,,0.00,N,Not at Intersection, ,Non-Junction,None,,,         ,John,Frazier,Clear,"Sideswipe, Same Direction",no,no,no,no,no,False
102171968,METROPOLITAN NASHVILLE POLICE DEPT,20180854036,Davidson,Nashville,10/9/2018 8:35:00 AM,2,1,0,36.200320,-86.868480,BRILEY PKWYS,,,,2147.00,Feet,South,BRILEY PKWYN,,,,0.00,N,Not at Intersection,N,Non-Junction,None,,,         ,Jeanine,Sarno,Clear,"Sideswipe, Same Direction",no,no,no,no,yes,False
102171969,METROPOLITAN NASHVILLE POLICE DEPT,20180854113,Davidson,Nashville,10/9/2018 9:10:00 AM,3,0,0,36.109750,-86.770110,I 65,,,,0.00,,,,,,,79.70,N,Not at Intersection,N,Non-Junction,None,,,         ,Brandon,Epps,Clear,Front to Rear,no,no,no,no,no,False
102171971,METROPOLITAN NASHVILLE POLICE DEPT,20180854118,Davidson,Nashville,10/9/2018 9:00:00 AM,3,0,0,36.148970,-86.782680,I 40,,,,0.00,,,,,,,209.70,N,Not at Intersection,N,Non-Junction,None,,,         ,Justin,Pinkelton,Clear,"Sideswipe, Same Direction",no,no,no,no,yes,False
102171973,METROPOLITAN NASHVILLE POLICE DEPT,20180854226,Davidson,Nashville,10/9/2018 10:27:00 AM,2,0,0,36.135750,-86.800990,21ST AVS,,,,0.00,,,ACKLEN AV,,,,0.00,Y,Four-Way, ,,None,,,         ,Michael,McCord,,,no,no,no,no,no,Campus
102171974,METROPOLITAN NASHVILLE POLICE DEPT,2018-0854089,Davidson,Nashville,10/9/2018 9:04:00 AM,2,3,0,36.113320,-86.803140,WOODMONT BLVD,,,,0.00,,,AMANDA AV,,,,0.00,Y,Four-Way,Y,Intersection,None,,,         ,Timothy,Edwards,Clear,Angle,no,no,no,no,no,False
102171988,METROPOLITAN NASHVILLE POLICE DEPT,20180853943,Davidson,Nashville,10/9/2018 8:00:00 AM,2,0,0,36.173600,-86.869540,BRILEY PKWY N ENT RAMP,,,,0.00,,,BRILEY PKWYN,,,,0.00,Y,OTHER, ,OtherLocation,None,,,         ,George,Spencer,Clear,Front to Rear,no,no,no,no,no,False
102171989,METROPOLITAN NASHVILLE POLICE DEPT,20180853917,Davidson,Nashville,10/9/2018 7:40:00 AM,2,0,0,36.242790,-86.780460,MASONWOOD DR,,,,0.00,,,BRICK CHURCH PKE,,,,0.00,Y,T-Intersection,N,Intersection,None,,,         ,Brian,Otto,Clear,Front to Rear,no,no,no,no,no,False
102171990,THP District 9 - Administrative,318066485,Davidson,Nashville,10/5/2018 4:35:00 PM,2,0,0,36.163380,-86.787800,10TH AVN,,,,0.00,,,10TH CIRN,,,,0.00,Y,Four-Way,N,Intersection,None,,,         ,William,Goodman,Clear,Angle,no,no,no,no,no,False
102172007,METROPOLITAN NASHVILLE POLICE DEPT,20180854332,Davidson,Nashville,10/9/2018 11:10:00 AM,2,0,0,36.139460,-86.820130,MURPHY RD,,,,50.00,Feet,West,PARK DR,,,,0.00,N,Not at Intersection, ,,None,,,         ,Earl,Davis,,,no,no,no,no,no,False
102172023,METROPOLITAN NASHVILLE POLICE DEPT,20180854411,Davidson,Nashville,10/9/2018 11:50:00 AM,2,0,0,36.165520,-86.777490,2ND AVN,,,,100.00,Feet,North,BANKERS ALY,,,,0.00,N,Not at Intersection, ,,None,,,         ,Samuel,Fredericks,,,no,no,no,no,no,False
102172037,METROPOLITAN NASHVILLE POLICE DEPT,20180854296,Davidson,Nashville,10/9/2018 10:50:00 AM,1,1,0,36.187350,-86.822100,ED TEMPLE BLVD,,,,282.00,Feet,South,ROSA L PARKS BLVD,,,,0.00,N,Not at Intersection,N,Non-Junction,None,,,         ,David,Crisman,Clear,Not Collision with Motor Vehicle in Transport,yes,no,no,no,no,False
102172056,METROPOLITAN NASHVILLE POLICE DEPT,20180854281,Davidson,Nashville,10/9/2018 10:38:00 AM,2,0,0,36.200160,-86.776660,I 65,,,,0.00,,,,,,,86.90,N,Not at Intersection, ,Non-Junction,None,,,         ,William,Coy,Clear,Front to Rear,no,no,no,no,no,False
102172065,METROPOLITAN NASHVILLE POLICE DEPT,20180854456,Davidson,Nashville,10/9/2018 12:11:00 PM,2,0,0,36.071950,-86.723800,HIGGINS ST,,,,36.00,Feet,East,NOLENSVILLE PKE,,,,0.00,N,Not at Intersection, ,Non-Junction,None,,,         ,Brandon,Epps,Clear,Front to Rear,no,no,no,no,no,False
102172068,METROPOLITAN NASHVILLE POLICE DEPT,20180854480,Davidson,Nashville,10/9/2018 10:48:00 AM,2,0,0,36.202760,-86.621570,OLD HICKORY BLVD,,,,289.00,Feet,North,WRIGHT AV,,,,0.00,N,Not at Intersection,N,Non-Junction,None,,,         ,Cassandra,Del Bosco,Clear,Front to Rear,no,no,no,no,yes,False
102172069,METROPOLITAN NASHVILLE POLICE DEPT,20180854501,Davidson,Nashville,10/9/2018 12:10:00 PM,2,0,0,36.231280,-86.758950,DICKERSON PKE,,,,0.00,,,OAK VALLEY DR,,,,0.00,Y,T-Intersection,N,Intersection,None,,,         ,Nicholas,Smith,Clear,"Sideswipe, Same Direction",no,no,no,no,yes,False
102172073,METROPOLITAN NASHVILLE POLICE DEPT,20180853976,Davidson,Goodlettsville,10/9/2018 7:52:00 AM,2,1,0,36.296910,-86.699160,GALLATIN PKEN,,,,0.00,Feet,,RIVERGATE PKWY,,,,0.00,Y,Four-Way,N,Intersection-Related,None,,,         ,Cyretha,Frazier,Clear,Front to Rear,no,no,no,no,no,False
102172077,METROPOLITAN NASHVILLE POLICE DEPT,20180854364,Davidson,Nashville,10/9/2018 11:19:00 AM,2,0,0,36.163480,-86.762310,I 24,,,,0.00,,,,,,,49.20,N,Not at Intersection, ,Non-Junction,None,,,         ,Frank,Campbell,Clear,Front to Rear,no,no,no,no,no,False
102172078,METROPOLITAN NASHVILLE POLICE DEPT,20180854484,Davidson,Nashville,10/9/2018 12:16:00 PM,2,0,0,36.176600,-86.774580,N 1ST ST,,,,127.00,Feet,South,SPRING ST,,,,0.00,N,Not at Intersection, ,Non-Junction,None,,,         ,Robert,Schohn,Clear,"Sideswipe, Same Direction",no,no,no,no,no,False
102172079,Nashville Airport Police,18-04069,Davidson,Nashville,10/9/2018 12:00:00 AM,1,0,0,36.123650,-86.689860,AIR FREIGHT BLVD,,,,0.00,,,VULTEE BLVD,,,,0.00,Y,T-Intersection,N,Non-Junction,None,,,         ,Mark,Lawrence,Clear,Not Collision with Motor Vehicle in Transport,no,no,no,yes,yes,False
102172080,METROPOLITAN NASHVILLE POLICE DEPT,2018-0854515,Davidson,Nashville,10/9/2018 12:35:00 PM,1,1,0,36.244120,-86.762230,SKYLINE COMMONS PVTDR,,,,0.00,Feet,East,DOVERSIDE DR,,,,0.00,N,Not at Intersection,N,Non-Junction,None,,,         ,Arthur,Hipp,Clear,Not Collision with Motor Vehicle in Transport,no,no,no,yes,no,False
102172081,METROPOLITAN NASHVILLE POLICE DEPT,20180854321,Davidson,Nashville,10/9/2018 11:03:00 AM,2,1,0,36.142860,-86.706540,I 40,,,,0.00,,,,,,,214.40,N,Not at Intersection,N,Non-Junction,None,,,         ,Garrett,Reingardt,Clear,Angle,no,no,no,no,no,False
102172084,METROPOLITAN NASHVILLE POLICE DEPT,20180854552,Davidson,Nashville,10/9/2018 12:41:00 PM,2,0,0,36.148040,-86.792280,MUSIC SQE,,,,0.00,,,SOUTH ST,,,,0.00,Y,T-Intersection, ,Intersection,None,,,         ,Michael,McCord,Clear,"Sideswipe, Same Direction",no,no,no,no,no,False
102172103,METROPOLITAN NASHVILLE POLICE DEPT,20180854474,Davidson,Nashville,10/9/2018 12:30:00 PM,2,1,0,36.125820,-86.846490,KENNER AV,,,,0.00,,,HARDING PKE,,,,0.00,Y,Four-Way,Y,Intersection,None,,,         ,George,Spencer,Clear,Angle,no,no,no,no,no,False
102172115,METROPOLITAN NASHVILLE POLICE DEPT,20180854432,Davidson,Nashville,10/9/2018 9:10:00 AM,2,0,0,36.157860,-86.829480,INDIANA AV,,,,14.00,Feet,South,CLIFTON AV,,,,0.00,N,Not at Intersection,N,Non-Junction,None,,,         ,Brian,Myatt,Clear,Rear to Rear,no,no,no,no,yes,False
102172119,METROPOLITAN NASHVILLE POLICE DEPT,20180854547,Davidson,Nashville,10/9/2018 12:36:00 PM,3,1,0,36.186700,-86.773450,DICKERSON PKE,,,,268.00,Feet,South,CLEVELAND ST,,,,0.00,N,Not at Intersection,N,Non-Junction,None,,,         ,Erik,Nash,Clear,Front to Rear,no,no,no,no,no,False
102172125,METROPOLITAN NASHVILLE POLICE DEPT,20180854649,Davidson,Nashville,10/9/2018 10:28:00 AM,2,0,0,36.200550,-86.620930,OLD HICKORY BLVD,,,,0.00,,,PLANTATION DR,,,,0.00,Y,T-Intersection, ,Intersection,None,,,         ,Cassandra,Del Bosco,Clear,Front to Rear,no,no,no,no,no,False
102172140,METROPOLITAN NASHVILLE POLICE DEPT,20180854505,Davidson,Antioch,10/9/2018 12:20:00 PM,2,0,0,36.015090,-86.619950,I24 W EXT RAMP,,,,0.00,Feet,East,I 24,,,,0.00,N,Not at Intersection,N,Non-Junction,None,,,         ,Brandon,Evans,Clear,Angle,no,no,no,yes,no,False
102172148,METROPOLITAN NASHVILLE POLICE DEPT,20180854610,Davidson,Nashville,10/9/2018 1:18:00 PM,2,0,0,36.145700,-86.871210,CHARLOTTE PKE,,,,204.00,Feet,West,WESTBORO DR,,,,0.00,N,Not at Intersection,N,Non-Junction,None,,,         ,Walter,Gray II,Clear,Front to Rear,no,no,no,no,no,False
102172151,METROPOLITAN NASHVILLE POLICE DEPT,20180854289,Davidson,Nashville,10/9/2018 10:14:00 AM,2,0,0,36.171870,-86.797050,JEFFERSON ST,,,,0.00,,,11TH AVN,,,,0.00,Y,T-Intersection,N,Non-Junction,None,,,         ,Jeanine,Sarno,Clear,"Sideswipe, Same Direction",no,no,no,no,no,False
102172229,METROPOLITAN NASHVILLE POLICE DEPT,20180854634,Davidson,Nashville,10/9/2018 1:24:00 PM,2,0,0,36.162810,-86.789050,CHARLOTTE AV,,,,0.00,,,GULCH GRNWY,,,,0.00,Y,OTHER, ,Non-Junction,Work Zone,,,         ,Frank,Campbell,Cloudy,Front to Rear,no,no,no,no,no,False
102172230,METROPOLITAN NASHVILLE POLICE DEPT,20180854086,Davidson,OTHER,10/9/2018 9:00:00 AM,2,0,0,36.016200,-86.615680,FIRESTONE PKWY,,,,99.00,Feet,East,GOULD BLVD,,,,0.00,N,Not at Intersection, ,Non-Junction,None,,,         ,Eric,Keller,Clear,Front to Rear,no,no,no,no,no,False
102172234,METROPOLITAN NASHVILLE POLICE DEPT,20180854687,Davidson,Nashville,10/9/2018 1:52:00 PM,2,0,0,36.129210,-86.802630,ASHWOOD AV,,,,0.00,Feet,,21ST AVS,,,,0.00,Y,T-Intersection, ,Intersection,None,,,         ,Douglas,Sykes,Clear,Angle,no,no,no,no,no,False
102172253,METROPOLITAN NASHVILLE POLICE DEPT,20180854719,Davidson,Nashville,10/9/2018 2:20:00 PM,1,1,0,36.127480,-86.725010,PLUS PARK BLVD,,,,640.00,Feet,West,GIANT OAK DR,,,,0.00,N,Not at Intersection,N,Non-Junction,None,,,         ,Eric,Keller,Clear,Not Collision with Motor Vehicle in Transport,no,no,no,no,no,False
102172265,METROPOLITAN NASHVILLE POLICE DEPT,2018-0854763,Davidson,Nashville,10/9/2018 2:54:00 PM,2,0,0,36.111760,-86.692400,WEAVER DR,,,,1083.00,Feet,West,DEMPSEY DR,,,,0.00,N,Not at Intersection, ,Non-Junction,None,,,         ,Ryan,Allen,Clear,Front to Rear,no,no,no,yes,no,False
102172305,METROPOLITAN NASHVILLE POLICE DEPT,20180854758,Davidson,Nashville,10/9/2018 2:46:00 PM,2,2,0,36.125920,-86.712530,EAST THOMPSON LN,,,,314.00,Feet,East,LAWNDALE DR,,,,0.00,N,Not at Intersection,N,Non-Junction,None,,,         ,Andrew,Brazee,Cloudy,Angle,no,no,no,no,no,False
102172309,METROPOLITAN NASHVILLE POLICE DEPT,20180854787,Davidson,Nashville,10/9/2018 2:05:00 PM,2,0,0,36.148110,-86.807720,ELLISTON PL,,,,0.00,,,REIDHURST AV,,,,0.00,Y,T-Intersection,N,Intersection-Related,None,,,         ,Eric,Burford,Clear,Angle,no,no,no,no,no,Campus
102172322,METROPOLITAN NASHVILLE POLICE DEPT,20180854668,Davidson,Not in City Limit,10/9/2018 1:50:00 PM,2,1,0,36.279550,-86.783570,BRICK CHURCH PKE,,,,0.00,,,OLD HICKORY BLVD,,,,0.00,Y,Four-Way,N,Intersection,None,,,         ,Cyretha,Frazier,Cloudy,Angle,no,no,no,no,no,False
102172329,METROPOLITAN NASHVILLE POLICE DEPT,20180854906,Davidson,Nashville,10/9/2018 12:00:00 AM,2,0,0,36.199860,-86.868090,BRILEY PKWYN,,,,2341.00,Feet,South,BRILEY PKWYS,,,,0.00,N,Not at Intersection, ,Non-Junction,None,,,         ,Melvin,Taylor,Clear,Front to Rear,no,no,no,no,no,False
102172341,METROPOLITAN NASHVILLE POLICE DEPT,20180854925,Davidson,Nashville,10/9/2018 3:03:00 PM,2,0,0,36.159560,-86.774640,3RD AVS,,,,0.00,,,DEMONBREUN ST,,,,0.00,Y,Four-Way, ,Non-Junction,None,,,         ,Jonathan,Nicholson,Clear,Front to Rear,no,no,no,no,no,False
102172342,METROPOLITAN NASHVILLE POLICE DEPT,20180854965,Davidson,Nashville,10/9/2018 4:10:00 PM,2,0,0,36.098720,-86.718980,MCCALL ST,,,,78.00,Feet,East,VADEN DR,,,,0.00,N,Not at Intersection, ,Non-Junction,None,,,         ,Eric,Keller,Clear,Rear to Side,no,no,no,no,no,False
102172351,METROPOLITAN NASHVILLE POLICE DEPT,20180854754,Davidson,Nashville,10/9/2018 2:40:00 PM,3,2,0,36.143380,-86.686870,I 40,,,,0.00,,,,,,,215.45,N,Not at Intersection,N,Non-Junction,None,,,         ,Darci,Stechman,Cloudy,Front to Rear,no,no,no,no,no,False
102172352,METROPOLITAN NASHVILLE POLICE DEPT,20180855006,Davidson,Nashville,10/9/2018 4:29:00 PM,2,0,0,36.126960,-86.711430,MURFREESBORO PKE,,,,136.00,Feet,West,THOMPSON PL,,,,0.00,N,Not at Intersection, ,Non-Junction,None,,,         ,Deandera,Payne,Clear,Front to Rear,no,no,no,no,no,False
102172356,METROPOLITAN NASHVILLE POLICE DEPT,20180855022,Davidson,Nashville,10/9/2018 4:45:00 PM,2,1,0,36.141260,-86.717010,I 40,,,,0.00,,,,,,,213.80,N,Not at Intersection,N,Non-Junction,None,,,         ,Samuel,Sundra,Cloudy,Front to Rear,no,no,no,no,no,False
102172363,METROPOLITAN NASHVILLE POLICE DEPT,20180854985,Davidson,Nashville,10/9/2018 4:23:00 PM,2,0,0,36.089030,-86.650140,RANSOM PL,,,,48.00,Feet,West,MURFREESBORO PKE,,,,0.00,N,Not at Intersection,N,Non-Junction,None,,,         ,Andrew,Brazee,Cloudy,"Sideswipe, Same Direction",no,no,no,no,yes,False
102172371,METROPOLITAN NASHVILLE POLICE DEPT,20180855091,Davidson,Nashville,10/9/2018 4:14:00 PM,2,0,0,36.171180,-86.872760,CENTENNIAL BLVD,,,,158.00,Feet,East,CENTENNIAL BOULEVARD RAMP,,,,0.00,N,Not at Intersection, ,,None,,,         ,Daniel,Kallman,,,no,no,no,no,no,False
102172372,METROPOLITAN NASHVILLE POLICE DEPT,20180854979,Davidson,Nashville,10/9/2018 3:55:00 PM,2,0,0,36.132120,-86.779110,8TH AVS,,,,144.00,Feet,South,BENTON AV,,,,0.00,N,Not at Intersection, ,Non-Junction,None,,,         ,Ryan,Storm,Clear,Front to Rear,no,no,no,no,no,False
102172373,METROPOLITAN NASHVILLE POLICE DEPT,20180855110,Davidson,Nashville,10/9/2018 5:10:00 PM,2,0,0,36.155850,-86.818800,28TH AVN,,,,1.00,Feet,South,DELAWARE AV,,,,0.00,N,Not at Intersection, ,Non-Junction,None,,,         ,Darryl,Williams,Clear,Front to Rear,no,no,no,no,no,False
102172374,METROPOLITAN NASHVILLE POLICE DEPT,20180855089,Davidson,Nashville,10/9/2018 5:12:00 PM,2,0,0,36.040550,-86.781070,I65 N ENT RAMP,,,,0.00,Feet,East,I 65,,,,0.00,N,Not at Intersection, ,Entrance/Exit Ramp Related,None,,,         ,Nicholas,Carroll,Clear,"Sideswipe, Same Direction",no,no,no,no,no,False