master_record_number,agency,agency_tracking_number,county,city,collision_date,vehicles_involved,number_injured,number_dead,latitude,longitude,roadway_name,roadway_suffix,roadway_number,roadway_local_id,distance_from_reference,miles-feet_indicator,direction_from_reference,intersection_road_name,intersection_road_name_suffix,intersection_road_number,intersection_local_id,mile_marker,intersection_indicator,intersect_type,interchange_related_indicator,relation_to_junction,work_zone_type,construction_maintenance_zone,construction_maintenance_zone_location,fatal_case_number,officer_first_name,officer_last_name,weather_condition(s),manner_of_crash,pedestrian,bicycle,scooter,parking,hitrun,mou
102173435,METROPOLITAN NASHVILLE POLICE DEPT,20180858074,Davidson,Nashville,10/10/2018 5:54:00 PM,2,1,0,36.124420,-86.833310,WOODLAWN DR,,,,0.00,Feet,,WILSON BLVDS,,,,0.00,Y,Four-Way,N,Intersection-Related,None,,,         ,Torian,Cox,Rain,Angle,no,no,no,no,no,False
102173442,METROPOLITAN NASHVILLE POLICE DEPT,20180858264,Davidson,Nashville,10/10/2018 6:25:00 PM,2,0,0,36.076100,-86.725250,NOLENSVILLE PKE,,,,375.00,Feet,South,WALLACE RD,,,,0.00,N,Not at Intersection, ,Non-Junction,None,,,         ,Edin,Plancic,Rain,Angle,no,no,no,no,no,False
102173451,METROPOLITAN NASHVILLE POLICE DEPT,20180858341,Davidson,Nashville,10/10/2018 7:59:00 PM,2,2,0,36.078180,-86.607040,ANDERSON,RD,,,0.00,,,COUNTRY WAY,RD,,,0.00,Y,Four-Way,N,Non-Junction,None,,,         ,Brady,Reynolds,Rain,Angle,no,no,no,no,no,False
102173455,METROPOLITAN NASHVILLE POLICE DEPT,20180858326,Davidson,Nashville,10/10/2018 7:41:00 PM,2,0,0,36.091650,-86.735250,NOLENSVILLE PKE,,,,99.00,Feet,North,YELTON CT,,,,0.00,N,Not at Intersection,N,Non-Junction,None,,,         ,Nicholas,Carroll,Clear,Other,no,no,no,no,yes,False
102173471,METROPOLITAN NASHVILLE POLICE DEPT,20180858371,Davidson,Nashville,10/10/2018 6:21:00 PM,2,0,0,36.204690,-86.840550,CLARKSVILLE PKE,,,,545.00,Feet,North,ABERNATHY RD,,,,0.00,N,Not at Intersection, ,Non-Junction,None,,,         ,Brian,Woodard,Clear,Unknown,no,no,no,no,no,False
102173475,METROPOLITAN NASHVILLE POLICE DEPT,20180858440,Davidson,Not in City Limit,10/10/2018 8:25:00 PM,2,2,0,36.074030,-86.935310,COLICE JEANNE RD,,,,0.00,,,CROSS TIMBERS DR,,,,0.00,Y,Four-Way,N,Intersection,None,,,         ,Jeremy,Huffine,Cloudy,Angle,no,no,no,no,no,False
102173476,METROPOLITAN NASHVILLE POLICE DEPT,20180858352,Davidson,Nashville,10/10/2018 8:08:00 PM,4,3,0,36.113950,-86.810880,WOODMONT BLVD,,,,0.00,Feet,,HILLSBORO PKE,,,,0.00,Y,Four-Way,N,Intersection-Related,None,,,         ,FELIKS,ABRAHAMYAN,Rain,Front to Rear,no,no,no,no,no,False
102173487,METROPOLITAN NASHVILLE POLICE DEPT,20180858367,Davidson,Nashville,10/10/2018 6:00:00 PM,2,0,0,36.153940,-86.841770,I 40,,,,0.00,,,,,,,204.85,N,Not at Intersection,N,Non-Junction,None,,,         ,Broderick,Jones,Rain,Front to Rear,no,no,no,no,no,False
102173521,METROPOLITAN NASHVILLE POLICE DEPT,20180858532,Davidson,Nashville,10/10/2018 9:20:00 PM,2,1,0,36.169590,-86.606530,I40 E EXT RAMP,,,,0.00,,,I 40,,,,0.00,Y,OTHER,N,Non-Junction,None,,,         ,Allyson,Reis,Rain,Not Collision with Motor Vehicle in Transport,no,no,no,no,no,False
102173529,METROPOLITAN NASHVILLE POLICE DEPT,20180858594,Davidson,Nashville,10/10/2018 9:46:00 PM,2,1,0,36.203240,-86.738700,GALLATIN PKE,,,,125.00,Feet,South,E TRINITY LN,,,,0.00,N,Not at Intersection,N,Non-Junction,None,,,         ,Alexander,Georgeson,Cloudy,Angle,no,no,no,no,no,False
102173540,METROPOLITAN NASHVILLE POLICE DEPT,20180857891,Davidson,Not in City Limit,10/10/2018 12:00:00 AM,2,0,0,36.277810,-86.734520,I 65,,,,0.00,,,,,,,93.20,N,Not at Intersection,N,Non-Junction,None,,,         ,Joel,Callies,Rain,Front to Rear,no,no,no,no,no,False
102173541,METROPOLITAN NASHVILLE POLICE DEPT,20180858173,Davidson,Goodlettsville,10/10/2018 12:00:00 AM,2,0,0,36.299790,-86.696600,CUDE LN,,,,0.00,,,GALLATIN PKEN,,,,0.00,Y,Four-Way,N,Intersection,None,,,         ,Joel,Callies,Rain,Rear to Side,no,no,no,no,yes,False
102173554,METROPOLITAN NASHVILLE POLICE DEPT,20180858712,Davidson,Nashville,10/10/2018 10:55:00 PM,1,0,0,36.096550,-86.639820,SMITH SPRINGS RD,,,,349.00,Feet,East,UNA RECREATION RD,,,,0.00,N,Not at Intersection, ,,None,,,         ,Bridget,Griepentrog,,,no,no,no,no,no,False
102173578,METROPOLITAN NASHVILLE POLICE DEPT,20180858749,Davidson,Nashville,10/10/2018 11:10:00 PM,2,0,0,36.169290,-86.766420,I 24,,,,0.00,,,,,,,48.75,N,Not at Intersection, ,Non-Junction,None,,,         ,Edward,Holden,Clear,"Sideswipe, Same Direction",no,no,no,no,no,False
102173580,GOODLETTSVILLE POLICE DEPT,18-35357,Davidson,Goodlettsville,10/5/2018 6:50:00 PM,2,0,0,36.297060,-86.714370,I 65,,,,0.00,,,,,,,94.90,N,Not at Intersection,N,Non-Junction,None,,,         ,Donald,Brinton,Clear,Front to Rear,no,no,no,no,no,False
102173582,METROPOLITAN NASHVILLE POLICE DEPT,20180858850,Davidson,Nashville,10/11/2018 12:20:00 AM,2,0,0,36.119210,-86.801910,I 440,,,,0.00,,,,,,,3.05,N,Not at Intersection,N,Non-Junction,None,,,         ,Eugene,Martino,Clear,"Sideswipe, Same Direction",no,no,no,no,no,False
102173584,METROPOLITAN NASHVILLE POLICE DEPT,20180858684,Davidson,Nashville,10/10/2018 10:42:00 PM,3,0,0,36.086090,-86.648190,MURFREESBORO PKE,,,,333.00,Feet,South,UNA ANTIOCH PKE,,,,0.00,N,Not at Intersection,N,Non-Junction,None,,,         ,William,Williams,Clear,Other,no,no,no,no,no,False
102173603,METROPOLITAN NASHVILLE POLICE DEPT,20180859151,Davidson,Nashville,10/11/2018 2:50:00 AM,1,0,0,36.169640,-86.585030,I 40,,,,0.00,,,,,,,221.70,N,Not at Intersection, ,Non-Junction,None,,,         ,Lynsie,Smith,Clear,Not Collision with Motor Vehicle in Transport,no,no,no,no,no,False
102173608,METROPOLITAN NASHVILLE POLICE DEPT,20180859208,Davidson,Nashville,10/11/2018 3:56:00 AM,1,0,0,36.169710,-86.672700,LEBANON PKE,,,,109.00,Feet,East,OLD LEBANON PKE,,,,0.00,N,Not at Intersection,N,Non-Junction,None,,,         ,Curtis,Fisher,Clear,Not Collision with Motor Vehicle in Transport,no,no,no,no,no,False
102173631,GOODLETTSVILLE POLICE DEPT,18-35907,Davidson,Goodlettsville,10/10/2018 6:43:00 PM,2,0,0,36.305910,-86.693820,CONFERENCE DR,,,,0.00,,,RIVERGATE MALL PVTDR,,,,0.00,Y,T-Intersection,Y,Intersection,None,,,         ,Andre,Sanders,Rain,Angle,no,no,no,no,no,False
102173633,METROPOLITAN NASHVILLE POLICE DEPT,20180858934,Davidson,Nashville,10/11/2018 12:57:00 AM,2,0,0,36.014930,-86.619880,I24 W EXT RAMP,,,,709.00,Feet,South,FIRESTONE PKWY,,,,0.00,N,Not at Intersection,N,Non-Junction,None,,,         ,David,Moser,Clear,Angle,no,no,no,yes,yes,False
102173636,METROPOLITAN NASHVILLE POLICE DEPT,20180859043,Davidson,Nashville,10/11/2018 12:45:00 AM,2,0,0,36.204450,-86.764120,EDWIN ST,,,,449.00,Feet,South,MERIDIAN ST,,,,0.00,N,Not at Intersection, ,Non-Junction,None,,,         ,Eric,Cunningham,Cloudy,Angle,no,no,no,no,no,False
102173637,METROPOLITAN NASHVILLE POLICE DEPT,20180859135,Davidson,Nashville,10/11/2018 12:00:00 AM,1,0,0,36.126490,-86.730590,I440 W ENT RAMP,,,,0.00,Feet,East,I 440,,,,0.00,N,Not at Intersection,N,Entrance/Exit Ramp Related,None,,,         ,Terence,Mitchell,Clear,Not Collision with Motor Vehicle in Transport,no,no,no,no,yes,False
102173638,METROPOLITAN NASHVILLE POLICE DEPT,20180858862,Davidson,Nashville,10/11/2018 12:15:00 AM,2,0,0,36.173270,-86.791400,ROSA L PARKS BLVD,,,,0.00,,,JEFFERSON ST,,,,0.00,Y,Four-Way, ,Intersection,None,,,         ,Charles,Duke,Cloudy,Angle,no,no,no,no,no,False
102173639,METROPOLITAN NASHVILLE POLICE DEPT,20180859243,Davidson,Nashville,10/11/2018 4:15:00 AM,1,0,0,36.060800,-86.674330,ANTIOCH PKE,,,,220.00,Feet,West,GOODWIN RD,,,,0.00,N,Not at Intersection,N,Non-Junction,None,,,         ,David,Simmonds,Cloudy,Not Collision with Motor Vehicle in Transport,no,no,no,no,no,False
102173650,METROPOLITAN NASHVILLE POLICE DEPT,308-96-6474,Davidson,Nashville,10/11/2018 1:08:00 AM,2,0,0,36.068970,-86.692870,HAYWOOD SQUARE PVTDR,,,,155.00,Feet,South,CUMBERLAND LANES PVTDR,,,,0.00,N,Not at Intersection,N,Non-Junction,None,,,         ,Autumn,Manning,Clear,Angle,no,no,no,yes,yes,False
102173671,METROPOLITAN NASHVILLE POLICE DEPT,20180859364,Davidson,Nashville,10/11/2018 5:00:00 AM,2,0,0,36.193180,-86.579450,RACCOON TRL,,,,159.00,Feet,West,GRASSHOPPER CIR,,,,0.00,N,Not at Intersection,N,Non-Junction,None,,,         ,Lynsie,Smith,Cloudy,Front to Rear,no,no,no,no,no,False
102173704,THP District 3 - Nashville,318067331,Davidson,Not in City Limit,10/10/2018 10:09:00 AM,2,0,0,36.018060,-86.619640,OLD HICKORY BLVD,,,,81.00,Feet,South,OWEN DR,,,,0.00,N,Not at Intersection, ,Non-Junction,None,,,         ,Christopher,Brooks,Cloudy,Front to Rear,no,no,no,no,no,False
102173707,METROPOLITAN NASHVILLE POLICE DEPT,20180859465,Davidson,Nashville,10/11/2018 12:00:00 AM,2,0,0,36.155010,-86.779630,8TH AVS,,,,0.00,Feet,,KOREAN VETERANS BLVD,,,,0.00,Y,Roundabout, ,Intersection,None,,,         ,James,Thornton,Clear,Angle,no,no,no,no,no,False
102173710,METROPOLITAN NASHVILLE POLICE DEPT,20180859466,Davidson,Nashville,10/11/2018 6:45:00 AM,2,0,0,36.085860,-86.762900,I65 N ENT RAMP,,,,0.00,,,I 65,,,,0.00,Y,OTHER, ,Entrance/Exit Ramp Related,None,,,         ,Justin,Pinkelton,Cloudy,Front to Rear,no,no,no,no,no,False
102173714,METROPOLITAN NASHVILLE POLICE DEPT,20180859455,Davidson,Nashville,10/11/2018 6:42:00 AM,2,0,0,36.117720,-86.773540,I 65,,,,0.00,,,,,,,80.30,N,Not at Intersection, ,Non-Junction,None,,,         ,Fabjan,Llukaj,Clear,"Sideswipe, Same Direction",no,no,no,no,yes,False
102173730,METROPOLITAN NASHVILLE POLICE DEPT,20180859586,Davidson,Nashville,10/11/2018 7:55:00 AM,2,0,0,36.157780,-86.791890,CHURCH ST,,,,97.00,Feet,West,14TH AVN,,,,0.00,N,Not at Intersection, ,Non-Junction,None,,,         ,Chase,Harriman,Cloudy,"Sideswipe, Same Direction",no,no,no,no,no,False
102173740,METROPOLITAN NASHVILLE POLICE DEPT,20180859570,Davidson,Nashville,10/11/2018 7:49:00 AM,2,0,0,36.061710,-86.644910,RURAL HILL RD,,,,0.00,,,HICKORY HIGHLANDS DR,,,,0.00,Y,T-Intersection,N,Intersection,None,,,         ,Autumn,Manning,Cloudy,Angle,no,no,no,no,yes,False
102173750,METROPOLITAN NASHVILLE POLICE DEPT,20180859487,Davidson,Nashville,10/11/2018 4:00:00 AM,1,0,0,36.167880,-86.783210,5TH AVN,,,,0.00,,,GAY ST,,,,0.00,Y,T-Intersection, ,Intersection-Related,None,,,         ,Frank,Campbell,Cloudy,Not Collision with Motor Vehicle in Transport,no,no,no,no,no,False
102173751,METROPOLITAN NASHVILLE POLICE DEPT,2018-0859704,Davidson,Nashville,10/11/2018 8:30:00 AM,2,0,0,36.215110,-86.598390,LEBANON PKE,,,,212.00,Feet,West,ANDREW JACKSON PKWY,,,,0.00,N,Not at Intersection, ,Non-Junction,None,,,         ,Calvin,Graham,Cloudy,Front to Rear,no,no,no,no,no,False
102173752,METROPOLITAN NASHVILLE POLICE DEPT,20180859661,Davidson,Nashville,10/11/2018 8:25:00 AM,2,0,0,36.035140,-86.774520,WHIPPOORWILL LN,,,,213.00,Feet,East,PLUM NELLY CIR,,,,0.00,N,Not at Intersection,N,Non-Junction,None,,,         ,Brandon,Epps,Unknown,Angle,no,no,no,yes,yes,False
102173753,METROPOLITAN NASHVILLE POLICE DEPT,20180859650,Davidson,Nashville,10/11/2018 8:18:00 AM,2,2,0,36.129730,-86.816610,I 440,,,,0.00,,,,,,,2.00,N,Not at Intersection,N,Non-Junction,None,,,         ,Wesley,Carver,Cloudy,Front to Rear,no,no,no,no,no,False
102173756,METROPOLITAN NASHVILLE POLICE DEPT,20180859666,Davidson,Nashville,10/11/2018 7:27:00 AM,2,0,0,36.168600,-86.796740,I 40,,,,0.00,,,,,,,208.15,N,Not at Intersection,N,Non-Junction,None,,,         ,Isaac,Wood,Cloudy,Front to Rear,no,no,no,no,no,False
102173757,METROPOLITAN NASHVILLE POLICE DEPT,20180857405,Davidson,Nashville,10/10/2018 12:20:00 PM,2,0,0,36.166640,-86.764950,I 24,,,,0.00,,,,,,,48.95,N,Not at Intersection, ,Non-Junction,None,,,         ,Michael,Robinson,,Front to Rear,no,no,no,no,no,False
102173758,METROPOLITAN NASHVILLE POLICE DEPT,20180859464,Davidson,Nashville,10/11/2018 6:50:00 AM,3,0,0,36.245760,-86.745580,I 65,,,,0.00,,,,,,,90.80,N,Not at Intersection, ,,None,,,         ,Blake,McKay,,,no,no,no,no,no,False
102173762,METROPOLITAN NASHVILLE POLICE DEPT,20180859597,Davidson,Nashville,10/11/2018 8:00:00 AM,3,0,0,36.196130,-86.776120,I 65,,,,0.00,,,,,,,86.60,N,Not at Intersection,N,Entrance/Exit Ramp Related,None,,,         ,Royce,McLester,Cloudy,Front to Rear,no,no,no,no,no,False
102173763,METROPOLITAN NASHVILLE POLICE DEPT,20180859678,Davidson,Nashville,10/11/2018 8:23:00 AM,2,0,0,36.041790,-86.652650,I 24,,,,0.00,,,,,,,59.80,N,Not at Intersection,N,Non-Junction,None,,,         ,Brian,Lamb,Clear,Front to Rear,no,no,no,no,no,False
102173771,METROPOLITAN NASHVILLE POLICE DEPT,20180859565,Davidson,Nashville,10/11/2018 7:30:00 AM,2,0,0,36.200790,-86.776760,I 65,,,,0.00,,,,,,,86.90,N,Not at Intersection,N,Non-Junction,None,,,         ,James,Hill,Cloudy,Angle,no,no,no,no,yes,False
102173776,METROPOLITAN NASHVILLE POLICE DEPT,20180859612,Davidson,Nashville,10/11/2018 8:07:00 AM,2,0,0,36.209120,-86.777960,BRICK CHURCH PKE,,,,18.00,Feet,North,AVONDALE CIR,,,,0.00,N,Not at Intersection,N,Non-Junction,None,,,         ,Jeanine,Sarno,Cloudy,HeadOn,no,no,no,no,no,False
102173777,METROPOLITAN NASHVILLE POLICE DEPT,20180859683,Davidson,Nashville,10/11/2018 8:30:00 AM,2,1,0,36.174320,-86.787290,JEFFERSON ST,,,,15.00,Feet,East,5TH AVN,,,,0.00,N,Not at Intersection,N,Non-Junction,None,,,         ,Catherine,Poole,Cloudy,Front to Rear,no,no,no,no,no,False
102173784,METROPOLITAN NASHVILLE POLICE DEPT,20180859753,Davidson,Nashville,10/11/2018 9:21:00 AM,2,0,0,36.109430,-86.769890,I 65,,,,0.00,,,,,,,79.70,N,Not at Intersection, ,Non-Junction,None,,,         ,Justin,Pinkelton,Cloudy,"Sideswipe, Same Direction",no,no,no,no,no,False
102173790,METROPOLITAN NASHVILLE POLICE DEPT,20180859748,Davidson,Nashville,10/11/2018 9:15:00 AM,2,1,0,36.141380,-86.857420,WHITE BRIDGE PKE,,,,0.00,,,OAKMONT CIR,,,,0.00,Y,OTHER, ,OtherLocation,None,,,         ,George,Spencer,Cloudy,Angle,no,no,no,no,no,False
102173793,METROPOLITAN NASHVILLE POLICE DEPT,20180859757,Davidson,Nashville,10/11/2018 9:20:00 AM,2,1,0,36.080350,-86.723300,HARDING PL,,,,0.00,,,HARDING MALL DR,,,,0.00,Y,T-Intersection,N,Intersection-Related,None,,,         ,Michael,Dudley,Cloudy,Angle,no,no,no,no,yes,False
102173796,METROPOLITAN NASHVILLE POLICE DEPT,20180859535,Davidson,Nashville,10/11/2018 7:30:00 AM,2,0,0,36.116600,-86.725300,I 24,,,,0.00,,,,,,,53.15,N,Not at Intersection, ,,None,,,         ,Amy,Hirschmann,,,no,no,no,no,no,False
102173798,METROPOLITAN NASHVILLE POLICE DEPT,2018 0859823,Davidson,Nashville,10/11/2018 9:50:00 AM,2,0,0,36.061280,-86.910840,HIGHWAY 100,,,,29.00,Feet,East,WARNER NATURE CTR PVTDR,,,,0.00,N,Not at Intersection,N,Non-Junction,None,,,         ,Paul,Junkmann,Cloudy,Front to Rear,no,no,no,no,no,False
102173799,METROPOLITAN NASHVILLE POLICE DEPT,20180859647,Davidson,Nashville,10/11/2018 8:18:00 AM,2,0,0,36.039750,-86.781510,I65 N EXT RAMP,,,,0.00,,,I 65,,,,0.00,Y,Y-Intersection, ,Non-Junction,None,,,         ,Samuel,Miller,Cloudy,Front to Rear,no,no,no,no,no,False
102173800,METROPOLITAN NASHVILLE POLICE DEPT,20180859679,Davidson,Nashville,10/11/2018 8:30:00 AM,2,0,0,36.039920,-86.781340,I65 N EXT RAMP,,,,0.00,,,OLD HICKORY BLVD,,,,0.00,Y,Y-Intersection, ,Intersection-Related,None,,,         ,Samuel,Miller,Cloudy,Front to Rear,no,no,no,no,no,False
102173817,METROPOLITAN NASHVILLE POLICE DEPT,20180859705,Davidson,Nashville,10/11/2018 8:48:00 AM,6,4,0,36.107740,-86.768750,I 65,,,,0.00,,,,,,,79.55,N,Not at Intersection,N,Non-Junction,None,,,         ,John,Chambers,Cloudy,Front to Rear,no,no,no,no,no,False
102173819,METROPOLITAN NASHVILLE POLICE DEPT,20180859932,Davidson,Nashville,10/11/2018 10:35:00 AM,2,0,0,36.086110,-86.772030,FRANKLIN PKE,,,,172.00,Feet,South,HARDING PL,,,,0.00,N,Not at Intersection, ,Non-Junction,None,,,         ,Justin,Pinkelton,Cloudy,Front to Rear,no,no,no,no,no,False
102173821,METROPOLITAN NASHVILLE POLICE DEPT,20180859693,Davidson,Nashville,10/11/2018 8:24:00 AM,3,1,0,36.142670,-86.778790,8TH AVS,,,,108.00,Feet,North,CENTRAL ST,,,,0.00,N,Not at Intersection,N,Non-Junction,None,,,         ,Michael,McCord,Cloudy,Front to Rear,no,no,no,no,no,False
102173845,METROPOLITAN NASHVILLE POLICE DEPT,20180859981,Davidson,Nashville,10/11/2018 10:50:00 AM,2,0,0,36.223400,-86.773330,I 65,,,,0.00,,,,,,,88.50,N,Not at Intersection, ,Non-Junction,None,,,         ,Erik,Nash,Cloudy,"Sideswipe, Same Direction",no,no,no,no,no,False
102173847,METROPOLITAN NASHVILLE POLICE DEPT,20180860094,Davidson,Nashville,10/11/2018 11:50:00 AM,2,0,0,36.046450,-86.713390,NOLENSVILLE PKE,,,,395.00,Feet,North,OLD HICKORY BLVD,,,,0.00,N,Not at Intersection,N,Non-Junction,None,,,         ,Earl,Davis,Cloudy,"Sideswipe, Opposite Direction",no,no,no,no,no,False
102173857,METROPOLITAN NASHVILLE POLICE DEPT,20180860160,Davidson,Nashville,10/11/2018 12:23:00 PM,2,0,0,36.080820,-86.758590,TROUSDALE DR,,,,0.00,,,,,,,0.00,,,N,Non-Junction,None,,,         ,Samuel,Miller,Clear,Unknown,no,no,no,no,yes,False
102173859,METROPOLITAN NASHVILLE POLICE DEPT,20180859716,Davidson,Nashville,10/11/2018 8:45:00 AM,2,0,0,36.152260,-86.791820,DIVISION ST,,,,0.00,,,16TH AVS,,,,0.00,Y,Roundabout, ,Intersection,None,,,         ,Chase,Harriman,Cloudy,"Sideswipe, Same Direction",no,no,no,no,no,False
102173863,METROPOLITAN NASHVILLE POLICE DEPT,20180860011,Davidson,Nashville,10/11/2018 11:19:00 AM,2,0,0,36.086180,-86.648240,MURFREESBORO PKE,,,,297.00,Feet,South,UNA ANTIOCH PKE,,,,0.00,N,Not at Intersection, ,Non-Junction,None,,,         ,Fabjan,Llukaj,Clear,"Sideswipe, Same Direction",no,no,no,no,yes,False
102173867,METROPOLITAN NASHVILLE POLICE DEPT,20180860016,Davidson,Nashville,10/11/2018 11:02:00 AM,2,1,0,36.139780,-86.823650,MURPHY RD,,,,0.00,,,I440 E EXT RAMP,,,,0.00,Y,T-Intersection,N,Entrance/Exit Ramp Related,None,,,         ,Darren,Key,Cloudy,Front to Rear,no,no,no,no,no,False
102173881,METROPOLITAN NASHVILLE POLICE DEPT,20180860061,Davidson,Nashville,10/11/2018 11:37:00 AM,2,0,0,36.168480,-86.776640,JAMES ROBERTSON PKWY,,,,257.00,Feet,East,GAY ST,,,,0.00,N,Not at Intersection,N,Non-Junction,None,,,         ,Samuel,Kersten,Clear,Front to Rear,no,no,no,no,no,False
102173886,METROPOLITAN NASHVILLE POLICE DEPT,2018-0860147,Davidson,Nashville,10/11/2018 12:20:00 PM,2,0,0,36.174280,-86.602410,OLD HICKORY BLVD,,,,89.00,Feet,South,BURNING TREE DR,,,,0.00,N,Not at Intersection, ,Non-Junction,None,,,         ,Calvin,Graham,Clear,"Sideswipe, Same Direction",no,no,no,no,yes,False
102173900,METROPOLITAN NASHVILLE POLICE DEPT,20180860181,Davidson,Nashville,10/11/2018 12:00:00 AM,2,0,0,36.160450,-86.775340,SYMPHONY PL,,,,0.00,,,SHELBY ST PEDESTRIAN BRIDGE GR,,,,0.00,Y,T-Intersection,N,Intersection,None,,,         ,James,Thornton,Clear,"Sideswipe, Same Direction",no,no,no,no,no,False
102173917,METROPOLITAN NASHVILLE POLICE DEPT,20180860115,Davidson,Nashville,10/11/2018 11:50:00 AM,2,0,0,36.142880,-86.815160,WEST END AV,,,,147.00,Feet,North,31ST AVN,,,,0.00,N,Not at Intersection, ,,None,,,         ,Chase,Harriman,,,no,no,no,no,no,Campus
102173929,METROPOLITAN NASHVILLE POLICE DEPT,20180860177,Davidson,Nashville,10/11/2018 12:34:00 PM,2,0,0,36.129490,-86.714700,MURFREESBORO PKE,,,,0.00,Feet,,MILLWOOD DR,,,,0.00,Y,Four-Way, ,Intersection,None,,,         ,Zachary,Plese,Clear,Front to Rear,no,no,no,no,no,False
102173930,METROPOLITAN NASHVILLE POLICE DEPT,20180857298,Davidson,Nashville,10/10/2018 11:29:00 AM,3,2,0,36.086910,-86.648680,MURFREESBORO PKE,,,,0.00,,,NASHBORO BLVD,,,,0.00,Y,Four-Way,N,Intersection,None,,,         ,Scott,Carter,Cloudy,Angle,no,no,no,no,no,False
102173944,METROPOLITAN NASHVILLE POLICE DEPT,20180860087,Davidson,Goodlettsville,10/11/2018 11:41:00 AM,2,0,0,36.302750,-86.691850,RIVERGATE MARKETPLACE PVTDR,,,,0.00,,,GALLATIN PKEN,,,,0.00,Y,Four-Way, ,Non-Junction,None,,,         ,Cyretha,Frazier,Clear,Front to Rear,no,no,no,no,yes,False
102173952,METROPOLITAN NASHVILLE POLICE DEPT,20180860150,Davidson,Nashville,10/11/2018 12:22:00 PM,2,0,0,36.044860,-86.663230,BELL RD,,,,400.00,Feet,West,CANE RIDGE RD,,,,0.00,N,Not at Intersection, ,"Driveway, Alley Access, etc",None,,,         ,Brian,Lamb,Clear,"Sideswipe, Same Direction",no,no,no,no,no,False
102173953,METROPOLITAN NASHVILLE POLICE DEPT,20180860314,Davidson,Nashville,10/11/2018 1:20:00 PM,2,0,0,36.170680,-86.823890,SCHRADER LN,,,,846.00,Feet,South,DR WALTER S DAVIS BLVD,,,,0.00,N,Not at Intersection, ,Non-Junction,None,,,         ,Brent,Hedgcoth,Clear,Angle,no,no,no,no,no,False
102173955,METROPOLITAN NASHVILLE POLICE DEPT,20180860274,Davidson,Nashville,10/11/2018 1:25:00 PM,1,0,0,36.153760,-86.800120,CHURCH ST,,,,251.00,Feet,East,20TH AVN,,,,0.00,N,Not at Intersection,N,Non-Junction,None,,,         ,Chase,Harriman,Clear,Not Collision with Motor Vehicle in Transport,no,no,no,no,no,False
102173978,METROPOLITAN NASHVILLE POLICE DEPT,20180860311,Davidson,Not in City Limit,10/11/2018 12:00:00 AM,2,0,0,36.279550,-86.783570,BRICK CHURCH PKE,,,,0.00,,,OLD HICKORY BLVD,,,,0.00,Y,Four-Way, ,Non-Junction,None,,,         ,William,Monaghan,Clear,Front to Rear,no,no,no,no,no,False
102173999,METROPOLITAN NASHVILLE POLICE DEPT,20180860280,Davidson,Nashville,10/11/2018 1:30:00 PM,2,3,0,36.187990,-86.821560,CLARKSVILLE PKE,,,,0.00,,,ROSA L PARKS BLVD,,,,0.00,Y,Four-Way,N,Intersection,None,,,         ,Zachary,Goodall,Clear,Other,no,no,no,no,no,False
102174012,METROPOLITAN NASHVILLE POLICE DEPT,20180860209,Davidson,Nashville,10/11/2018 12:45:00 PM,2,0,0,36.159630,-86.813860,25TH AVN,,,,0.00,,,MERRY ST,,,,0.00,Y,T-Intersection,N,Non-Junction,None,,,         ,Isaac,Wood,Clear,"Sideswipe, Same Direction",no,no,no,no,no,False
102174036,METROPOLITAN NASHVILLE POLICE DEPT,20180860353,Davidson,Not in City Limit,10/11/2018 2:15:00 PM,2,0,0,36.263070,-86.711920,STATE RT 45,,,,0.00,,,GALLATIN PKEN,,,,0.00,Y,Four-Way, ,Intersection,None,,,         ,Brian,Otto,,Angle,no,no,no,no,no,False
102174053,METROPOLITAN NASHVILLE POLICE DEPT,20180860015,Davidson,Nashville,10/11/2018 11:20:00 AM,2,2,0,36.139820,-86.787590,HORTON AV,,,,0.00,,,12TH AVS,,,,0.00,Y,Four-Way,N,Intersection,None,,,         ,Zachary,Grunow,Clear,Angle,no,no,no,no,no,False
102174064,METROPOLITAN NASHVILLE POLICE DEPT,20180860352,Davidson,Nashville,10/11/2018 2:07:00 PM,2,0,0,36.153570,-86.788410,14TH AVS,,,,0.00,,,DEMONBREUN ST,,,,0.00,Y,Four-Way,N,Intersection,None,,,         ,John,Chambers,Clear,Angle,no,no,no,no,yes,False
102174072,BRENTWOOD POLICE DEPT,BPD-18-03011,Davidson,Nashville,10/10/2018 7:00:00 PM,2,0,0,36.032780,-86.783310,I 65,,,,0.00,,,,,,,74.15,N,Not at Intersection, ,Non-Junction,None,,,         ,Steve,Holder,Rain,Front to Rear,no,no,no,no,no,False
102174077,METROPOLITAN NASHVILLE POLICE DEPT,20180860439,Davidson,Nashville,10/11/2018 2:17:00 PM,2,0,0,36.146010,-86.810340,WEST END AV,,,,0.00,Feet,East,CENTENNIAL PARK PVTDR,,,,0.00,N,Not at Intersection, ,,None,,,         ,FELIKS,ABRAHAMYAN,,,no,no,no,no,no,Campus
102174078,METROPOLITAN NASHVILLE POLICE DEPT,20180860484,Davidson,Nashville,10/11/2018 3:30:00 PM,2,0,0,36.171380,-86.769170,JAMES ROBERTSON PKWY,,,,0.00,,,INTERSTATE DR,,,,0.00,Y,Four-Way, ,Intersection-Related,None,,,         ,Riley,Brewer,Clear,Front to Rear,no,no,no,no,no,False