master_record_number,agency,agency_tracking_number,county,city,collision_date,vehicles_involved,number_injured,number_dead,latitude,longitude,roadway_name,roadway_suffix,roadway_number,roadway_local_id,distance_from_reference,miles-feet_indicator,direction_from_reference,intersection_road_name,intersection_road_name_suffix,intersection_road_number,intersection_local_id,mile_marker,intersection_indicator,intersect_type,interchange_related_indicator,relation_to_junction,work_zone_type,construction_maintenance_zone,construction_maintenance_zone_location,fatal_case_number,officer_first_name,officer_last_name,weather_condition(s),manner_of_crash,pedestrian,bicycle,scooter,parking,hitrun,mou
102178638,METROPOLITAN NASHVILLE POLICE DEPT,20180870053,Davidson,Nashville,10/15/2018 2:36:00 PM,2,0,0,36.069540,-86.693410,HAYWOOD LN,,,,150.00,Feet,East,EZELL RD,,,,0.00,N,Not at Intersection,N,Non-Junction,None,,,         ,Andrew,Brazee,Cloudy,Front to Rear,no,no,no,yes,yes,False
102178642,METROPOLITAN NASHVILLE POLICE DEPT,20180870061,Davidson,Nashville,10/15/2018 3:31:00 PM,2,0,0,36.086800,-86.695420,HARDING PL,,,,159.00,Feet,East,METROPLEX DR,,,,0.00,N,Not at Intersection,N,Non-Junction,None,,,         ,Marcus,Darden,Clear,Front to Rear,no,no,no,no,no,False
102178649,GOODLETTSVILLE POLICE DEPT,18-36459,Davidson,Goodlettsville,10/15/2018 4:15:00 PM,2,1,0,36.309480,-86.695660,VIETNAM VETERANS BLVD SB EXT R,,,,0.00,Feet,East,CONFERENCE DR,,,,0.00,N,Not at Intersection,N,Non-Junction,None,,,         ,George,Forbes,Cloudy,Front to Rear,no,no,no,no,no,False
102178651,METROPOLITAN NASHVILLE POLICE DEPT,20180870041,Davidson,Not in City Limit,10/15/2018 3:20:00 PM,2,0,0,36.264540,-86.690220,MYATT DR,,,,170.00,Feet,North,STATE RT 45,,,,0.00,N,Not at Intersection, ,Non-Junction,None,,,         ,Derek,Sibley,Cloudy,Front to Rear,no,no,no,no,no,False
102178654,METROPOLITAN NASHVILLE POLICE DEPT,20180870098,Davidson,Nashville,10/15/2018 3:48:00 PM,3,0,0,36.185470,-86.797150,I 65,,,,0.00,,,,,,,85.40,N,Not at Intersection,N,Non-Junction,None,,,         ,Melvin,Taylor,Clear,Front to Rear,no,no,no,no,no,False
102178659,METROPOLITAN NASHVILLE POLICE DEPT,20180870263,Davidson,Nashville,10/15/2018 4:21:00 PM,2,0,0,36.183150,-86.810120,CLAY ST,,,,0.00,,,15TH AVN,,,,0.00,Y,T-Intersection,Y,Intersection,None,,,         ,Kayla,Castro,Clear,Angle,no,no,no,no,no,False
102178665,METROPOLITAN NASHVILLE POLICE DEPT,20180870128,Davidson,Nashville,10/15/2018 3:56:00 PM,2,0,0,36.184480,-86.797830,I 65,,,,0.00,,,,,,,85.35,N,Not at Intersection, ,Non-Junction,None,,,         ,Melvin,Taylor,Clear,Front to Rear,no,no,no,no,no,False
102178673,TENNESSEE STATE UNIVERSITY ,18-TSU-59224,Davidson,Nashville,10/15/2018 5:19:00 PM,2,0,0,36.171240,-86.831290,DR WALTER S DAVIS BLVD,,,,1231.00,Feet,North,TIGERBELLE DR,,,,0.00,N,Not at Intersection, ,,None,,,         ,Melanie,Washington,,,no,no,no,yes,no,False
102178677,METROPOLITAN NASHVILLE POLICE DEPT,20180870243,Davidson,Nashville,10/15/2018 4:50:00 PM,2,0,0,36.037680,-86.786500,FRANKLIN PKE,,,,103.00,Feet,North,OLD HICKORY BLVD,,,,0.00,N,Not at Intersection, ,,None,,,         ,Akira,McSwain,,,no,no,no,no,no,False
102178678,METROPOLITAN NASHVILLE POLICE DEPT,20180870358,Davidson,Nashville,10/15/2018 4:50:00 PM,2,0,0,36.148580,-86.781400,I 40,,,,0.00,,,,,,,209.75,N,Not at Intersection,N,Non-Junction,None,,,         ,Akira,McSwain,Clear,Front to Rear,no,no,no,no,yes,False
102178685,GOODLETTSVILLE POLICE DEPT,18-36069,Davidson,Goodlettsville,10/15/2018 3:09:00 AM,1,0,0,36.329770,-86.708130,I 65,,,,0.00,,,,,,,97.45,N,Not at Intersection,N,Non-Junction,None,,,         ,Matt,Shoesmith,Clear,Not Collision with Motor Vehicle in Transport,no,no,no,no,no,False
102178688,METROPOLITAN NASHVILLE POLICE DEPT,20180870324,Davidson,Nashville,10/15/2018 5:15:00 PM,2,1,0,36.196660,-86.742250,CAHAL AV,,,,0.00,,,GALLATIN AV,,,,0.00,Y,T-Intersection, ,Intersection-Related,None,,,         ,Alexander,Georgeson,Cloudy,Angle,no,no,no,no,no,False
102178691,METROPOLITAN NASHVILLE POLICE DEPT,20180870530,Davidson,Nashville,10/15/2018 6:50:00 PM,2,0,0,36.182520,-86.797680,ROSA L PARKS BLVD,,,,0.00,Feet,,I65 N EXT RAMP,,,,0.00,Y,OTHER, ,,None,,,         ,Kayla,Castro,,,no,no,no,no,no,False
102178694,METROPOLITAN NASHVILLE POLICE DEPT,20180870505,Davidson,Nashville,10/15/2018 3:40:00 PM,2,0,0,36.167630,-86.820700,28TH AVN,,,,58.00,Feet,South,JEFFERSON ST,,,,0.00,N,Not at Intersection, ,Non-Junction,None,,,         ,Melvin,Taylor,Clear,"Sideswipe, Same Direction",no,no,no,no,yes,False
102178697,METROPOLITAN NASHVILLE POLICE DEPT,20180870179,Davidson,Nashville,10/15/2018 4:24:00 PM,2,1,0,36.187700,-86.746650,GALLATIN AV,,,,233.00,Feet,South,GRANADA AV,,,,0.00,N,Not at Intersection,N,OtherLocation,None,,,         ,Marc,Kozen,Cloudy,Front to Rear,no,no,no,yes,no,False
102178709,METROPOLITAN NASHVILLE POLICE DEPT,20180870473,Davidson,Nashville,10/15/2018 6:20:00 PM,2,0,0,36.214990,-86.590840,LEBANON PKE,,,,701.00,Feet,West,ANDREW JACKSON PKWY,,,,0.00,N,Not at Intersection,N,Non-Junction,None,,,         ,Tyler,Hall,Clear,"Sideswipe, Same Direction",no,no,no,yes,yes,False
102178711,METROPOLITAN NASHVILLE POLICE DEPT,20180870428,Davidson,Goodlettsville,10/15/2018 6:06:00 PM,2,0,0,36.287740,-86.725730,I 65,,,,0.00,,,,,,,94.00,N,Not at Intersection, ,Non-Junction,None,,,         ,Christopher,Littles,Cloudy,"Sideswipe, Same Direction",no,no,no,no,no,False
102178712,METROPOLITAN NASHVILLE POLICE DEPT,20180870570,Davidson,Nashville,10/15/2018 6:57:00 PM,2,0,0,36.231060,-86.699750,BRILEY PKWYN,,,,304.00,Feet,South,BRILEY PKWYW,,,,0.00,N,Not at Intersection,N,Non-Junction,None,,,         ,Christopher,Littles,Cloudy,"Sideswipe, Same Direction",no,no,no,no,yes,False
102178714,METROPOLITAN NASHVILLE POLICE DEPT,20180870497,Davidson,Nashville,10/15/2018 6:31:00 PM,2,0,0,36.133230,-86.801310,PORTLAND AV,,,,0.00,,,MAGNOLIA BLVD,,,,0.00,Y,OTHER,Y,Intersection,None,,,         ,Gary,Peters,Cloudy,Angle,no,no,no,no,no,False
102178715,METROPOLITAN NASHVILLE POLICE DEPT,20180870466,Davidson,Nashville,10/15/2018 6:24:00 PM,2,2,0,36.151070,-86.784340,DIVISION ST,,,,0.00,,,12TH AVS,,,,0.00,Y,Four-Way,N,Intersection,None,,,         ,Jason,King,Cloudy,Angle,no,no,no,no,no,False
102178716,METROPOLITAN NASHVILLE POLICE DEPT,20180870491,Davidson,Antioch,10/15/2018 6:30:00 PM,2,0,0,36.054360,-86.594620,PRIESTSHORE BAY,,,,169.00,Feet,South,HAMILTON CROSS DR,,,,0.00,N,Not at Intersection,N,Non-Junction,None,,,         ,Eric,Wegener,Clear,HeadOn,no,no,no,no,no,False
102178718,METROPOLITAN NASHVILLE POLICE DEPT,20180870356,Davidson,Nashville,10/15/2018 5:35:00 PM,2,2,0,36.126700,-86.711090,EAST THOMPSON LN,,,,0.00,,,THOMPSON PL,,,,0.00,Y,Four-Way,N,Intersection,None,,,         ,Johnathan,Pannell,Cloudy,Angle,no,no,no,no,no,False
102178719,METROPOLITAN NASHVILLE POLICE DEPT,20180870340,Davidson,Nashville,10/15/2018 4:43:00 PM,2,0,0,36.049860,-86.652190,HICKORY HOLLOW MALL PVTDR PL,,,,251.00,Feet,North,BELL RD,,,,0.00,N,Not at Intersection, ,Non-Junction,None,,,         ,Devonte,Coleman,Cloudy,"Sideswipe, Same Direction",no,no,no,yes,no,False
102178720,METROPOLITAN NASHVILLE POLICE DEPT,20180870371,Davidson,Goodlettsville,10/15/2018 6:17:00 PM,2,2,0,36.297810,-86.698440,GALLATIN PKEN,,,,389.00,Feet,North,RIVERGATE PKWY,,,,0.00,N,Not at Intersection,N,Non-Junction,None,,,         ,Derek,Sibley,Clear,Front to Rear,no,no,no,no,yes,False
102178722,METROPOLITAN NASHVILLE POLICE DEPT,20180870580,Davidson,Antioch,10/15/2018 6:40:00 PM,1,1,0,36.001830,-86.651410,OLD HICKORY BLVD,,,,615.00,Feet,East,WHITTEMORE LN,,,,0.00,N,Not at Intersection,N,Non-Junction,None,,,         ,Ian,Swander,Clear,Not Collision with Motor Vehicle in Transport,no,no,no,no,no,False
102178725,METROPOLITAN NASHVILLE POLICE DEPT,20180870312,Davidson,Nashville,10/15/2018 5:20:00 PM,2,0,0,36.118640,-86.726340,I 24,,,,0.00,,,,,,,53.00,N,Not at Intersection,N,Non-Junction,None,,,         ,Andrew,Brazee,Cloudy,"Sideswipe, Same Direction",no,no,no,no,no,False
102178726,METROPOLITAN NASHVILLE POLICE DEPT,20180870449,Davidson,Nashville,10/15/2018 6:20:00 PM,2,0,0,36.103450,-86.714950,I 24,,,,0.00,,,,,,,54.30,N,Not at Intersection, ,Non-Junction,None,,,         ,Andrew,Brazee,Cloudy,Front to Rear,no,no,no,no,no,False
102178727,METROPOLITAN NASHVILLE POLICE DEPT,20180870436,Davidson,Nashville,10/15/2018 6:11:00 PM,2,0,0,36.099640,-86.711090,I 24,,,,0.00,,,,,,,54.60,N,Not at Intersection, ,Non-Junction,None,,,         ,Andrew,Brazee,Cloudy,Front to Rear,no,no,no,no,no,False
102178728,METROPOLITAN NASHVILLE POLICE DEPT,20180870646,Davidson,Nashville,10/15/2018 7:38:00 PM,2,1,0,36.046630,-86.661520,I 24,,,,0.00,,,,,,,59.25,N,Not at Intersection,N,Non-Junction,None,,,         ,Devonte,Coleman,Clear,"Sideswipe, Same Direction",no,no,no,no,yes,False
102178734,METROPOLITAN NASHVILLE POLICE DEPT,20180870697,Davidson,Nashville,10/15/2018 7:45:00 PM,2,0,0,36.192320,-86.770230,RICHARDSON AV,,,,0.00,,,N 2ND ST,,,,0.00,Y,T-Intersection,N,Non-Junction,None,,,         ,Riley,Brewer,Clear,Front to Rear,no,no,no,no,yes,False
102178760,METROPOLITAN NASHVILLE POLICE DEPT,20180870496,Davidson,Nashville,10/15/2018 5:53:00 PM,2,0,0,36.044870,-86.663430,BELL RD,,,,563.00,Feet,West,CANE RIDGE RD,,,,0.00,N,Not at Intersection, ,Non-Junction,None,,,         ,Andrew,Brazee,Cloudy,Front to Rear,no,no,no,no,no,False
102178815,METROPOLITAN NASHVILLE POLICE DEPT,20180846920,Davidson,Nashville,10/6/2018 3:40:00 AM,3,1,1,36.064920,-86.685010,I 24,,,,0.00,,,,,,,57.40,N,Not at Intersection,N,Non-Junction,None,,,18-0746  ,Christopher,Augustin,Clear,Front to Rear,no,no,no,no,yes,False
102178875,METROPOLITAN NASHVILLE POLICE DEPT,20180870822,Davidson,Nashville,10/15/2018 7:41:00 PM,2,0,0,36.136730,-86.801970,BELCOURT AV,,,,326.00,Feet,West,21ST AVS,,,,0.00,N,Not at Intersection,N,Non-Junction,None,,,         ,Gary,Peters,Clear,Angle,no,no,no,yes,yes,Campus
102178876,METROPOLITAN NASHVILLE POLICE DEPT,20180870752,Davidson,Nashville,10/15/2018 8:35:00 PM,2,0,0,36.164190,-86.819890,28TH AVN,,,,20.00,Feet,South,ALBION ST,,,,0.00,N,Not at Intersection, ,Non-Junction,None,,,         ,Melvin,Taylor,Clear,Front to Rear,no,no,no,no,no,False
102178881,METROPOLITAN NASHVILLE POLICE DEPT,20180870054,Davidson,Nashville,10/15/2018 2:33:00 PM,2,0,0,36.106940,-86.813200,HILLSBORO PKE,,,,349.00,Feet,South,GREEN HILLS VILLAGE DR,,,,0.00,N,Not at Intersection,N,Non-Junction,None,,,         ,Jeremy,Huffine,Rain,Angle,no,no,no,no,no,False
102178882,METROPOLITAN NASHVILLE POLICE DEPT,20180870547,Davidson,Nashville,10/15/2018 6:00:00 PM,2,0,0,36.105000,-86.716960,I 24,,,,0.00,,,,,,,54.15,N,Not at Intersection,N,Non-Junction,None,,,         ,Akira,McSwain,Clear,"Sideswipe, Same Direction",no,no,no,no,yes,False
102178883,METROPOLITAN NASHVILLE POLICE DEPT,20180870725,Davidson,Nashville,10/15/2018 7:53:00 PM,2,0,0,36.151010,-86.796490,19TH AVS,,,,0.00,,,BROADWAY,,,,0.00,Y,Four-Way, ,Non-Junction,None,,,         ,Akira,McSwain,Clear,Angle,no,no,no,no,no,False
102178896,METROPOLITAN NASHVILLE POLICE DEPT,20180870683,Davidson,Nashville,10/15/2018 12:00:00 AM,2,3,0,36.129490,-86.903310,CHARLOTTE PKE,,,,0.00,Feet,,DAVIDSON DR,,,,0.00,Y,Four-Way,N,Intersection-Related,None,,,         ,Kelby,Dumond,Clear,"Sideswipe, Opposite Direction",no,no,no,no,yes,False
102178897,METROPOLITAN NASHVILLE POLICE DEPT,20180870569,Davidson,Nashville,10/15/2018 6:33:00 PM,2,0,0,36.050510,-86.714080,NOLENSVILLE PKE,,,,352.00,Feet,North,ASH GROVE DR,,,,0.00,N,Not at Intersection, ,Non-Junction,None,,,         ,John,Roberson,Cloudy,"Sideswipe, Same Direction",no,no,no,no,no,False
102178919,METROPOLITAN NASHVILLE POLICE DEPT,20180870973,Davidson,Nashville,10/15/2018 9:50:00 PM,3,0,0,36.134790,-86.779050,8TH AVS,,,,185.00,Feet,North,EAST ARGYLE AV,,,,0.00,N,Not at Intersection,N,"Driveway, Alley Access, etc",None,,,         ,Douglas,Sykes,Clear,Other,no,no,no,yes,no,False
102178920,METROPOLITAN NASHVILLE POLICE DEPT,20180870892,Davidson,Nashville,10/15/2018 12:00:00 AM,2,0,0,36.156450,-86.631310,STEWARTS FERRY PKE,,,,0.00,,,I40 W EXT RAMP,,,,0.00,Y,OTHER,N,Intersection-Related,None,,,         ,Alexander,Spradling,Clear,Other,no,no,no,no,no,False
102178930,METROPOLITAN NASHVILLE POLICE DEPT,20180870987,Davidson,Nashville,10/15/2018 10:26:00 PM,2,1,0,36.054690,-86.674370,I 24,,,,0.00,,,,,,,58.30,N,Not at Intersection,N,Non-Junction,None,,,         ,Andrew,Brazee,Clear,Not Collision with Motor Vehicle in Transport,no,no,no,no,no,False
102178946,METROPOLITAN NASHVILLE POLICE DEPT,20180871153,Davidson,Nashville,10/15/2018 11:39:00 PM,1,0,0,36.160120,-86.781360,7TH AVN,,,,278.00,Feet,South,COMMERCE ST,,,,0.00,N,Not at Intersection,N,Non-Junction,None,,,         ,Brenna,Hosey,Clear,Not Collision with Motor Vehicle in Transport,no,no,no,no,no,False
102178949,METROPOLITAN NASHVILLE POLICE DEPT,2018-0871030,Davidson,Nashville,10/15/2018 10:40:00 PM,1,0,0,36.089870,-86.688110,HARDING PL,,,,157.00,Feet,East,EZELL PKE,,,,0.00,N,Not at Intersection,N,Non-Junction,None,,,         ,Thomas,Clingan,Clear,Not Collision with Motor Vehicle in Transport,no,no,no,no,no,False
102178951,BERRY HILL POLICE DEPT,18-3692,Davidson,Berry Hill,10/15/2018 10:56:00 PM,2,0,0,36.120620,-86.763800,MELROSE AV,,,,0.00,,,FOUR FORTY CENTER PVTDR,,,,0.00,Y,OTHER, ,Non-Junction,None,,,         ,Roy,Yoquelet,Clear,Rear to Side,no,no,no,yes,no,False
102178955,METROPOLITAN NASHVILLE POLICE DEPT,20180871065,Davidson,Nashville,10/15/2018 10:45:00 AM,2,0,0,36.222190,-86.873150,SPICKARD CT,,,,228.00,Feet,North,CATO RIDGE DR,,,,0.00,N,Not at Intersection,N,Non-Junction,None,,,         ,Abigail,Malone,Clear,Rear to Rear,no,no,no,yes,yes,False
102178957,METROPOLITAN NASHVILLE POLICE DEPT,20180871104,Davidson,Nashville,10/15/2018 7:40:00 PM,2,0,0,36.139100,-86.880600,ANNEX AV,,,,17.00,Feet,North,CHARLOTTE PKE,,,,0.00,N,Not at Intersection, ,,None,,,         ,Sean,Weaver,,,no,no,no,no,no,False
102178961,METROPOLITAN NASHVILLE POLICE DEPT,20180871207,Davidson,Nashville,10/16/2018 12:25:00 AM,2,0,0,36.158290,-86.771890,HERMITAGE AV,,,,0.00,Feet,,KOREAN VETERANS BLVD,,,,0.00,Y,Four-Way, ,Intersection,None,,,         ,Jeremy,Arrington,Clear,Angle,no,no,no,no,no,False
102178966,METROPOLITAN NASHVILLE POLICE DEPT,20180871053,Davidson,Nashville,10/16/2018 12:00:00 AM,2,0,0,36.070920,-86.635130,MURFREESBORO PKE,,,,467.00,Feet,South,BELL RD,,,,0.00,N,Not at Intersection,N,Non-Junction,None,,,         ,Antoine,Maghamez,Clear,Front to Rear,no,no,no,no,yes,False
102178971,METROPOLITAN NASHVILLE POLICE DEPT,20180871181,Davidson,Nashville,10/16/2018 12:09:00 AM,2,0,0,36.085940,-86.763110,I 65,,,,0.00,,,,,,,78.10,N,Not at Intersection,N,Non-Junction,None,,,         ,Randall,Atkinson,Clear,Not Collision with Motor Vehicle in Transport,no,no,no,no,no,False
102178976,METROPOLITAN NASHVILLE POLICE DEPT,2018-0871173,Davidson,Nashville,10/16/2018 12:05:00 AM,1,1,0,36.079570,-86.764600,I 65,,,,0.00,,,,,,,77.60,N,Not at Intersection,N,Non-Junction,None,,,         ,Thomas,Miller,Clear,Not Collision with Motor Vehicle in Transport,no,no,no,no,no,False
102178991,METROPOLITAN NASHVILLE POLICE DEPT,20180871445,Davidson,Nashville,10/16/2018 2:55:00 AM,1,0,0,36.176840,-86.750810,WOODLAND ST,,,,0.00,,,,,,,0.00,,,N,Non-Junction,None,,,         ,Colin,Bleem,Clear,Not Collision with Motor Vehicle in Transport,no,no,no,yes,no,False
102178996,METROPOLITAN NASHVILLE POLICE DEPT,20180871032,Davidson,Nashville,10/15/2018 10:57:00 PM,2,0,0,36.160790,-86.777720,BROADWAY,,,,174.00,Feet,West,4TH AVN,,,,0.00,N,Not at Intersection,N,Non-Junction,None,,,         ,Kelcey,Bell,Clear,Front to Rear,no,no,no,no,no,False
102178998,METROPOLITAN NASHVILLE POLICE DEPT,20180871405,Davidson,Nashville,10/16/2018 12:00:00 AM,1,0,0,36.154280,-86.651230,IRONWOOD DR,,,,334.00,Feet,North,LAKELAND DR,,,,0.00,N,Not at Intersection,N,Non-Junction,None,,,         ,Kyle,Berkheiser,Clear,Not Collision with Motor Vehicle in Transport,no,no,no,yes,yes,False
102179031,METROPOLITAN NASHVILLE POLICE DEPT,20180871610,Davidson,Nashville,10/16/2018 12:00:00 AM,2,0,0,36.153010,-86.769410,2ND AVS,,,,105.00,Feet,South,ASH ST,,,,0.00,N,Not at Intersection,N,Non-Junction,None,,,         ,Jeremy,Arrington,Clear,Front to Rear,no,no,no,no,yes,False
102179033,METROPOLITAN NASHVILLE POLICE DEPT,20180871694,Davidson,Nashville,10/16/2018 5:43:00 AM,2,0,0,36.241960,-86.757080,DICKERSON PKE,,,,0.00,,,DICKERSON PKE ENT RAMP,,,,0.00,Y,Four-Way, ,Intersection,None,,,         ,Goran,Manojlovic,Clear,Front to Rear,no,no,no,no,no,False
102179060,METROPOLITAN NASHVILLE POLICE DEPT,20180871741,Davidson,Nashville,10/16/2018 5:50:00 AM,2,0,0,36.153570,-86.774950,LEA AV,,,,275.00,Feet,East,6TH AVS,,,,0.00,N,Not at Intersection, ,Non-Junction,None,,,         ,William,Erickson,Clear,"Sideswipe, Same Direction",no,no,no,no,no,False
102179064,METROPOLITAN NASHVILLE POLICE DEPT,20180871515,Davidson,Not in City Limit,10/16/2018 5:10:00 AM,1,1,0,36.335290,-86.909730,I 24,,,,0.00,,,,,,,32.45,N,Not at Intersection,N,Non-Junction,None,,,         ,Abigail,Malone,Clear,Not Collision with Motor Vehicle in Transport,no,no,no,no,no,False
102179087,METROPOLITAN NASHVILLE POLICE DEPT,20180871848,Davidson,Nashville,10/16/2018 6:55:00 AM,2,0,0,36.147350,-86.747800,RUNDLE AV,,,,0.00,,,ORR AV,,,,0.00,Y,OTHER,N,Non-Junction,None,,,         ,Tien,Nguyen,Clear,Front to Rear,no,no,no,no,no,False
102179126,METROPOLITAN NASHVILLE POLICE DEPT,20180871832,Davidson,Nashville,10/16/2018 6:55:00 AM,2,0,0,36.086870,-86.696300,HARDING PL,,,,102.00,Feet,West,METROPLEX DR,,,,0.00,N,Not at Intersection, ,Non-Junction,None,,,         ,Jessie,Meadows,Cloudy,Front to Rear,no,no,no,no,no,False
102179127,METROPOLITAN NASHVILLE POLICE DEPT,20180871903,Davidson,Nashville,10/16/2018 7:20:00 AM,3,0,0,36.134440,-86.726760,I 24,,,,0.00,,,,,,,52.10,N,Not at Intersection,N,Non-Junction,None,,,         ,Jessie,Meadows,Cloudy,Front to Rear,no,no,no,no,no,False
102179144,METROPOLITAN NASHVILLE POLICE DEPT,20180871862,Davidson,Nashville,10/16/2018 6:34:00 AM,2,0,0,36.152670,-86.855810,I 40,,,,0.00,,,,,,,204.10,N,Not at Intersection, ,Non-Junction,None,,,         ,Candace,Steen,Clear,"Sideswipe, Same Direction",no,no,no,no,no,False
102179163,METROPOLITAN NASHVILLE POLICE DEPT,18-0871852,Davidson,Nashville,10/16/2018 6:54:00 AM,2,0,0,36.163900,-86.790270,NELSON MERRY ST,,,,512.00,Feet,West,10TH CIRN,,,,0.00,N,Not at Intersection,N,Non-Junction,Construction Zone,Other,Unknown,         ,Frank,Campbell,Cloudy,"Sideswipe, Same Direction",no,no,no,no,yes,False
102179182,METROPOLITAN NASHVILLE POLICE DEPT,20180871976,Davidson,Nashville,10/16/2018 7:50:00 AM,2,0,0,36.085030,-86.690360,ANTIOCH PKE,,,,220.00,Feet,South,PERIMETER HILL DR,,,,0.00,N,Not at Intersection,N,Non-Junction,None,,,         ,Brian,Lamb,Clear,"Sideswipe, Same Direction",no,no,no,no,no,False
102179185,METROPOLITAN NASHVILLE POLICE DEPT,20180871932,Davidson,Nashville,10/16/2018 7:25:00 AM,2,0,0,36.152500,-86.856600,I 40,,,,0.00,,,,,,,204.00,N,Not at Intersection, ,Non-Junction,None,,,         ,Brian,Myatt,Cloudy,Front to Rear,no,no,no,no,no,False
102179190,METROPOLITAN NASHVILLE POLICE DEPT,20180871857,Davidson,Nashville,10/16/2018 6:47:00 AM,2,0,0,36.138050,-86.822060,I 440,,,,0.00,,,,,,,1.35,N,Not at Intersection,N,Non-Junction,None,,,         ,Julius,Gallon,Cloudy,Front to Rear,no,no,no,no,no,False
102179193,METROPOLITAN NASHVILLE POLICE DEPT,20180872160,Davidson,Nashville,10/16/2018 9:09:00 AM,2,0,0,36.095770,-86.707980,I 24,,,,0.00,,,,,,,54.90,N,Not at Intersection,N,Non-Junction,None,,,         ,Jessie,Meadows,Cloudy,"Sideswipe, Same Direction",no,no,no,no,yes,False
102179208,METROPOLITAN NASHVILLE POLICE DEPT,20180872278,Davidson,Nashville,10/16/2018 10:03:00 AM,2,0,0,36.140230,-86.725760,I24E,,,,696.00,Feet,North,I40 E ENT RAMP,,,,0.00,N,Not at Intersection, ,Entrance/Exit Ramp Related,None,,,         ,Tien,Nguyen,Cloudy,Front to Rear,no,no,no,no,no,False
102179228,METROPOLITAN NASHVILLE POLICE DEPT,20180871863,Davidson,Nashville,10/16/2018 12:00:00 AM,4,0,0,36.116320,-86.749300,GRANDVIEW AV,,,,283.00,Feet,South,WOODBINE ST,,,,0.00,N,Not at Intersection,N,Non-Junction,None,,,         ,Charles,Griffin,Unknown,Unknown,no,no,no,no,yes,False
102179235,METROPOLITAN NASHVILLE POLICE DEPT,20180872420,Davidson,Nashville,10/16/2018 12:00:00 AM,1,0,0,36.155480,-86.713340,CLOVERNOOK DR,,,,395.00,Feet,West,LEBANON PKE,,,,0.00,N,Not at Intersection,N,OtherLocation,None,,,         ,Tien,Nguyen,Unknown,Not Collision with Motor Vehicle in Transport,no,no,no,no,yes,False
102179274,METROPOLITAN NASHVILLE POLICE DEPT,20180872540,Davidson,Nashville,10/16/2018 11:50:00 AM,2,0,0,36.113980,-86.811160,WOODMONT BLVD,,,,84.00,Feet,West,HILLSBORO PKE,,,,0.00,N,Not at Intersection, ,Non-Junction,None,,,         ,Paul,Junkmann,Cloudy,Front to Rear,no,no,no,no,no,False
102179299,METROPOLITAN NASHVILLE POLICE DEPT,20180872613,Davidson,Nashville,10/16/2018 12:20:00 PM,2,0,0,36.188470,-86.746310,GALLATIN AV,,,,65.00,Feet,North,GRANADA AV,,,,0.00,N,Not at Intersection, ,Non-Junction,None,,,         ,Russell,Freeman,Cloudy,"Sideswipe, Same Direction",no,no,no,no,no,False
102179309,METROPOLITAN NASHVILLE POLICE DEPT,20180872233,Davidson,Nashville,10/16/2018 9:45:00 AM,2,0,0,36.154470,-86.770360,2ND AVS,,,,0.00,,,MIDDLETON ST,,,,0.00,Y,OTHER,N,Intersection-Related,None,,,         ,Cody,O'Quinn,Cloudy,Angle,no,no,no,no,no,False
102179313,METROPOLITAN NASHVILLE POLICE DEPT,20180872542,Davidson,Nashville,10/16/2018 12:00:00 PM,2,0,0,36.092830,-86.678980,HARDING PL,,,,34.00,Feet,West,DONELSON PKE,,,,0.00,N,Not at Intersection, ,Non-Junction,None,,,         ,Jessie,Meadows,Cloudy,"Sideswipe, Same Direction",no,no,no,no,no,False
102179314,METROPOLITAN NASHVILLE POLICE DEPT,20180872683,Davidson,Nashville,10/16/2018 12:48:00 PM,2,0,0,36.137150,-86.724250,SPENCE LN,,,,529.00,Feet,North,MURFREESBORO PKE,,,,0.00,N,Not at Intersection,N,Non-Junction,None,,,         ,Tien,Nguyen,Clear,Angle,no,no,no,no,yes,False
102179338,METROPOLITAN NASHVILLE POLICE DEPT,20180872636,Davidson,Nashville,10/16/2018 12:15:00 PM,1,0,0,36.153060,-86.691240,BRILEY PKWYS,,,,203.00,Feet,West,BRILEY PKWYN,,,,0.00,N,Not at Intersection, ,Non-Junction,None,,,         ,Jessie,Meadows,Cloudy,Not Collision with Motor Vehicle in Transport,no,no,no,no,no,False
102179347,METROPOLITAN NASHVILLE POLICE DEPT,2018-0872590,Davidson,Nashville,10/16/2018 11:52:00 AM,2,0,0,36.160050,-86.813970,25TH AVN,,,,203.00,Feet,North,MERRY ST,,,,0.00,N,Not at Intersection,N,Non-Junction,None,,,         ,Craig,Bega,Clear,"Sideswipe, Same Direction",no,no,no,no,yes,False
102179366,METROPOLITAN NASHVILLE POLICE DEPT,20180872638,Davidson,Nashville,10/16/2018 12:25:00 PM,2,0,0,36.165710,-86.800430,16TH AVN,,,,89.00,Feet,South,ANDREW JACKSON COURTS PVTDR,,,,0.00,N,Not at Intersection, ,Non-Junction,None,,,         ,Victor,Alexander,Cloudy,"Sideswipe, Same Direction",no,no,no,no,no,False