master_record_number,agency,agency_tracking_number,county,city,collision_date,vehicles_involved,number_injured,number_dead,latitude,longitude,roadway_name,roadway_suffix,roadway_number,roadway_local_id,distance_from_reference,miles-feet_indicator,direction_from_reference,intersection_road_name,intersection_road_name_suffix,intersection_road_number,intersection_local_id,mile_marker,intersection_indicator,intersect_type,interchange_related_indicator,relation_to_junction,work_zone_type,construction_maintenance_zone,construction_maintenance_zone_location,fatal_case_number,officer_first_name,officer_last_name,weather_condition(s),manner_of_crash,pedestrian,bicycle,scooter,parking,hitrun,mou
102180008,METROPOLITAN NASHVILLE POLICE DEPT,20180874849,Davidson,Nashville,10/17/2018 6:47:00 AM,2,0,0,36.046550,-86.678030,BELL RD,,,,423.00,Feet,East,BRITTANY PARK DR,,,,0.00,N,Not at Intersection,N,Non-Junction,None,,,         ,Jessie,Meadows,Clear,Angle,no,no,no,no,no,False
102180010,METROPOLITAN NASHVILLE POLICE DEPT,20180874941,Davidson,Nashville,10/17/2018 7:10:00 AM,2,0,0,36.173200,-86.791700,JEFFERSON ST,,,,91.00,Feet,West,ROSA L PARKS BLVD,,,,0.00,N,Not at Intersection,N,Non-Junction,None,,,         ,Brian,Mclarty,Clear,Angle,no,no,no,no,yes,False
102180040,METROPOLITAN NASHVILLE POLICE DEPT,20180874951,Davidson,Nashville,10/17/2018 7:25:00 AM,3,0,0,36.156370,-86.618760,BELL RD,,,,0.00,Feet,East,BELL RD PVTDR,,,,0.00,N,Not at Intersection,N,Non-Junction,None,,,         ,Garrett,Reingardt,Clear,Front to Rear,no,no,no,no,no,False
102180056,GOODLETTSVILLE POLICE DEPT,18-36301,Davidson,Goodlettsville,10/14/2018 2:45:00 PM,3,0,0,36.306420,-86.703390,RIVERGATE PKWY,,,,60.00,Feet,South,I65 N ENT RAMP,,,,0.00,N,Not at Intersection,N,Entrance/Exit Ramp Related,None,,,         ,Charles,Hauskin,Clear,Front to Rear,no,no,no,no,no,False
102180058,METROPOLITAN NASHVILLE POLICE DEPT,20180875184,Davidson,Nashville,10/17/2018 9:01:00 AM,2,0,0,36.132390,-86.777520,BENTON AV,,,,0.00,,,GRANTLAND AV,,,,0.00,Y,T-Intersection,N,Intersection,None,,,         ,Justin,Pinkelton,Clear,Other,no,no,no,no,no,False
102180096,METROPOLITAN NASHVILLE POLICE DEPT,20180875317,Davidson,Nashville,10/17/2018 9:56:00 AM,2,0,0,36.181860,-86.607780,OLD HICKORY BLVD,,,,142.00,Feet,South,ANDREW JACKSON WAY,,,,0.00,N,Not at Intersection,N,Non-Junction,None,,,         ,Joshua,Hausman,Clear,Front to Rear,no,no,no,no,no,False
102180099,METROPOLITAN NASHVILLE POLICE DEPT,20180875320,Davidson,Nashville,10/17/2018 10:05:00 AM,2,1,0,36.172480,-86.595110,CENTRAL PKE,,,,0.00,,,TULIP GROVE RD,,,,0.00,Y,Four-Way,N,Intersection,None,,,         ,Thomas,Odom,Clear,Angle,no,no,no,no,no,False
102180113,THP District 3 - Nashville,318068870,Davidson,Nashville,10/17/2018 1:20:00 AM,1,0,0,36.116900,-86.730600,WHITSETT RD,,,,114.00,Feet,North,ENNIS RD,,,,0.00,N,Not at Intersection,N,Non-Junction,None,,,         ,John-Mark,Tarr,Clear,Not Collision with Motor Vehicle in Transport,no,no,no,no,yes,False
102180136,METROPOLITAN NASHVILLE POLICE DEPT,20180875479,Davidson,Nashville,10/17/2018 11:00:00 AM,2,0,0,36.146280,-86.867160,NEIGHBORLY AV,,,,0.00,,,BALMY AV,,,,0.00,Y,T-Intersection, ,Intersection,None,,,         ,Curtis,Rich,Clear,Angle,no,no,no,no,no,False
102180137,METROPOLITAN NASHVILLE POLICE DEPT,20180875252,Davidson,Nashville,10/17/2018 9:30:00 AM,2,0,0,36.167890,-86.777960,JAMES ROBERTSON PKWY,,,,0.00,,,PUBLIC SQ,,,,0.00,Y,T-Intersection, ,,None,,,         ,Gregory,Julia,,,no,no,no,no,no,False
102180138,METROPOLITAN NASHVILLE POLICE DEPT,20180875315,Davidson,Nashville,10/17/2018 11:00:00 AM,2,0,0,36.070010,-86.685460,HAYWOOD LN,,,,53.00,Feet,East,BAKERTOWN RD,,,,0.00,N,Not at Intersection,N,Non-Junction,None,,,         ,Jessie,Meadows,Clear,Front to Rear,no,no,no,no,no,False
102180140,METROPOLITAN NASHVILLE POLICE DEPT,20180875463,Davidson,Nashville,10/17/2018 11:02:00 AM,2,1,0,36.192320,-86.616300,OLD HICKORY BLVD,,,,0.00,Feet,,JUAREZ DR,,,,0.00,Y,Four-Way,N,Intersection,None,,,         ,Michael,Parman,Clear,Angle,no,no,no,no,no,False
102180241,METROPOLITAN NASHVILLE POLICE DEPT,20180875421,Davidson,Nashville,10/17/2018 10:45:00 AM,1,1,0,36.232710,-86.731830,SAUNDERS AV,,,,500.00,Feet,South,JOYCE LN,,,,0.00,N,Not at Intersection,N,Non-Junction,None,,,         ,Russell,Freeman,Clear,Not Collision with Motor Vehicle in Transport,no,no,no,no,no,False
102180248,METROPOLITAN NASHVILLE POLICE DEPT,20180875661,Davidson,Nashville,10/17/2018 12:55:00 PM,4,2,0,36.116460,-86.835830,WOODMONT BLVD,,,,198.00,Feet,East,ESTES RD,,,,0.00,N,Not at Intersection, ,Non-Junction,None,,,         ,Curtis,Rich,Clear,Front to Rear,no,no,no,no,no,False
102180249,METROPOLITAN NASHVILLE POLICE DEPT,20180873421,Davidson,Nashville,10/16/2018 6:28:00 PM,2,0,0,36.161930,-86.776220,3RD AVN,,,,160.00,Feet,North,BROADWAY,,,,0.00,N,Not at Intersection, ,Non-Junction,None,,,         ,Cody,O'Quinn,Rain,"Sideswipe, Same Direction",no,no,no,no,no,False
102180253,METROPOLITAN NASHVILLE POLICE DEPT,20180875591,Davidson,Antioch,10/17/2018 12:09:00 PM,1,0,0,36.051960,-86.575860,LAVERGNE COUCHVILLE PKE,,,,0.00,Feet,East,HAMILTON CHURCH RD,,,,0.00,N,Not at Intersection,N,Non-Junction,None,,,         ,Jessie,Meadows,Clear,Not Collision with Motor Vehicle in Transport,no,no,no,no,no,False
102180255,METROPOLITAN NASHVILLE POLICE DEPT,20180875505,Davidson,Nashville,10/17/2018 11:13:00 AM,2,0,0,36.181990,-86.774980,I 24,,,,0.00,,,,,,,47.55,N,Not at Intersection, ,Entrance/Exit Ramp Related,None,,,         ,Isaac,Wood,Clear,Front to Rear,no,no,no,no,no,False
102180260,METROPOLITAN NASHVILLE POLICE DEPT,20180875224,Davidson,Nashville,10/17/2018 9:15:00 AM,2,0,0,36.208210,-86.767420,DICKERSON PKE,,,,9.00,Feet,South,GRIZZARD AV,,,,0.00,N,Not at Intersection, ,Non-Junction,None,,,         ,Steven,Spillers,Clear,Angle,no,no,no,no,no,False
102180288,METROPOLITAN NASHVILLE POLICE DEPT,20180875624,Davidson,Nashville,10/17/2018 12:15:00 PM,2,0,0,36.195970,-86.717190,PORTER RD,,,,0.00,,,STRATFORD AV,,,,0.00,Y,Four-Way,N,Intersection,None,,,         ,Russell,Freeman,Clear,Front to Rear,no,no,no,no,no,False
102180289,METROPOLITAN NASHVILLE POLICE DEPT,20180858617,Davidson,Not in City Limit,10/10/2018 5:35:00 PM,2,0,0,36.257900,-86.830270,WHITES CREEK PKE,,,,760.00,Feet,North,WHITES CREEK FONTANEL GRNWY,,,,0.00,N,Not at Intersection,N,Non-Junction,None,,,         ,Wesley,Young,Unknown,Not Collision with Motor Vehicle in Transport,no,no,no,no,no,False
102180311,METROPOLITAN NASHVILLE POLICE DEPT,20180875869,Davidson,Nashville,10/17/2018 2:00:00 PM,2,0,0,36.124740,-86.752050,NOLENSVILLE PKE,,,,101.00,Feet,South,ROSEDALE AV,,,,0.00,N,Not at Intersection, ,,None,,,         ,Randy,Puckett,,,no,no,no,no,no,False
102180318,METROPOLITAN NASHVILLE POLICE DEPT,20180875748,Davidson,Antioch,10/17/2018 1:30:00 PM,2,0,0,36.070620,-86.593000,HUNTINGBORO TRL,,,,138.00,Feet,North,MT VIEW RD,,,,0.00,N,Not at Intersection,N,Non-Junction,None,,,         ,Jessie,Meadows,Clear,"Sideswipe, Same Direction",no,no,no,no,yes,False
102180320,METROPOLITAN NASHVILLE POLICE DEPT,20180875802,Davidson,Nashville,10/17/2018 1:30:00 PM,2,0,0,36.045260,-86.717040,OLD HICKORY BLVD,,,,0.00,,,HICKORY PLZ,,,,0.00,Y,OTHER, ,Non-Junction,None,,,         ,Eric,Keller,Clear,"Sideswipe, Same Direction",no,no,no,no,no,False
102180321,METROPOLITAN NASHVILLE POLICE DEPT,20180875612,Davidson,Nashville,10/17/2018 12:10:00 PM,2,0,0,36.050880,-86.646650,BELL RD,,,,92.00,Feet,East,HICKORY HOLLOW TER,,,,0.00,N,Not at Intersection, ,Non-Junction,None,,,         ,Eric,Keller,Clear,Front to Rear,no,no,no,no,yes,False
102180322,METROPOLITAN NASHVILLE POLICE DEPT,20180875206,Davidson,Nashville,10/17/2018 9:10:00 AM,2,0,0,36.142300,-86.742830,MURFREESBORO PKE,,,,0.00,Feet,,POLK AV,,,,0.00,Y,T-Intersection,N,Intersection,None,,,         ,Eric,Keller,Clear,"Sideswipe, Opposite Direction",no,no,no,no,no,False
102180338,VANDERBILT UNIVERSITY POLICE,20180875653,Davidson,Nashville,10/17/2018 12:10:00 PM,2,0,0,36.142130,-86.810900,NATCHEZ TRC,,,,0.00,,,,,,,0.00,,, ,,None,,,         ,Linda,Jennings,,,no,no,no,yes,no,Campus
102180355,METROPOLITAN NASHVILLE POLICE DEPT,20180875793,Davidson,Nashville,10/17/2018 1:25:00 PM,2,1,0,36.130170,-86.816900,I 440,,,,0.00,,,,,,,2.00,N,Not at Intersection,N,Non-Junction,None,,,         ,Jon,Mcvey,Clear,Front to Rear,no,no,no,no,no,False
102180393,METROPOLITAN NASHVILLE POLICE DEPT,20180876053,Davidson,Not in City Limit,10/17/2018 3:32:00 PM,2,0,0,36.269310,-86.756130,OLD HICKORY BLVD,,,,123.00,Feet,West,DICKERSON PKE,,,,0.00,N,Not at Intersection,N,Non-Junction,None,,,         ,Christopher,Littles,Clear,"Sideswipe, Same Direction",no,no,no,no,yes,False
102180394,METROPOLITAN NASHVILLE POLICE DEPT,20180876121,Davidson,Not in City Limit,10/17/2018 4:00:00 PM,1,1,0,36.258430,-86.713540,HARRIS ST,,,,0.00,,,GALLATIN PKES,,,,0.00,Y,Four-Way,N,Intersection,None,,,         ,Christopher,Littles,Clear,Not Collision with Motor Vehicle in Transport,yes,no,no,no,no,False
102180435,METROPOLITAN NASHVILLE POLICE DEPT,20180876113,Davidson,Nashville,10/17/2018 3:33:00 PM,2,0,0,36.173160,-86.791880,JEFFERSON ST,,,,146.00,Feet,West,ROSA L PARKS BLVD,,,,0.00,N,Not at Intersection, ,Non-Junction,None,,,         ,Melvin,Taylor,Clear,Angle,no,no,no,no,no,False
102180444,METROPOLITAN NASHVILLE POLICE DEPT,20180876145,Davidson,Nashville,10/17/2018 4:04:00 PM,2,0,0,36.124200,-86.740750,I 440,,,,0.00,,,,,,,6.80,N,Not at Intersection, ,Non-Junction,None,,,         ,Ciarra,Rench,Clear,Angle,no,no,no,no,yes,False
102180450,METROPOLITAN NASHVILLE POLICE DEPT,20180876183,Davidson,Nashville,10/17/2018 3:25:00 PM,2,0,0,36.158940,-86.792440,14TH AVN,,,,0.00,,,I40 E EXT RAMP,,,,0.00,Y,Y-Intersection, ,Intersection-Related,None,,,         ,Ryan,Storm,Clear,Angle,no,no,no,no,no,False
102180454,METROPOLITAN NASHVILLE POLICE DEPT,20180876066,Davidson,Nashville,10/17/2018 3:36:00 PM,2,1,0,36.162870,-86.761650,I 24,,,,0.00,,,,,,,49.25,N,Not at Intersection, ,Non-Junction,None,,,         ,Jim,Crissman,Clear,Front to Rear,no,no,no,no,no,False
102180460,GOODLETTSVILLE POLICE DEPT,18-36720,Davidson,Goodlettsville,10/17/2018 3:40:00 PM,2,0,0,36.306750,-86.705880,I 65,,,,0.00,,,,,,,95.70,N,Not at Intersection, ,Non-Junction,None,,,         ,Charles,Hauskin,Clear,"Sideswipe, Same Direction",no,no,no,no,no,False
102180473,METROPOLITAN NASHVILLE POLICE DEPT,20180876017,Davidson,Nashville,10/17/2018 3:10:00 PM,1,1,0,36.093220,-86.827190,HILLSBORO PKE,,,,52.00,Feet,North,FOREST PLACE CIR,,,,0.00,N,Not at Intersection,N,Non-Junction,None,,,         ,Broderick,Jones,Clear,Not Collision with Motor Vehicle in Transport,no,no,no,no,no,False
102180477,METROPOLITAN NASHVILLE POLICE DEPT,20180876100,Davidson,Nashville,10/17/2018 3:39:00 PM,2,0,0,36.090840,-86.802400,GRANNY WHITE PKE,,,,0.00,,,BILTMORE DR,,,,0.00,Y,T-Intersection,Y,Intersection,None,,,         ,Austin,Kendrick,Clear,Angle,no,no,no,no,no,False
102180484,METROPOLITAN NASHVILLE POLICE DEPT,20180876177,Davidson,Not in City Limit,10/17/2018 4:26:00 PM,2,1,0,36.326560,-86.884610,I 24,,,,0.00,,,,,,,34.05,N,Not at Intersection, ,Non-Junction,None,,,         ,Melvin,Taylor,Clear,Front to Rear,no,no,no,no,yes,False
102180490,METROPOLITAN NASHVILLE POLICE DEPT,20180876296,Davidson,Nashville,10/17/2018 4:35:00 PM,2,0,0,36.141130,-86.627970,BELL RD,,,,0.00,,,ELM HILL PKE,,,,0.00,Y,T-Intersection,Y,Intersection,None,,,         ,Seth,Vaughn,Clear,Angle,no,no,no,no,yes,False
102180494,METROPOLITAN NASHVILLE POLICE DEPT,20180876213,Davidson,Nashville,10/17/2018 4:41:00 PM,2,0,0,36.125910,-86.730390,I 440,,,,0.00,,,,,,,7.40,N,Not at Intersection, ,Entrance/Exit Ramp Related,None,,,         ,Andrew,Brazee,Clear,Front to Rear,no,no,no,no,no,False
102180504,METROPOLITAN NASHVILLE POLICE DEPT,20180876331,Davidson,Nashville,10/17/2018 5:27:00 PM,2,0,0,36.127290,-86.777450,FRANKLIN PKE,,,,69.00,Feet,South,MELPARK DR,,,,0.00,N,Not at Intersection, ,Non-Junction,None,,,         ,Douglas,Sykes,Clear,Angle,no,no,no,no,no,False
102180506,METROPOLITAN NASHVILLE POLICE DEPT,20180876188,Davidson,Nashville,10/17/2018 3:49:00 PM,2,0,0,36.144770,-86.711760,ELM HILL PKE,,,,214.00,Feet,West,MASSMAN DR,,,,0.00,N,Not at Intersection, ,Non-Junction,None,,,         ,Samuel,Sundra,Clear,Front to Rear,no,no,no,no,no,False
102180507,METROPOLITAN NASHVILLE POLICE DEPT,20180876216,Davidson,Nashville,10/17/2018 4:45:00 PM,2,0,0,36.156510,-86.794530,CHURCH ST,,,,0.00,Feet,East,16TH AVN,,,,0.00,N,Not at Intersection, ,Non-Junction,None,,,         ,Darryl,Williams,Clear,Angle,no,no,no,no,no,False
102180525,METROPOLITAN NASHVILLE POLICE DEPT,20180876375,Davidson,Not in City Limit,10/17/2018 5:58:00 PM,2,0,0,36.273660,-86.723000,NESBITT LN,,,,464.00,Feet,West,GRAYLAND DR,,,,0.00,N,Not at Intersection, ,Non-Junction,None,,,         ,Christopher,Littles,Clear,Front to Rear,no,no,no,no,no,False
102180526,METROPOLITAN NASHVILLE POLICE DEPT,20180876341,Davidson,Nashville,10/17/2018 5:20:00 PM,2,0,0,36.171680,-86.601750,OLD HICKORY BLVD,,,,318.00,Feet,North,I40 W EXT RAMP,,,,0.00,N,Not at Intersection,N,Non-Junction,None,,,         ,Marvis,Malone,Clear,Front to Rear,no,no,no,yes,yes,False
102180527,METROPOLITAN NASHVILLE POLICE DEPT,20180876347,Davidson,Not in City Limit,10/17/2018 5:08:00 PM,2,0,0,36.014150,-86.704840,NOLENSVILLE PKE,,,,508.00,Feet,South,SUGAR VALLEY DR,,,,0.00,N,Not at Intersection, ,Non-Junction,None,,,         ,Nicholas,Carroll,Clear,Front to Rear,no,no,no,no,no,False
102180531,METROPOLITAN NASHVILLE POLICE DEPT,20180876383,Davidson,Nashville,10/17/2018 6:06:00 PM,2,0,0,36.159090,-86.760000,I 24,,,,0.00,,,,,,,49.55,N,Not at Intersection, ,Non-Junction,None,,,         ,Joseph,Simon,Clear,Front to Rear,no,no,no,no,no,False
102180536,METROPOLITAN NASHVILLE POLICE DEPT,20180876310,Davidson,Nashville,10/17/2018 5:01:00 PM,1,1,0,36.075010,-86.662540,UNA ANTIOCH PKE,,,,0.00,,,BILLINGSGATE RD,,,,0.00,Y,T-Intersection,N,Intersection,None,,,         ,Jedidayah,Merriweather,Clear,Not Collision with Motor Vehicle in Transport,no,no,no,no,no,False
102180542,GOODLETTSVILLE POLICE DEPT,18-36748,Davidson,Goodlettsville,10/17/2018 6:41:00 PM,2,0,0,36.306720,-86.697860,VIETNAM VETERANS BLVDN,,,,658.00,Feet,West,VIETNAM VETERANS BLVD NB EXT R,,,,0.00,N,Not at Intersection, ,Non-Junction,None,,,         ,Benny,Alexander,Clear,Front to Rear,no,no,no,no,no,False
102180543,METROPOLITAN NASHVILLE POLICE DEPT,20180876418,Davidson,Nashville,10/17/2018 5:43:00 PM,2,0,0,36.096770,-86.654580,SMITH SPRINGS RD,,,,6.00,Feet,West,OLD MURFREESBORO PKE,,,,0.00,N,Not at Intersection, ,Non-Junction,None,,,         ,Andrew,Brazee,Clear,Front to Rear,no,no,no,no,no,False
102180545,METROPOLITAN NASHVILLE POLICE DEPT,20180876297,Davidson,Nashville,10/17/2018 5:18:00 PM,2,0,0,36.120500,-86.726990,I 24,,,,0.00,,,,,,,52.90,N,Not at Intersection, ,Non-Junction,None,,,         ,Je-Marc,Sears,Clear,"Sideswipe, Same Direction",no,no,no,no,no,False
102180558,METROPOLITAN NASHVILLE POLICE DEPT,20180876343,Davidson,Nashville,10/17/2018 5:35:00 PM,2,0,0,36.171270,-86.871020,CENTENNIAL BLVD,,,,0.00,,,BRILEY PKWY S EXT RAMP,,,,0.00,Y,Y-Intersection, ,Intersection,None,,,         ,Justin,Coyle,Clear,Front to Rear,no,no,no,no,no,False
102180577,METROPOLITAN NASHVILLE POLICE DEPT,20180876507,Davidson,Nashville,10/17/2018 7:02:00 PM,2,1,0,36.190260,-86.790290,I 65,,,,0.00,,,,,,,85.75,N,Not at Intersection,N,Non-Junction,None,,,         ,Shannon,Forsyth,Clear,Front to Rear,no,no,no,no,no,False
102180578,METROPOLITAN NASHVILLE POLICE DEPT,20180876581,Davidson,Antioch,10/17/2018 7:36:00 PM,2,1,0,36.043150,-86.606110,HOBSON PKE,,,,171.00,Feet,East,MURFREESBORO PKE,,,,0.00,N,Not at Intersection, ,Non-Junction,None,,,         ,Andrew,Brazee,Clear,Front to Rear,no,no,no,no,no,False
102180579,METROPOLITAN NASHVILLE POLICE DEPT,20180876543,Davidson,Nashville,10/17/2018 4:25:00 PM,2,0,0,36.146230,-86.822020,I 440,,,,0.00,,,,,,,1.20,N,Not at Intersection,N,Non-Junction,None,,,         ,Robert,Crow,Clear,Front to Rear,no,no,no,no,yes,False
102180581,METROPOLITAN NASHVILLE POLICE DEPT,20180876147,Davidson,Nashville,10/17/2018 4:12:00 PM,2,0,0,36.152910,-86.756330,FAIRFIELD AV,,,,75.00,Feet,North,GREEN ST,,,,0.00,N,Not at Intersection,N,Non-Junction,None,,,         ,Joshua,Reece,Clear,Angle,no,no,no,no,yes,False
102180589,METROPOLITAN NASHVILLE POLICE DEPT,20180876604,Davidson,Nashville,10/17/2018 7:45:00 PM,2,0,0,36.182330,-86.799150,I65 N EXT RAMP,,,,0.00,Feet,East,I 65,,,,0.00,N,Not at Intersection,N,Non-Junction,None,,,         ,Thomas,Miller,Clear,Front to Rear,no,no,no,no,no,False
102180593,METROPOLITAN NASHVILLE POLICE DEPT,20180876396,Davidson,Nashville,10/17/2018 5:50:00 PM,2,0,0,36.081200,-86.715140,HUMBER DR,,,,0.00,Feet,East,HARDING PL,,,,0.00,N,Not at Intersection, ,Non-Junction,None,,,         ,Aimee,Ortiz,Clear,Front to Rear,no,no,no,no,no,False
102180595,METROPOLITAN NASHVILLE POLICE DEPT,20180876360,Davidson,Nashville,10/17/2018 5:53:00 PM,2,0,0,36.146170,-86.666560,DONELSON PKE,,,,83.00,Feet,North,ROYAL PKWY,,,,0.00,N,Not at Intersection,N,Non-Junction,None,,,         ,Zachariah,Bush,Clear,Angle,no,no,no,no,no,False
102180596,METROPOLITAN NASHVILLE POLICE DEPT,20180876652,Davidson,Nashville,10/17/2018 8:09:00 PM,1,1,0,36.221790,-86.625170,OLD HICKORY BLVD,,,,146.00,Feet,South,5TH ST,,,,0.00,N,Not at Intersection,N,Non-Junction,None,,,         ,Craig,Gentry,Clear,Not Collision with Motor Vehicle in Transport,no,yes,no,no,yes,False
102180608,METROPOLITAN NASHVILLE POLICE DEPT,20180876657,Davidson,Nashville,10/17/2018 7:41:00 PM,2,0,0,36.157930,-86.791610,I40 E ENT RAMP,,,,0.00,Feet,East,I 40,,,,0.00,N,Not at Intersection, ,Non-Junction,Construction Zone,,,         ,Darryl,Williams,Clear,Front to Rear,no,no,no,no,no,False
102180615,METROPOLITAN NASHVILLE POLICE DEPT,20180876573,Davidson,Nashville,10/17/2018 7:02:00 PM,2,0,0,36.151140,-86.750580,I 40,,,,0.00,,,,,,,211.55,N,Not at Intersection,Y,Non-Junction,None,,,         ,Johnathan,Pannell,Clear,"Sideswipe, Same Direction",no,no,no,no,yes,False
102180630,METROPOLITAN NASHVILLE POLICE DEPT,20180876487,Davidson,Nashville,10/17/2018 6:40:00 PM,2,0,0,36.078620,-86.837170,HILLSBORO PKE,,,,78.00,Feet,South,TYNE BLVD,,,,0.00,N,Not at Intersection,N,Non-Junction,None,,,         ,Broderick,Jones,Clear,"Sideswipe, Opposite Direction",no,no,no,no,no,False
102180650,METROPOLITAN NASHVILLE POLICE DEPT,20180876660,Davidson,Nashville,10/17/2018 7:27:00 PM,2,0,0,36.174490,-86.800260,I65 N ENT RAMP,,,,0.00,Feet,East,11TH AVN,,,,0.00,N,Not at Intersection, ,Non-Junction,None,,,         ,Melvin,Taylor,Clear,Front to Rear,no,no,no,no,no,False
102180661,METROPOLITAN NASHVILLE POLICE DEPT,20180875977,Davidson,Nashville,10/17/2018 2:40:00 PM,2,0,0,36.145800,-86.811690,27TH AVN,,,,133.00,Feet,North,WEST END AV,,,,0.00,N,Not at Intersection,N,Non-Junction,None,,,         ,Akira,McSwain,Clear,Angle,no,no,no,yes,yes,Campus
102180662,METROPOLITAN NASHVILLE POLICE DEPT,20180876101,Davidson,Nashville,10/17/2018 3:50:00 PM,2,1,0,36.118270,-86.801080,I 440,,,,0.00,,,,,,,3.15,N,Not at Intersection,N,Non-Junction,None,,,         ,Akira,McSwain,Clear,Front to Rear,no,no,no,no,no,False
102180663,METROPOLITAN NASHVILLE POLICE DEPT,20180876239,Davidson,Nashville,10/17/2018 4:33:00 PM,3,0,0,36.116220,-86.788330,I 440,,,,0.00,,,,,,,3.90,N,Not at Intersection,N,Non-Junction,None,,,         ,Akira,McSwain,Clear,Front to Rear,no,no,no,no,yes,False
102180664,METROPOLITAN NASHVILLE POLICE DEPT,20180876586,Davidson,Nashville,10/17/2018 6:51:00 PM,4,1,0,36.027530,-86.712720,NOLENSVILLE PKE,,,,265.00,Feet,North,LORDS CHAPEL DR,,,,0.00,N,Not at Intersection,N,Non-Junction,None,,,         ,Akira,McSwain,Clear,Front to Rear,no,no,no,no,no,False
102180665,METROPOLITAN NASHVILLE POLICE DEPT,20180876003,Davidson,Nashville,10/17/2018 2:00:00 PM,2,0,0,36.097110,-86.875850,HARDING PKE,,,,0.00,,,OLD HARDING PIKE,,,,0.00,Y,T-Intersection,N,Intersection-Related,None,,,         ,Jeremy,Huffine,Clear,Front to Rear,no,no,no,no,no,False
102180669,METROPOLITAN NASHVILLE POLICE DEPT,20180876554,Davidson,Nashville,10/17/2018 5:20:00 PM,2,0,0,36.168850,-86.684560,THE CROSSINGS PVTDR,,,,13.00,Feet,North,LEBANON PKE,,,,0.00,N,Not at Intersection, ,Non-Junction,None,,,         ,Corey,Ethridge,Clear,Angle,no,no,no,no,no,False
102180674,METROPOLITAN NASHVILLE POLICE DEPT,20180876720,Davidson,Nashville,10/17/2018 8:42:00 PM,2,0,0,36.138760,-86.665600,DONELSON PKE,,,,108.00,Feet,South,I40 E ENT RAMP,,,,0.00,N,Not at Intersection,N,Non-Junction,None,,,         ,Christopher,Augustin,Clear,Angle,no,no,no,no,no,False
102180699,METROPOLITAN NASHVILLE POLICE DEPT,20180876701,Davidson,Nashville,10/17/2018 8:26:00 PM,2,0,0,36.117120,-86.769210,I440 E ENT RAMP,,,,0.00,,,I 440,,,,0.00,Y,OTHER, ,Entrance/Exit Ramp Related,None,,,         ,Austin,Kendrick,Clear,Front to Rear,no,no,no,no,no,False
102180702,METROPOLITAN NASHVILLE POLICE DEPT,20180876896,Davidson,Nashville,10/17/2018 6:25:00 PM,2,0,0,36.179000,-86.814210,23RD AVN,,,,447.00,Feet,South,BUCHANAN ST,,,,0.00,N,Not at Intersection, ,Non-Junction,None,,,         ,Melvin,Taylor,Clear,"Sideswipe, Same Direction",no,no,no,no,yes,False
102180704,Nashville Airport Police,18-04201,Davidson,Nashville,10/16/2018 6:38:00 PM,4,0,0,36.117050,-86.668040,DONELSON PKE,,,,0.00,,,,,,,0.00,,,N,Non-Junction,None,,,         ,Ian,Sturgis,Rain,Front to Rear,no,no,no,no,no,False
102180718,METROPOLITAN NASHVILLE POLICE DEPT,20180876883,Davidson,Nashville,10/17/2018 10:05:00 PM,3,0,0,36.106660,-86.672800,DONELSON PKE,,,,179.00,Feet,North,MURFREESBORO PKE,,,,0.00,N,Not at Intersection,N,Non-Junction,None,,,         ,Brady,Reynolds,Clear,Front to Rear,no,no,no,no,no,False
102180720,METROPOLITAN NASHVILLE POLICE DEPT,20180876915,Davidson,Nashville,10/17/2018 10:17:00 PM,2,1,0,36.215870,-86.760930,BRUNSWICK DR,,,,0.00,Feet,East,ALHAMBRA CIR,,,,0.00,N,Not at Intersection,N,Non-Junction,None,,,         ,Jessica,Scott,Clear,Angle,no,no,no,no,no,False
102180730,METROPOLITAN NASHVILLE POLICE DEPT,20180876795,Davidson,Nashville,10/17/2018 7:18:00 PM,2,0,0,36.152850,-86.822520,I 440,,,,0.00,,,,,,,1.65,N,Not at Intersection,N,Non-Junction,None,,,         ,Broderick,Jones,Clear,Front to Rear,no,no,no,no,yes,False
102180769,METROPOLITAN NASHVILLE POLICE DEPT,20180877220,Davidson,Not in City Limit,10/18/2018 12:40:00 AM,1,0,0,36.269380,-86.689880,ROOSEVELT AV,,,,0.00,,,MYATT DR,,,,0.00,Y,Four-Way, ,Non-Junction,None,,,         ,Goran,Manojlovic,Clear,Not Collision with Motor Vehicle in Transport,no,no,no,no,no,False
102180771,METROPOLITAN NASHVILLE POLICE DEPT,20180877135,Davidson,Nashville,10/18/2018 12:12:00 AM,2,0,0,36.157360,-86.789740,GEORGE L DAVIS BLVD,,,,84.00,Feet,North,I40 W ENT RAMP,,,,0.00,N,Not at Intersection,N,Non-Junction,None,,,         ,Billy,Price,Clear,Front to Rear,no,no,no,no,no,False
102180773,METROPOLITAN NASHVILLE POLICE DEPT,20180877095,Davidson,Not in City Limit,10/18/2018 12:00:00 AM,1,0,0,36.343430,-86.747840,LICKTON PKE,,,,2447.00,Feet,East,LICKTON PKE PVTDR,,,,0.00,N,Not at Intersection, ,Non-Junction,None,,,         ,David,Williford,Clear,Not Collision with Motor Vehicle in Transport,no,no,no,no,no,False