master_record_number,agency,agency_tracking_number,county,city,collision_date,vehicles_involved,number_injured,number_dead,latitude,longitude,roadway_name,roadway_suffix,roadway_number,roadway_local_id,distance_from_reference,miles-feet_indicator,direction_from_reference,intersection_road_name,intersection_road_name_suffix,intersection_road_number,intersection_local_id,mile_marker,intersection_indicator,intersect_type,interchange_related_indicator,relation_to_junction,work_zone_type,construction_maintenance_zone,construction_maintenance_zone_location,fatal_case_number,officer_first_name,officer_last_name,weather_condition(s),manner_of_crash,pedestrian,bicycle,scooter,parking,hitrun,mou
102180775,METROPOLITAN NASHVILLE POLICE DEPT,20180877021,Davidson,Nashville,10/17/2018 11:20:00 PM,1,1,0,36.104800,-86.814600,RICHARD JONES RD,,,,0.00,Feet,East,HILLSBORO PKE,,,,0.00,N,Not at Intersection,N,OtherLocation,None,,,         ,Kenneth,Bray,Clear,Not Collision with Motor Vehicle in Transport,yes,no,no,no,no,False
102180788,METROPOLITAN NASHVILLE POLICE DEPT,20180877231,Davidson,Nashville,10/18/2018 12:00:00 AM,1,1,0,36.094150,-86.706390,I 24,,,,0.00,,,,,,,55.05,N,Not at Intersection,N,Non-Junction,None,,,         ,David,Smith,Clear,Not Collision with Motor Vehicle in Transport,no,no,no,no,no,False
102180796,METROPOLITAN NASHVILLE POLICE DEPT,20180877173,Davidson,Not in City Limit,10/18/2018 12:37:00 AM,1,1,0,36.269000,-86.688790,ROOSEVELT AV,,,,349.00,Feet,East,MYATT DR,,,,0.00,N,Not at Intersection,N,Non-Junction,None,,,         ,Reuben,Hewit,Clear,Not Collision with Motor Vehicle in Transport,no,no,no,no,yes,False
102180801,METROPOLITAN NASHVILLE POLICE DEPT,20180877305,Davidson,Nashville,10/18/2018 1:45:00 AM,1,0,0,36.196530,-86.740910,CAHAL AV,,,,383.00,Feet,East,GALLATIN AV,,,,0.00,N,Not at Intersection,N,Non-Junction,None,,,         ,Douglas,Smith,Clear,Not Collision with Motor Vehicle in Transport,no,no,no,no,yes,False
102180813,METROPOLITAN NASHVILLE POLICE DEPT,20180877248,Davidson,Not in City Limit,10/18/2018 1:00:00 AM,1,1,0,36.077000,-86.926350,HICKS RD,,,,0.00,,,,,,,0.00,,,N,Non-Junction,None,,,         ,Kevin,McGinniss,Clear,Not Collision with Motor Vehicle in Transport,no,no,no,no,no,False
102180815,METROPOLITAN NASHVILLE POLICE DEPT,20180877634,Davidson,Nashville,10/18/2018 4:38:00 AM,1,0,0,36.159330,-86.642470,STEWARTS FERRY PKE,,,,323.00,Feet,East,HICKORY PL,,,,0.00,N,Not at Intersection, ,Non-Junction,None,,,         ,Curtis,Fisher,Clear,Not Collision with Motor Vehicle in Transport,no,no,no,no,no,False
102180874,METROPOLITAN NASHVILLE POLICE DEPT,20180877809,Davidson,Nashville,10/18/2018 6:05:00 AM,2,0,0,36.140800,-86.719820,I 40,,,,0.00,,,,,,,213.65,N,Not at Intersection,N,Non-Junction,None,,,         ,Joseph,Patricio,Clear,Front to Rear,no,no,no,no,no,False
102180881,METROPOLITAN NASHVILLE POLICE DEPT,20180877837,Davidson,Nashville,10/18/2018 6:20:00 AM,2,0,0,36.208580,-86.689330,KIMBERLY DR,,,,0.00,,,CABIN HILL RD,,,,0.00,Y,OTHER,N,OtherLocation,None,,,         ,Ralph,Smith IV,Clear,"Sideswipe, Same Direction",no,no,no,no,yes,False
102180883,METROPOLITAN NASHVILLE POLICE DEPT,20180877836,Davidson,Nashville,10/18/2018 6:06:00 AM,2,0,0,36.106260,-86.718580,I 24,,,,0.00,,,,,,,54.00,N,Not at Intersection, ,,None,,,         ,Robert,Erickson,,,no,no,no,no,no,False
102180886,METROPOLITAN NASHVILLE POLICE DEPT,20180877882,Davidson,Nashville,10/18/2018 6:30:00 AM,2,0,0,36.149710,-86.871540,I 40,,,,0.00,,,,,,,203.15,N,Not at Intersection, ,Non-Junction,None,,,         ,Curtis,Rich,Clear,"Sideswipe, Same Direction",no,no,no,no,yes,False
102180909,METROPOLITAN NASHVILLE POLICE DEPT,20180877920,Davidson,Nashville,10/18/2018 6:50:00 AM,2,0,0,36.066520,-86.686390,I 24,,,,0.00,,,,,,,57.25,N,Not at Intersection, ,Non-Junction,None,,,         ,Jessie,Meadows,Clear,"Sideswipe, Same Direction",no,no,no,no,no,False
102180948,METROPOLITAN NASHVILLE POLICE DEPT,20180877879,Davidson,Nashville,10/18/2018 6:48:00 AM,2,1,0,36.228280,-86.772930,I 65,,,,0.00,,,,,,,88.85,N,Not at Intersection, ,Non-Junction,None,,,         ,Royce,McLester,Cloudy,Not Collision with Motor Vehicle in Transport,no,no,no,no,no,False
102180971,METROPOLITAN NASHVILLE POLICE DEPT,20180878127,Davidson,Nashville,10/18/2018 8:26:00 AM,1,0,0,36.199970,-86.583800,CHANDLER RD,,,,262.00,Feet,West,CHANDLER GROVE DR,,,,0.00,N,Not at Intersection,N,Non-Junction,None,,,         ,Tien,Nguyen,Clear,Not Collision with Motor Vehicle in Transport,no,no,no,no,no,False
102180983,METROPOLITAN NASHVILLE POLICE DEPT,20180878087,Davidson,Nashville,10/18/2018 8:13:00 AM,1,0,0,36.105790,-86.875580,CARGILE RD,,,,451.00,Feet,West,CARGILE LN,,,,0.00,N,Not at Intersection, ,Non-Junction,None,,,         ,Curtis,Rich,Clear,Not Collision with Motor Vehicle in Transport,no,no,no,no,no,False
102180984,METROPOLITAN NASHVILLE POLICE DEPT,20180877980,Davidson,Nashville,10/18/2018 7:32:00 AM,3,1,0,36.040060,-86.780810,OLD HICKORY BLVD,,,,30.00,Feet,South,I65 N ENT RAMP,,,,0.00,N,Not at Intersection,N,Non-Junction,None,,,         ,Jon,Mcvey,Cloudy,Front to Rear,no,no,no,no,no,False
102180988,METROPOLITAN NASHVILLE POLICE DEPT,20180877900,Davidson,Nashville,10/18/2018 6:55:00 AM,2,0,0,36.130790,-86.897910,I40 E EXT RAMP,,,,0.00,Feet,East,I 40,,,,0.00,N,Not at Intersection, ,Entrance/Exit Ramp Related,None,,,         ,Charles,Boles,Clear,Front to Rear,no,no,no,no,no,False
102181005,METROPOLITAN NASHVILLE POLICE DEPT,20180878237,Davidson,Nashville,10/18/2018 8:51:00 AM,2,0,0,36.139340,-86.726970,I24E,,,,402.00,Feet,North,I24 W ENT RAMP,,,,0.00,N,Not at Intersection, ,Entrance/Exit Ramp Related,None,,,         ,Tien,Nguyen,Clear,"Sideswipe, Same Direction",no,no,no,no,no,False
102181011,METROPOLITAN NASHVILLE POLICE DEPT,20180877927,Davidson,Nashville,10/18/2018 7:03:00 AM,3,0,0,36.208200,-86.776260,I 65,,,,0.00,,,,,,,87.45,N,Not at Intersection, ,Non-Junction,None,,,         ,Freddirico,Pye,Clear,Front to Rear,no,no,no,no,no,False
102181019,METROPOLITAN NASHVILLE POLICE DEPT,20180878157,Davidson,Nashville,10/18/2018 9:03:00 AM,2,0,0,36.043450,-86.630890,OLD FRANKLIN RD,,,,26.00,Feet,South,MT VIEW RD,,,,0.00,N,Not at Intersection, ,Non-Junction,None,,,         ,Jessie,Meadows,Clear,Angle,no,no,no,no,no,False
102181033,METROPOLITAN NASHVILLE POLICE DEPT,20180878182,Davidson,Nashville,10/18/2018 8:42:00 AM,3,0,0,36.196120,-86.776120,I 65,,,,0.00,,,,,,,86.60,N,Not at Intersection, ,Non-Junction,None,,,         ,Zachary,Goodall,Clear,Front to Rear,no,no,no,no,no,False
102181037,METROPOLITAN NASHVILLE POLICE DEPT,20180878346,Davidson,Nashville,10/18/2018 9:16:00 AM,2,0,0,36.110290,-86.800350,GRAYBAR LN,,,,0.00,,,BELMONT BLVD,,,,0.00,Y,Four-Way,N,Intersection,None,,,         ,Justin,Pinkelton,Clear,Angle,no,no,no,no,no,False
102181038,METROPOLITAN NASHVILLE POLICE DEPT,20180878206,Davidson,Nashville,10/18/2018 8:51:00 AM,5,3,0,36.198030,-86.776320,I 65,,,,0.00,,,,,,,86.75,N,Not at Intersection,N,Non-Junction,None,,,         ,Royce,McLester,Cloudy,Front to Rear,no,no,no,no,yes,False
102181040,METROPOLITAN NASHVILLE POLICE DEPT,2018-0878255,Davidson,Nashville,10/18/2018 9:12:00 AM,2,0,0,36.081480,-86.699610,LINBAR DR,,,,690.00,Feet,East,WALLACE RD,,,,0.00,N,Not at Intersection,N,Non-Junction,None,,,         ,Stanley,Collins,Clear,Angle,no,no,no,no,yes,False
102181070,METROPOLITAN NASHVILLE POLICE DEPT,20180878277,Davidson,Nashville,10/18/2018 9:15:00 AM,1,1,0,36.149950,-86.817970,28TH AVN,,,,16.00,Feet,North,31ST AVN,,,,0.00,N,Not at Intersection,N,Non-Junction,None,,,         ,Jon,Mcvey,Cloudy,Not Collision with Motor Vehicle in Transport,no,yes,no,no,no,False
102181084,Nashville Airport Police,2018-04110,Davidson,Nashville,10/11/2018 10:19:00 AM,2,0,0,36.136160,-86.667550,TERMINAL DR,,,,0.00,,,I40 E EXT RAMP,,,,0.00,Y,Y-Intersection, ,Non-Junction,None,,,         ,William,Green,Clear,"Sideswipe, Same Direction",no,no,no,no,no,False
102181093,METROPOLITAN NASHVILLE POLICE DEPT,20180878541,Davidson,Nashville,10/18/2018 11:07:00 AM,3,1,0,36.133000,-86.726870,I24E,,,,81.00,Feet,East,I24 W EXT RAMP,,,,0.00,N,Not at Intersection,N,Entrance/Exit Ramp Related,None,,,         ,Tien,Nguyen,Clear,Front to Rear,no,no,no,no,no,False
102181097,METROPOLITAN NASHVILLE POLICE DEPT,20180878568,Davidson,Nashville,10/18/2018 11:17:00 AM,2,0,0,36.047360,-86.862930,OLD HICKORY BLVD,,,,59.00,Feet,West,HILLSBORO PKE,,,,0.00,N,Not at Intersection, ,,None,,,         ,Curtis,Rich,,,no,no,no,no,no,False
102181127,METROPOLITAN NASHVILLE POLICE DEPT,20180878591,Davidson,Nashville,10/18/2018 10:55:00 AM,2,0,0,36.169470,-86.806620,JEFFERSON ST,,,,0.00,,,DR D B TODD JR BLVD,,,,0.00,Y,Four-Way, ,Non-Junction,None,,,         ,Isaac,Wood,Clear,Front to Rear,no,no,no,no,no,False
102181128,VANDERBILT UNIVERSITY POLICE,18-0878451,Davidson,Nashville,10/18/2018 9:20:00 AM,2,0,0,36.137320,-86.800780,21ST AVS,,,,0.00,,,,,,,0.00,,, ,,None,,,         ,Robert,Pasinger,,,no,no,no,no,no,Campus
102181129,METROPOLITAN NASHVILLE POLICE DEPT,20180878404,Davidson,Nashville,10/18/2018 10:25:00 AM,2,0,0,36.078440,-86.643200,MURFREESBORO PKE,,,,69.00,Feet,West,MARTWAY DR,,,,0.00,N,Not at Intersection,N,Non-Junction,None,,,         ,Jessie,Meadows,Clear,"Sideswipe, Same Direction",no,no,no,no,no,False
102181155,METROPOLITAN NASHVILLE POLICE DEPT,20180878664,Davidson,Nashville,10/18/2018 12:17:00 PM,2,2,0,36.215010,-86.592260,LEBANON PKE,,,,1103.00,Feet,West,ANDREW JACKSON PKWY,,,,0.00,N,Not at Intersection,N,Non-Junction,None,,,         ,Michael,Parman,Clear,Angle,no,no,no,no,no,False
102181158,METROPOLITAN NASHVILLE POLICE DEPT,20180878044,Davidson,Nashville,10/18/2018 7:45:00 AM,2,0,0,36.253020,-86.776040,WESTCHESTER DR,,,,0.00,,,WILLOW CREEK RD,,,,0.00,Y,T-Intersection,N,Intersection,None,,,         ,Peter,Lynch,Clear,Angle,no,no,no,no,no,False
102181164,THP District 3 - Nashville,318069122,Davidson,Nashville,10/18/2018 8:48:00 AM,2,0,0,36.034390,-86.783360,I 65,,,,0.00,,,,,,,74.25,N,Not at Intersection, ,Entrance/Exit Ramp Related,None,,,         ,Joseph,Whitmarsh,Clear,"Sideswipe, Same Direction",no,no,no,no,no,False
102181175,METROPOLITAN NASHVILLE POLICE DEPT,20180878601,Davidson,Nashville,10/18/2018 11:12:00 AM,1,1,0,36.063470,-86.723430,WHISPERING HILLS DR,,,,302.00,Feet,East,LEWISDALE CT,,,,0.00,N,Not at Intersection,N,Non-Junction,None,,,         ,Jon,Mcvey,Cloudy,Not Collision with Motor Vehicle in Transport,no,no,no,no,no,False
102181222,METROPOLITAN NASHVILLE POLICE DEPT,20180878722,Davidson,Nashville,10/18/2018 12:35:00 PM,2,1,0,36.188070,-86.797820,DOMINICAN DR,,,,201.00,Feet,East,ROSA L PARKS BLVD,,,,0.00,N,Not at Intersection,N,Non-Junction,None,,,         ,Jonathon,Sheppard,Clear,Angle,no,no,no,no,no,False
102181230,METROPOLITAN NASHVILLE POLICE DEPT,20180878763,Davidson,Nashville,10/18/2018 12:50:00 PM,2,0,0,36.039420,-86.743430,EDMONDSON PKE,,,,214.00,Feet,South,OLD HICKORY BLVD,,,,0.00,N,Not at Intersection,N,Non-Junction,None,,,         ,Samuel,Miller,Clear,Angle,no,no,no,no,no,False
102181234,METROPOLITAN NASHVILLE POLICE DEPT,20180878596,Davidson,Not in City Limit,10/18/2018 11:40:00 AM,2,2,0,36.262620,-86.684380,E OLD HICKORY BLVD,,,,0.00,,,LARKIN SPRINGS RD,,,,0.00,Y,Four-Way,N,Intersection,None,,,         ,Timothy,Kearney,Clear,Angle,no,no,no,no,no,False
102181284,METROPOLITAN NASHVILLE POLICE DEPT,20180878826,Davidson,Nashville,10/18/2018 1:16:00 PM,2,0,0,36.116630,-86.697800,MURFREESBORO PKE,,,,73.00,Feet,West,MCGAVOCK PKE,,,,0.00,N,Not at Intersection,N,Non-Junction,None,,,         ,Thomas,Odom,Clear,Front to Rear,no,no,no,no,no,False
102181289,METROPOLITAN NASHVILLE POLICE DEPT,20180878634,Davidson,Antioch,10/18/2018 11:45:00 AM,2,1,0,36.047840,-86.612050,MURFREESBORO PKE,,,,1284.00,Feet,North,MOUNTAIN SPRINGS RD,,,,0.00,N,Not at Intersection,N,Non-Junction,None,,,         ,Honorio,Canchola,Clear,Other,no,no,no,no,no,False
102181291,METROPOLITAN NASHVILLE POLICE DEPT,20180878810,Davidson,Nashville,10/18/2018 1:06:00 PM,2,0,0,36.189020,-86.860190,STEWARTS LN,,,,761.00,Feet,North,BRILEY PKWY N ENT RAMP,,,,0.00,N,Not at Intersection, ,Non-Junction,None,,,         ,Victor,Alexander,Clear,Front to Rear,no,no,no,no,no,False
102181303,VANDERBILT UNIVERSITY POLICE,18-0878558,Davidson,Nashville,10/18/2018 10:40:00 AM,2,0,0,36.110650,-86.763970,STATE HWY 155,,,,0.00,,,,,,,0.00,,, ,,None,,,         ,Donald,Clark,,,no,no,no,yes,no,False
102181309,METROPOLITAN NASHVILLE POLICE DEPT,20180878950,Davidson,Nashville,10/18/2018 2:03:00 PM,2,0,0,36.086450,-86.770770,HARDING PL,,,,355.00,Feet,East,FRANKLIN PKE,,,,0.00,N,Not at Intersection,N,Non-Junction,None,,,         ,Justin,Pinkelton,Clear,Angle,no,no,no,no,no,False
102181310,BERRY HILL POLICE DEPT,18-3684,Davidson,Berry Hill,10/16/2018 12:00:00 AM,2,0,0,36.125430,-86.775770,INVERNESS AV,,,,119.00,Feet,West,WESTWOOD DR,,,,0.00,N,Not at Intersection, ,"Driveway, Alley Access, etc",None,,,         ,Ronnie,Hill,Cloudy,"Sideswipe, Opposite Direction",no,no,no,yes,yes,False
102181313,METROPOLITAN NASHVILLE POLICE DEPT,20180878540,Davidson,Goodlettsville,10/18/2018 11:16:00 AM,2,0,0,36.296910,-86.699160,GALLATIN PKEN,,,,0.00,,,RIVERGATE PKWY,,,,0.00,Y,Four-Way, ,,None,,,         ,Cyretha,Frazier,,,no,no,no,no,no,False
102181349,METROPOLITAN NASHVILLE POLICE DEPT,20180878937,Davidson,Nashville,10/18/2018 1:45:00 PM,2,0,0,36.189140,-86.820630,ROSA L PARKS BLVD,,,,498.00,Feet,North,26TH AVN,,,,0.00,N,Not at Intersection, ,Non-Junction,None,,,         ,David,Crisman,Clear,Angle,no,no,no,no,no,False
102181354,METROPOLITAN NASHVILLE POLICE DEPT,20180878932,Davidson,Nashville,10/18/2018 1:49:00 PM,2,0,0,36.082480,-86.761580,SIDCO DR,,,,141.00,Feet,North,CSX DR,,,,0.00,N,Not at Intersection, ,Non-Junction,None,,,         ,Jon,Mcvey,Clear,Front to Rear,no,no,no,no,no,False
102181355,METROPOLITAN NASHVILLE POLICE DEPT,20180878703,Davidson,Nashville,10/18/2018 12:19:00 PM,2,0,0,36.229810,-86.841080,BRILEY PKWYW,,,,414.00,Feet,West,BRILEY PKWYE,,,,0.00,N,Not at Intersection,N,Non-Junction,None,,,         ,Jeanine,Sarno,Clear,"Sideswipe, Same Direction",no,no,no,no,no,False
102181369,METROPOLITAN NASHVILLE POLICE DEPT,2018-0878824,Davidson,Nashville,10/18/2018 1:10:00 PM,2,0,0,36.194970,-86.775570,I 65,,,,0.00,,,,,,,86.50,N,Not at Intersection,N,Non-Junction,None,,,         ,Scott,Henderson,Clear,"Sideswipe, Same Direction",no,no,no,no,no,False
102181387,METROPOLITAN NASHVILLE POLICE DEPT,20180878993,Davidson,Nashville,10/18/2018 2:20:00 PM,2,0,0,36.044500,-86.713160,NOLENSVILLE PKE,,,,93.00,Feet,North,BRENTWOOD EAST DR,,,,0.00,N,Not at Intersection, ,Non-Junction,None,,,         ,Jessie,Meadows,Clear,Angle,no,no,no,no,no,False
102181396,METROPOLITAN NASHVILLE POLICE DEPT,20180879083,Davidson,Nashville,10/18/2018 3:00:00 PM,2,0,0,36.113460,-86.771890,I440 E ENT RAMP,,,,0.00,Feet,East,I 65,,,,0.00,N,Not at Intersection,N,Non-Junction,None,,,         ,Gregory,Scott,Clear,Front to Rear,no,no,no,no,no,False
102181428,METROPOLITAN NASHVILLE POLICE DEPT,20180879093,Davidson,Not in City Limit,10/18/2018 2:08:00 PM,2,1,0,36.278790,-86.872520,CLARKSVILLE PKE,,,,364.00,Feet,East,OLD HICKORY BLVD,,,,0.00,N,Not at Intersection, ,Non-Junction,None,,,         ,Melvin,Taylor,Clear,Angle,no,no,no,no,no,False
102181440,METROPOLITAN NASHVILLE POLICE DEPT,20180879124,Davidson,Nashville,10/18/2018 3:20:00 PM,2,0,0,36.133870,-86.722670,PLUS PARK BLVD,,,,63.00,Feet,South,MURFREESBORO PKE,,,,0.00,N,Not at Intersection, ,Non-Junction,None,,,         ,Jarret,Sonnenberg,Clear,Front to Rear,no,no,no,no,no,False
102181444,METROPOLITAN NASHVILLE POLICE DEPT,20180879172,Davidson,Nashville,10/18/2018 3:36:00 PM,2,0,0,36.085130,-86.755510,ELYSIAN FIELDS RD,,,,0.00,,,TROUSDALE DR,,,,0.00,Y,T-Intersection,Y,Intersection,None,,,         ,Nicholas,Carroll,Clear,Other,no,no,no,no,yes,False
102181446,METROPOLITAN NASHVILLE POLICE DEPT,20180879130,Davidson,Nashville,10/18/2018 2:25:00 PM,2,0,0,36.140800,-86.732460,I 40,,,,0.00,,,,,,,213.00,N,Not at Intersection, ,Non-Junction,None,,,         ,Samuel,Sundra,Clear,"Sideswipe, Same Direction",no,no,no,no,no,False
102181454,METROPOLITAN NASHVILLE POLICE DEPT,20180879150,Davidson,Nashville,10/18/2018 2:39:00 PM,2,0,0,36.169690,-86.861360,LINDER INDUSTRIAL DR,,,,200.00,Feet,East,CENTENNIAL BLVD,,,,0.00,N,Not at Intersection, ,,None,,,         ,Justin,Coyle,,,no,no,no,no,no,False
102181475,METROPOLITAN NASHVILLE POLICE DEPT,20180879259,Davidson,Nashville,10/18/2018 3:40:00 PM,2,0,0,36.119780,-86.787260,10TH AVS,,,,16.00,Feet,North,KIRKWOOD AV,,,,0.00,N,Not at Intersection,N,Non-Junction,None,,,         ,Gregory,Scott,Clear,Front to Rear,no,no,no,no,yes,False
102181480,METROPOLITAN NASHVILLE POLICE DEPT,20180879133,Davidson,Nashville,10/18/2018 3:08:00 PM,2,0,0,36.173570,-86.770230,I 24,,,,0.00,,,,,,,48.20,N,Not at Intersection, ,Non-Junction,None,,,         ,Jim,Crissman,Clear,"Sideswipe, Same Direction",no,no,no,no,yes,False
102181506,METROPOLITAN NASHVILLE POLICE DEPT,20180879347,Davidson,Nashville,10/18/2018 4:10:00 PM,2,0,0,36.156680,-86.739820,OMOHUNDRO PL,,,,115.00,Feet,South,PUMPING STATION RD,,,,0.00,N,Not at Intersection, ,Non-Junction,None,,,         ,Samuel,Sundra,Clear,Front to Rear,no,no,no,no,no,False
102181507,METROPOLITAN NASHVILLE POLICE DEPT,20180879093,Davidson,Nashville,10/18/2018 4:17:00 PM,2,0,0,36.185190,-86.863380,BRILEY PKWYN,,,,30.00,Feet,South,BRILEY PKWY N EXT RAMP,,,,0.00,N,Not at Intersection, ,Non-Junction,None,,,         ,Melvin,Taylor,Clear,Front to Rear,no,no,no,no,no,False
102181509,METROPOLITAN NASHVILLE POLICE DEPT,20180879284,Davidson,Nashville,10/18/2018 4:15:00 PM,1,1,0,36.248050,-86.720330,DUE WEST AVE,,,,0.00,,,GALLATIN PKES,,,,0.00,Y,Four-Way,N,Intersection,None,,,         ,Christopher,Littles,Clear,Not Collision with Motor Vehicle in Transport,yes,no,no,no,no,False
102181520,METROPOLITAN NASHVILLE POLICE DEPT,20180879399,Davidson,Nashville,10/18/2018 5:00:00 PM,2,0,0,36.079560,-86.764420,I65 N EXT RAMP,,,,0.00,Feet,East,I 65,,,,0.00,N,Not at Intersection,N,Non-Junction,None,,,         ,Conor,Cronin,Clear,Front to Rear,no,no,no,no,no,False
102181523,METROPOLITAN NASHVILLE POLICE DEPT,20180879180,Davidson,Nashville,10/18/2018 3:15:00 PM,2,1,0,36.155750,-86.809740,23RD AVN,,,,0.00,,,CHARLOTTE AV,,,,0.00,Y,Y-Intersection,Y,Intersection,None,,,         ,Gary,Peters,Clear,Angle,no,no,no,no,no,False
102181534,METROPOLITAN NASHVILLE POLICE DEPT,20180879306,Davidson,Nashville,10/18/2018 4:04:00 PM,2,0,0,36.044900,-86.664070,BELL RD,,,,753.00,Feet,West,CANE RIDGE RD,,,,0.00,N,Not at Intersection, ,Non-Junction,None,,,         ,William,Durham,Clear,Angle,no,no,no,no,no,False
102181555,METROPOLITAN NASHVILLE POLICE DEPT,20180879375,Davidson,Nashville,10/18/2018 4:49:00 PM,3,0,0,36.170170,-86.807420,I 40,,,,0.00,,,,,,,207.25,N,Not at Intersection,N,Non-Junction,None,,,         ,Kayla,Castro,Clear,Angle,no,no,no,no,yes,False
102181562,METROPOLITAN NASHVILLE POLICE DEPT,20180877047,Davidson,Nashville,10/17/2018 11:30:00 PM,2,1,1,36.150710,-86.666560,DONELSON PKE,,,,0.00,,,ALLEN RD,,,,0.00,Y,Four-Way,N,Intersection-Related,None,,,18-0777  ,Russell,Ward,Clear,Angle,no,no,no,no,no,False
102181564,METROPOLITAN NASHVILLE POLICE DEPT,20180879204,Davidson,Nashville,10/18/2018 4:46:00 PM,2,0,0,36.109560,-86.721520,BRILEY PKWYN,,,,8.00,Feet,West,I24 W ENT RAMP,,,,0.00,N,Not at Intersection, ,Non-Junction,None,,,         ,Andrew,Brazee,Clear,"Sideswipe, Same Direction",no,no,no,no,no,False
102181566,METROPOLITAN NASHVILLE POLICE DEPT,20180879413,Davidson,Nashville,10/18/2018 4:45:00 PM,2,0,0,36.154480,-86.841170,DELAWARE AV,,,,42.00,Feet,West,I40 W EXT RAMP,,,,0.00,N,Not at Intersection, ,,None,,,         ,Kelby,Dumond,,,no,no,no,no,no,False
102181574,METROPOLITAN NASHVILLE POLICE DEPT,20180879307,Davidson,Nashville,10/18/2018 4:10:00 PM,2,0,0,36.236640,-86.760950,I 65,,,,0.00,,,,,,,89.75,N,Not at Intersection, ,Non-Junction,None,,,         ,Wade,Johnson,Clear,"Sideswipe, Same Direction",no,no,no,no,yes,False
102181576,METROPOLITAN NASHVILLE POLICE DEPT,20180879121,Davidson,Nashville,10/18/2018 2:45:00 PM,2,0,0,36.156010,-86.788850,BROADWAY,,,,0.00,,,I40 W ENT RAMP,,,,0.00,Y,Four-Way, ,Intersection,None,,,         ,Steven,Fisher,Clear,Angle,no,no,no,no,no,False
102181581,METROPOLITAN NASHVILLE POLICE DEPT,20180879314,Davidson,Nashville,10/18/2018 4:28:00 PM,2,0,0,36.252630,-86.739520,I 65,,,,0.00,,,,,,,91.40,N,Not at Intersection,N,Non-Junction,None,,,         ,Bradley,Fort,Clear,"Sideswipe, Same Direction",no,no,no,no,no,False
102181582,METROPOLITAN NASHVILLE POLICE DEPT,20180879451,Davidson,Nashville,10/18/2018 5:24:00 PM,2,0,0,36.206680,-86.778790,W TRINITY LN,,,,106.00,Feet,West,HAMPTON ST,,,,0.00,N,Not at Intersection, ,Non-Junction,None,,,         ,Melvin,Taylor,Clear,Angle,no,no,no,no,no,False
102181583,METROPOLITAN NASHVILLE POLICE DEPT,20180879384,Davidson,Nashville,10/18/2018 4:58:00 PM,1,0,0,36.091900,-86.625110,BELL RD,,,,701.00,Feet,North,SMITH SPRINGS RD,,,,0.00,N,Not at Intersection, ,Non-Junction,None,,,         ,Seth,Vaughn,Clear,Not Collision with Motor Vehicle in Transport,no,no,no,no,no,False
102181592,METROPOLITAN NASHVILLE POLICE DEPT,20180879490,Davidson,Nashville,10/18/2018 5:37:00 PM,2,1,0,36.155360,-86.811720,CHARLOTTE AV,,,,103.00,Feet,East,25TH AVN,,,,0.00,N,Not at Intersection,N,Non-Junction,None,,,         ,Ryan,Coll,Clear,Angle,no,no,no,no,no,False
102181597,METROPOLITAN NASHVILLE POLICE DEPT,20180879598,Davidson,Nashville,10/18/2018 3:31:00 PM,2,0,0,36.192790,-86.829810,CLARKSVILLE PKE,,,,281.00,Feet,West,CLIFF DR,,,,0.00,N,Not at Intersection, ,Non-Junction,None,,,         ,Melvin,Taylor,Clear,Angle,no,no,no,no,yes,False
102181598,METROPOLITAN NASHVILLE POLICE DEPT,20180879206,Davidson,Nashville,10/18/2018 3:33:00 PM,2,0,0,36.152230,-86.786820,I 40,,,,0.00,,,,,,,209.40,N,Not at Intersection,N,Entrance/Exit Ramp Related,None,,,         ,Jason,King,Clear,Front to Rear,no,no,no,no,no,False
102181602,METROPOLITAN NASHVILLE POLICE DEPT,20180879582,Davidson,Nashville,10/18/2018 6:27:00 PM,2,0,0,36.134840,-86.779040,8TH AVS,,,,202.00,Feet,North,EAST ARGYLE AV,,,,0.00,N,Not at Intersection, ,Non-Junction,None,,,         ,Conor,Cronin,Clear,"Sideswipe, Same Direction",no,no,no,no,no,False
102181609,METROPOLITAN NASHVILLE POLICE DEPT,20180879205,Davidson,Nashville,10/18/2018 2:15:00 PM,2,0,0,36.151580,-86.768250,I 40,,,,0.00,,,,,,,210.50,N,Not at Intersection,N,Non-Junction,None,,,         ,Corey,Ethridge,Clear,Front to Rear,no,no,no,no,no,False
102181611,METROPOLITAN NASHVILLE POLICE DEPT,20180879062,Davidson,Nashville,10/18/2018 1:57:00 PM,2,0,0,36.040260,-86.816400,GRANNY WHITE PKE,,,,0.00,,,OLD HICKORY BLVD,,,,0.00,Y,Four-Way, ,,Maintenance Zone,,,         ,Akira,McSwain,,,no,no,no,no,no,False
102181612,METROPOLITAN NASHVILLE POLICE DEPT,20180879213,Davidson,Nashville,10/18/2018 3:48:00 PM,2,1,0,36.136660,-86.821170,I 440,,,,0.00,,,,,,,1.45,N,Not at Intersection,N,Non-Junction,None,,,         ,Akira,McSwain,Clear,Front to Rear,no,no,no,no,no,False