master_record_number,agency,agency_tracking_number,county,city,collision_date,vehicles_involved,number_injured,number_dead,latitude,longitude,roadway_name,roadway_suffix,roadway_number,roadway_local_id,distance_from_reference,miles-feet_indicator,direction_from_reference,intersection_road_name,intersection_road_name_suffix,intersection_road_number,intersection_local_id,mile_marker,intersection_indicator,intersect_type,interchange_related_indicator,relation_to_junction,work_zone_type,construction_maintenance_zone,construction_maintenance_zone_location,fatal_case_number,officer_first_name,officer_last_name,weather_condition(s),manner_of_crash,pedestrian,bicycle,scooter,parking,hitrun,mou
102183891,METROPOLITAN NASHVILLE POLICE DEPT,20180885390,Davidson,Not in City Limit,10/20/2018 9:00:00 PM,1,1,0,36.319860,-86.890950,OLD CLARKSVILLE PKE,,,,461.00,Feet,East,CLARKSVILLE PKE,,,,0.00,N,Not at Intersection,N,Non-Junction,None,,,         ,Andrey,Volfson,Clear,Not Collision with Motor Vehicle in Transport,no,no,no,no,no,False
102183892,METROPOLITAN NASHVILLE POLICE DEPT,20180885267,Davidson,Not in City Limit,10/20/2018 7:43:00 PM,2,1,0,36.044810,-86.988480,LEWIS RD,,,,1080.00,Feet,North,GRIFFITH RD,,,,0.00,N,Not at Intersection,N,Non-Junction,None,,,         ,Jeremy,Spoonemore,Clear,Not Collision with Motor Vehicle in Transport,yes,no,no,no,no,False
102183893,METROPOLITAN NASHVILLE POLICE DEPT,20180885338,Davidson,Nashville,10/20/2018 6:54:00 PM,2,0,0,36.243750,-86.757840,DOVERSIDE DR,,,,377.00,Feet,West,SKYLINE COMMONS PVTDR,,,,0.00,N,Not at Intersection,N,Non-Junction,None,,,         ,Bradley,Fort,Clear,Angle,no,no,no,yes,yes,False
102183894,METROPOLITAN NASHVILLE POLICE DEPT,20180885299,Davidson,Not in City Limit,10/20/2018 8:00:00 PM,1,0,0,36.260910,-86.738220,I 65,,,,0.00,,,,,,,92.00,N,Not at Intersection, ,Non-Junction,None,,,         ,Peter,Vaught,Clear,Not Collision with Motor Vehicle in Transport,no,no,no,no,no,False
102183896,METROPOLITAN NASHVILLE POLICE DEPT,20180884832,Davidson,Nashville,10/20/2018 3:10:00 PM,2,0,0,36.123820,-86.806510,HILLSBORO PKE,,,,162.00,Feet,South,I440 W ENT RAMP,,,,0.00,N,Not at Intersection, ,Entrance/Exit Ramp Related,None,,,         ,John,Roberson,Clear,"Sideswipe, Same Direction",no,no,no,no,no,False
102183897,METROPOLITAN NASHVILLE POLICE DEPT,20180885208,Davidson,Nashville,10/20/2018 6:15:00 PM,2,0,0,36.149470,-86.797480,DIVISION ST,,,,270.00,Feet,West,LYLE AV,,,,0.00,N,Not at Intersection,N,Non-Junction,None,,,         ,John,Roberson,Clear,Front to Rear,no,no,no,no,no,False
102183925,METROPOLITAN NASHVILLE POLICE DEPT,20180885445,Davidson,Nashville,10/20/2018 9:20:00 PM,2,0,0,36.159800,-86.780000,BROADWAY,,,,31.00,Feet,West,6TH AVS,,,,0.00,N,Not at Intersection,N,Non-Junction,None,,,         ,Brent,Morris,Clear,Angle,no,no,no,no,no,False
102183942,METROPOLITAN NASHVILLE POLICE DEPT,20180885478,Davidson,Not in City Limit,10/20/2018 9:00:00 PM,1,0,0,36.095460,-86.530090,COUCHVILLE PKE,,,,0.00,,,S MOUNT JULIET RD,,,,0.00,Y,T-Intersection,N,Intersection-Related,None,,,         ,Eric,Wegener,Clear,Not Collision with Motor Vehicle in Transport,no,no,no,no,no,False
102183943,METROPOLITAN NASHVILLE POLICE DEPT,20180885512,Davidson,Nashville,10/20/2018 10:20:00 PM,2,0,0,36.144010,-86.692070,I40 E ENT RAMP,,,,0.00,Feet,East,I 40,,,,0.00,N,Not at Intersection,N,Non-Junction,None,,,         ,Brady,Reynolds,Clear,"Sideswipe, Same Direction",no,no,no,no,yes,False
102183953,METROPOLITAN NASHVILLE POLICE DEPT,20180885505,Davidson,Nashville,10/20/2018 10:11:00 PM,2,2,0,36.104340,-86.715920,I 24,,,,0.00,,,,,,,54.20,N,Not at Intersection,N,Non-Junction,None,,,         ,YUNUS,ADAK,Clear,Angle,no,no,no,no,no,False
102183970,METROPOLITAN NASHVILLE POLICE DEPT,20180884904,Davidson,Nashville,10/20/2018 3:50:00 PM,2,0,0,36.089660,-86.688600,HARDING INDUSTRIAL DR,,,,33.00,Feet,North,EZELL PKE,,,,0.00,N,Not at Intersection,N,Non-Junction,None,,,         ,Jesse,Cox,Clear,Angle,no,no,no,no,no,False
102183983,METROPOLITAN NASHVILLE POLICE DEPT,20180885389,Davidson,Nashville,10/20/2018 8:57:00 PM,2,0,0,36.177930,-86.605000,I40 E EXT RAMP,,,,0.00,Feet,,OLD HICKORY BLVD,,,,0.00,Y,OTHER,N,Intersection,None,,,         ,Tony,Mingsing,Clear,Front to Rear,no,no,no,no,no,False
102183984,METROPOLITAN NASHVILLE POLICE DEPT,20180885302,Davidson,Nashville,10/20/2018 7:52:00 PM,2,0,0,36.167870,-86.820990,JOHN A MERRITT BLVD,,,,76.00,Feet,West,JEFFERSON ST,,,,0.00,N,Not at Intersection, ,Non-Junction,None,,,         ,Russell,Jones,Clear,"Sideswipe, Same Direction",no,no,no,no,no,False
102183994,METROPOLITAN NASHVILLE POLICE DEPT,20180885536,Davidson,Nashville,10/20/2018 10:22:00 PM,2,0,0,36.079490,-86.644600,EDGE O LAKE DR,,,,0.00,Feet,East,MURFREESBORO PKE,,,,0.00,N,Not at Intersection, ,Non-Junction,None,,,         ,Brett,Johns,Clear,Front to Rear,no,no,no,no,no,False
102184004,METROPOLITAN NASHVILLE POLICE DEPT,20180885541,Davidson,Nashville,10/20/2018 10:19:00 PM,2,1,0,36.155470,-86.760560,I24 W ENT RAMP,,,,0.00,,,I40 E ENT RAMP,,,,0.00,Y,OTHER,Y,Entrance/Exit Ramp Related,None,,,         ,John,Anderson,Clear,Angle,no,no,no,no,no,False
102184036,METROPOLITAN NASHVILLE POLICE DEPT,20180885658,Davidson,Nashville,10/20/2018 11:44:00 PM,2,0,0,36.153250,-86.794010,17TH AVS,,,,0.00,,,BROADWAY,,,,0.00,Y,Four-Way,N,Intersection-Related,None,,,         ,Dakota,Vermillion,Clear,Angle,no,no,no,no,no,False
102184042,VANDERBILT UNIVERSITY POLICE,20180885715,Davidson,Nashville,10/20/2018 11:45:00 PM,2,0,0,36.135120,-86.811380,FAIRFAX AV,,,,0.00,,,NATCHEZ TRC,,,,0.00,Y,Four-Way, ,Non-Junction,None,,,         ,Brent,Clark,Clear,Angle,no,no,no,no,no,Campus
102184043,METROPOLITAN NASHVILLE POLICE DEPT,20180885816,Davidson,Nashville,10/21/2018 1:08:00 AM,2,0,0,36.055580,-86.715570,NOLENSVILLE PKE,,,,145.00,Feet,South,APRIL LN,,,,0.00,N,Not at Intersection,N,Non-Junction,None,,,         ,Bryce,Hatten,Clear,"Sideswipe, Same Direction",no,no,no,no,yes,False
102184088,METROPOLITAN NASHVILLE POLICE DEPT,20180885958,Davidson,Nashville,10/21/2018 2:33:00 AM,1,0,0,36.209390,-86.870250,ASHLAND CITY HWY EB ENT RAMP,,,,0.00,Feet,East,ASHLAND CITY HWY WB ENT RAMP,,,,0.00,N,Not at Intersection,N,Non-Junction,None,,,         ,John,Deiterick,Clear,Not Collision with Motor Vehicle in Transport,no,no,no,no,no,False
102184090,METROPOLITAN NASHVILLE POLICE DEPT,RECEIVED,Davidson,Nashville,10/21/2018 1:30:00 AM,2,0,0,36.153380,-86.686160,ELM HILL PKE,,,,168.00,Feet,East,ERMAC DR,,,,0.00,N,Not at Intersection,N,Non-Junction,None,,,         ,Meghan,Pope,Clear,Rear to Rear,no,no,no,yes,no,False
102184092,METROPOLITAN NASHVILLE POLICE DEPT,20180885959,Davidson,Nashville,10/21/2018 2:39:00 AM,2,1,0,36.049980,-86.649500,BELL RD,,,,0.00,Feet,East,MT VIEW RD,,,,0.00,N,Not at Intersection,N,Non-Junction,None,,,         ,Daryn,Yentes,Clear,Angle,no,no,no,no,no,False
102184094,METROPOLITAN NASHVILLE POLICE DEPT,20180886096,Davidson,Nashville,10/21/2018 4:00:00 AM,2,0,0,36.161020,-86.777200,BROADWAY,,,,0.00,,,4TH AVN,,,,0.00,Y,Four-Way, ,Intersection,None,,,         ,Damon,Hutcheson,Clear,"Sideswipe, Same Direction",no,no,no,no,yes,False
102184097,METROPOLITAN NASHVILLE POLICE DEPT,20180885649,Davidson,Nashville,10/20/2018 11:44:00 PM,1,1,0,36.191850,-86.780330,I24 E ENT RAMP,,,,0.00,,,I 65,,,,0.00,,OTHER,N,Entrance/Exit Ramp Related,None,,,         ,Austin,Childress,Clear,Not Collision with Motor Vehicle in Transport,no,no,no,no,no,False
102184105,METROPOLITAN NASHVILLE POLICE DEPT,20180886133,Davidson,Nashville,10/21/2018 5:07:00 AM,2,0,0,36.133100,-86.720960,MURFREESBORO PKE,,,,0.00,,,PAVILION BLVD,,,,0.00,Y,T-Intersection,N,Intersection,None,,,         ,Ralph,Smith IV,Clear,Front to Rear,no,no,no,no,no,False
102184115,METROPOLITAN NASHVILLE POLICE DEPT,20180885908,Davidson,Nashville,10/21/2018 2:18:00 AM,2,1,0,36.151760,-86.768630,2ND AVS,,,,0.00,,,I40 W EXT RAMP,,,,0.00,Y,Four-Way,N,Entrance/Exit Ramp Related,None,,,         ,Daniel,Russett,Clear,Front to Rear,no,no,no,no,no,False
102184117,METROPOLITAN NASHVILLE POLICE DEPT,20180885903,Davidson,Nashville,10/21/2018 2:05:00 AM,2,0,0,36.094630,-86.653600,MURFREESBORO PKE,,,,97.00,Feet,North,FRANKLIN LIMESTONE RD,,,,0.00,N,Not at Intersection,N,Non-Junction,None,,,         ,Antoine,Maghamez,Clear,Front to Rear,no,no,no,no,yes,False
102184121,BERRY HILL POLICE DEPT,18-3764,Davidson,Berry Hill,10/21/2018 3:15:00 AM,2,0,0,36.121900,-86.775640,FRANKLIN PKE,,,,211.00,Feet,South,HORNER AV,,,,0.00,N,Not at Intersection, ,Non-Junction,None,,,         ,Anthony,Russo,Clear,Rear to Side,no,no,no,yes,no,False
102184156,METROPOLITAN NASHVILLE POLICE DEPT,20180886159,Davidson,Nashville,10/21/2018 3:50:00 AM,1,0,0,36.074830,-86.666150,PEBBLE CREEK CIR,,,,555.00,Feet,East,PEPPER RIDGE CIR,,,,0.00,N,Not at Intersection,N,Non-Junction,None,,,         ,Kurt,Lewton,Clear,Not Collision with Motor Vehicle in Transport,no,no,no,yes,no,False
102184167,METROPOLITAN NASHVILLE POLICE DEPT,2018-0884742,Davidson,Nashville,10/20/2018 2:05:00 PM,2,2,0,36.249710,-86.776720,BRICK CHURCH PKE,,,,0.00,,,NORTHBROOK DR,,,,0.00,Y,T-Intersection,N,Intersection-Related,None,,,         ,Travis,Baxter,Clear,HeadOn,no,no,no,no,no,False
102184172,METROPOLITAN NASHVILLE POLICE DEPT,20180885574,Davidson,Nashville,10/20/2018 9:00:00 PM,2,0,0,36.084790,-86.728170,NOLENSVILLE PKE,,,,16.00,Feet,South,PARAGON MILLS RD,,,,0.00,N,Not at Intersection, ,Non-Junction,None,,,         ,Sharissa,Perez,Clear,Front to Rear,no,no,no,no,no,False
102184180,METROPOLITAN NASHVILLE POLICE DEPT,20180885981,Davidson,Nashville,10/21/2018 3:02:00 AM,3,1,0,36.133710,-86.895960,I 40,,,,0.00,,,,,,,201.35,N,Not at Intersection,N,Non-Junction,None,,,         ,Micah,Wright,Clear,HeadOn,no,no,no,no,no,False
102184190,METROPOLITAN NASHVILLE POLICE DEPT,20180886266,Davidson,Nashville,10/21/2018 3:12:00 AM,2,0,0,36.132680,-86.723040,PAVILION BLVD,,,,0.00,,,PLUS PARK BLVD,,,,0.00,Y,T-Intersection, ,Non-Junction,None,,,         ,Charles,Wakefield,Clear,HeadOn,no,no,no,no,no,False
102184249,METROPOLITAN NASHVILLE POLICE DEPT,20180885913,Davidson,Not in City Limit,10/21/2018 2:13:00 AM,1,0,0,36.084180,-86.970150,HIGHWAY 70S,,,,0.00,,,,,,,0.00,,,N,Non-Junction,None,,,         ,Kevin,McGinniss,Clear,Not Collision with Motor Vehicle in Transport,no,no,no,no,no,False
102184257,METROPOLITAN NASHVILLE POLICE DEPT,20180886360,Davidson,Nashville,10/21/2018 12:00:00 AM,1,0,0,36.114670,-86.707910,MCDONALD DR,,,,153.00,Feet,East,MCDONALD CT,,,,0.00,N,Not at Intersection,N,Non-Junction,None,,,         ,Charles,Wakefield,Clear,Not Collision with Motor Vehicle in Transport,no,no,no,no,yes,False
102184267,METROPOLITAN NASHVILLE POLICE DEPT,20180886426,Davidson,Not in City Limit,10/21/2018 8:15:00 AM,1,0,0,36.197560,-86.970410,RIVER ROAD PKE,,,,0.00,,,OLD RIVER RD,,,,0.00,Y,T-Intersection, ,Intersection,None,,,         ,Benjamin,Cantrell,Clear,Not Collision with Motor Vehicle in Transport,no,no,no,no,no,False
102184275,METROPOLITAN NASHVILLE POLICE DEPT,20180886406,Davidson,Nashville,10/21/2018 8:13:00 AM,1,0,0,36.210320,-86.905820,ASHLAND CITY HWY,,,,685.00,Feet,East,OLD HYDES FERRY PKE,,,,0.00,N,Not at Intersection,N,Non-Junction,None,,,         ,William,Coy,Clear,Not Collision with Motor Vehicle in Transport,no,no,no,no,no,False
102184332,METROPOLITAN NASHVILLE POLICE DEPT,20180886537,Davidson,Nashville,10/21/2018 12:00:00 AM,1,0,0,36.210890,-86.898280,OLD HYDES FERRY PKE,,,,233.00,Feet,South,ASHLAND CITY HWY,,,,0.00,N,Not at Intersection,N,Non-Junction,None,,,         ,Ryan,Allen,Unknown,Not Collision with Motor Vehicle in Transport,no,no,no,no,yes,False
102184341,METROPOLITAN NASHVILLE POLICE DEPT,20180882174,Davidson,Nashville,10/19/2018 2:14:00 PM,2,0,0,36.154930,-86.831100,I 40,,,,0.00,,,,,,,205.45,N,Not at Intersection, ,Non-Junction,None,,,         ,Darren,Key,Clear,"Sideswipe, Same Direction",no,no,no,no,no,False
102184358,METROPOLITAN NASHVILLE POLICE DEPT,20180886637,Davidson,Not in City Limit,10/21/2018 10:07:00 AM,2,0,0,36.068420,-86.933230,OLD HARDING PKE,,,,158.00,Feet,South,COLICE JEANNE RD,,,,0.00,N,Not at Intersection,N,Non-Junction,None,,,         ,Jack,Crouch,Clear,Front to Rear,no,no,no,no,yes,False
102184378,METROPOLITAN NASHVILLE POLICE DEPT,20180886624,Davidson,Nashville,10/21/2018 10:20:00 AM,2,0,0,36.141110,-86.730730,I 40,,,,0.00,,,,,,,212.90,N,Not at Intersection, ,OtherLocation,None,,,         ,Gerry,Hutcheson,Clear,"Sideswipe, Same Direction",no,no,no,no,no,False
102184445,METROPOLITAN NASHVILLE POLICE DEPT,20180886755,Davidson,Nashville,10/21/2018 12:00:00 PM,2,0,0,36.174960,-86.789400,6TH AVN,,,,80.00,Feet,North,MADISON ST,,,,0.00,N,Not at Intersection, ,Non-Junction,None,,,         ,Gardiner,Bradley,Clear,"Sideswipe, Same Direction",no,no,no,no,no,False
102184454,METROPOLITAN NASHVILLE POLICE DEPT,20180886710,Davidson,Nashville,10/21/2018 11:03:00 AM,2,0,0,36.177820,-86.751020,CLEARVIEW AV,,,,174.00,Feet,East,S 10TH ST,,,,0.00,N,Not at Intersection, ,,None,,,         ,Nathan,Mayo,,,no,no,no,no,no,False
102184455,METROPOLITAN NASHVILLE POLICE DEPT,20180886712,Davidson,Not in City Limit,10/21/2018 11:25:00 AM,2,1,0,36.277390,-86.793810,OLD HICKORY BLVD,,,,717.00,Feet,East,HICKORY HILLS CT,,,,0.00,N,Not at Intersection,Y,Non-Junction,None,,,         ,Blake,McKay,Clear,Angle,no,no,no,no,yes,False
102184490,METROPOLITAN NASHVILLE POLICE DEPT,20180886744,Davidson,Nashville,10/21/2018 10:13:00 AM,1,0,0,36.055250,-86.640830,ZELIDA AV,,,,206.00,Feet,East,HICKORY CLUB DR,,,,0.00,N,Not at Intersection,N,Non-Junction,None,,,         ,Brandon,Evans,Unknown,Not Collision with Motor Vehicle in Transport,no,no,no,no,yes,False
102184497,METROPOLITAN NASHVILLE POLICE DEPT,20180886828,Davidson,Nashville,10/21/2018 12:37:00 PM,2,0,0,36.039910,-86.742070,OLD HICKORY BLVD,,,,418.00,Feet,East,EDMONDSON PKE,,,,0.00,N,Not at Intersection,N,Non-Junction,None,,,         ,Samuel,Miller,Clear,Angle,no,no,no,no,no,False
102184546,METROPOLITAN NASHVILLE POLICE DEPT,20180886819,Davidson,Nashville,10/21/2018 12:48:00 PM,2,1,0,36.158340,-86.774700,ALMOND ST,,,,54.00,Feet,South,MOLLOY ST,,,,0.00,N,Not at Intersection,N,Non-Junction,None,,,         ,Tony,Folad,Clear,Angle,no,no,no,no,no,False
102184548,METROPOLITAN NASHVILLE POLICE DEPT,20180886839,Davidson,Nashville,10/21/2018 10:15:00 AM,2,0,0,36.072140,-86.664350,UNA ANTIOCH PKE,,,,1599.00,Feet,North,STREAMFIELD PASS,,,,0.00,N,Not at Intersection, ,Non-Junction,None,,,         ,Jason,Hees,Clear,"Sideswipe, Opposite Direction",no,no,no,no,no,False
102184557,METROPOLITAN NASHVILLE POLICE DEPT,20180886867,Davidson,Nashville,10/21/2018 1:15:00 PM,2,0,0,36.249970,-86.720990,GALLATIN PKES,,,,0.00,,,,,,,0.00,,,N,Non-Junction,None,,,         ,Samuel,Kersten,Clear,Other,no,no,no,yes,yes,False
102184558,METROPOLITAN NASHVILLE POLICE DEPT,20180886912,Davidson,Nashville,10/21/2018 1:45:00 PM,3,0,0,36.191780,-86.782750,I 65,,,,0.00,,,,,,,86.15,N,Not at Intersection, ,Non-Junction,None,,,         ,Jonathon,Sheppard,Clear,Front to Rear,no,no,no,no,yes,False
102184566,METROPOLITAN NASHVILLE POLICE DEPT,20180886842,Davidson,Nashville,10/21/2018 1:06:00 PM,2,1,0,36.126810,-86.710620,THOMPSON PL,,,,145.00,Feet,East,MURFREESBORO PKE,,,,0.00,N,Not at Intersection,Y,Non-Junction,None,,,         ,John,Frazier,Clear,Other,no,no,no,no,no,False
102184581,METROPOLITAN NASHVILLE POLICE DEPT,20180886933,Davidson,Nashville,10/21/2018 1:33:00 PM,2,0,0,36.163290,-86.826040,ALBION ST,,,,0.00,,,33RD AVN,,,,0.00,Y,Four-Way,N,Intersection,None,,,         ,Patrick,Taylor,Clear,Angle,no,no,no,no,yes,False
102184637,METROPOLITAN NASHVILLE POLICE DEPT,2018-0883685,Davidson,Nashville,10/20/2018 2:15:00 AM,2,0,0,36.138630,-86.800630,21ST AVS,,,,0.00,,,CHILDRENS WAY,,,,0.00,Y,T-Intersection, ,Non-Junction,None,,,         ,Frank,Walker,Clear,Angle,no,no,no,no,no,Campus
102184665,METROPOLITAN NASHVILLE POLICE DEPT,20180886988,Davidson,Nashville,10/21/2018 2:50:00 PM,2,0,0,36.202270,-86.776640,I 65,,,,0.00,,,,,,,87.00,N,Not at Intersection,N,Non-Junction,None,,,         ,Riley,Brewer,Clear,"Sideswipe, Same Direction",no,no,no,no,no,False
102184688,METROPOLITAN NASHVILLE POLICE DEPT,20180887038,Davidson,Nashville,10/21/2018 3:18:00 PM,2,0,0,36.109990,-86.777790,WOODMONT BLVD,,,,0.00,,,CRESTRIDGE DR,,,,0.00,Y,Four-Way,N,Non-Junction,None,,,         ,Gabriel,Vasquez,Clear,Angle,no,no,no,no,no,False
102184690,METROPOLITAN NASHVILLE POLICE DEPT,20180887021,Davidson,Not in City Limit,10/21/2018 3:09:00 PM,1,1,0,36.311790,-86.860080,WHITES CREEK PKE,,,,1491.00,Feet,East,OLD CLARKSVILLE PKE,,,,0.00,N,Not at Intersection,N,Non-Junction,None,,,         ,Andrey,Volfson,Clear,Not Collision with Motor Vehicle in Transport,no,no,no,no,no,False
102184693,METROPOLITAN NASHVILLE POLICE DEPT,20180886975,Davidson,Nashville,10/21/2018 12:00:00 AM,2,1,0,36.165080,-86.763910,I 24,,,,0.00,,,,,,,49.05,N,Not at Intersection,N,Non-Junction,None,,,         ,Trevor,Taylor,Clear,Front to Rear,no,no,no,no,no,False
102184694,METROPOLITAN NASHVILLE POLICE DEPT,20180886962,Davidson,Nashville,10/21/2018 2:44:00 PM,2,0,0,36.147640,-86.758920,LAFAYETTE ST,,,,88.00,Feet,West,LEWIS ST,,,,0.00,N,Not at Intersection, ,Non-Junction,None,,,         ,Roy,Sain Jr.,Clear,"Sideswipe, Same Direction",no,no,no,no,no,False
102184699,METROPOLITAN NASHVILLE POLICE DEPT,20180887058,Davidson,Nashville,10/21/2018 3:22:00 PM,2,0,0,36.194990,-86.737280,N 16TH ST,,,,0.00,Feet,,CHESTER AV,,,,0.00,Y,T-Intersection,N,Intersection,None,,,         ,Marc,Kozen,Clear,HeadOn,no,no,no,no,yes,False
102184704,METROPOLITAN NASHVILLE POLICE DEPT,20180886999,Davidson,Nashville,10/21/2018 2:39:00 PM,2,1,0,36.048610,-86.653830,BELL RD,,,,668.00,Feet,West,HICKORY HOLLOW MALL PVTDR PL,,,,0.00,N,Not at Intersection, ,Non-Junction,None,,,         ,Nathaniel,Myers,Clear,Angle,no,no,no,no,no,False
102184707,METROPOLITAN NASHVILLE POLICE DEPT,20180887138,Davidson,Nashville,10/21/2018 4:20:00 PM,2,0,0,36.126860,-86.789210,12TH AVS,,,,162.00,Feet,North,ELMWOOD AV,,,,0.00,N,Not at Intersection, ,Non-Junction,None,,,         ,Ryan,Storm,Clear,Angle,no,no,no,no,no,False
102184714,METROPOLITAN NASHVILLE POLICE DEPT,20180887107,Davidson,Nashville,10/21/2018 4:00:00 PM,2,0,0,36.204720,-86.751200,E TRINITY LN,,,,0.00,,,PITTWAY DR,,,,0.00,Y,T-Intersection, ,Intersection,None,,,         ,Christopher,Valdez,Clear,Front to Rear,no,no,no,no,no,False
102184715,METROPOLITAN NASHVILLE POLICE DEPT,20180887000,Davidson,Nashville,10/21/2018 2:55:00 PM,2,0,0,36.185550,-86.747060,SEYMOUR AV,,,,154.00,Feet,East,GALLATIN AV,,,,0.00,N,Not at Intersection, ,"Driveway, Alley Access, etc",None,,,         ,Christopher,Butner,Clear,Angle,no,no,no,no,no,False
102184719,BERRY HILL POLICE DEPT,18-3770,Davidson,Berry Hill,10/21/2018 12:55:00 PM,3,2,0,36.125200,-86.776740,FRANKLIN PKE,,,,0.00,,,INVERNESS AV,,,,0.00,Y,T-Intersection,N,Intersection,None,,,         ,Larry,Carter,Clear,"Sideswipe, Opposite Direction",no,no,no,no,no,False
102184722,METROPOLITAN NASHVILLE POLICE DEPT,20180886958,Davidson,Nashville,10/21/2018 2:14:00 PM,2,0,0,36.084080,-86.706140,HARDING PL,,,,80.00,Feet,West,LINBAR DR,,,,0.00,N,Not at Intersection, ,Non-Junction,None,,,         ,Je-Marc,Sears,Clear,Front to Rear,no,no,no,no,no,False
102184728,METROPOLITAN NASHVILLE POLICE DEPT,20180887125,Davidson,Nashville,10/21/2018 4:10:00 PM,2,1,0,36.043930,-86.693300,BELL RD,,,,0.00,,,BROOK VIEW ESTATES DR,,,,0.00,Y,T-Intersection,N,Intersection-Related,None,,,         ,Eric,Wegener,Clear,Angle,no,no,no,no,yes,False
102184746,METROPOLITAN NASHVILLE POLICE DEPT,20180887149,Davidson,Nashville,10/21/2018 4:15:00 PM,2,0,0,36.196850,-86.689730,BRILEY PKWY S ENT RAMP,,,,0.00,Feet,East,OPRY MILLS DR,,,,0.00,N,Not at Intersection, ,Entrance/Exit Ramp Related,None,,,         ,Corey,Ethridge,Clear,Front to Rear,no,no,no,no,no,False
102184757,BELLE MEADE POLICE DEPT,18-0289,Davidson,Belle Meade,10/21/2018 3:36:00 PM,2,0,0,36.105520,-86.868230,LEAKE AV,,,,0.00,,,HARDING PKE,,,,0.00,Y,T-Intersection,N,Intersection,None,,,         ,Katelyn,Cloxton,Clear,Angle,no,no,no,no,no,False
102184762,METROPOLITAN NASHVILLE POLICE DEPT,20180887165,Davidson,Nashville,10/21/2018 12:00:00 AM,2,0,0,36.152200,-86.768910,2ND AVS,,,,62.00,Feet,South,LINDSLEY AV,,,,0.00,N,Not at Intersection, ,Non-Junction,None,,,         ,Trevor,Taylor,Clear,"Sideswipe, Same Direction",no,no,no,no,no,False
102184765,METROPOLITAN NASHVILLE POLICE DEPT,20180887235,Davidson,Nashville,10/21/2018 12:00:00 AM,2,0,0,36.067270,-86.687030,I24 W EXT RAMP,,,,0.00,Feet,East,I 24,,,,0.00,N,Not at Intersection, ,Non-Junction,None,,,         ,Madison,Meiss,Clear,Front to Rear,no,no,no,no,no,False
102184776,METROPOLITAN NASHVILLE POLICE DEPT,20180887188,Davidson,Nashville,10/21/2018 12:00:00 AM,1,1,0,36.152480,-86.833870,CHARLOTTE AV,,,,0.00,Feet,,40TH AVN,,,,0.00,Y,T-Intersection,N,Intersection-Related,None,,,         ,Kelby,Dumond,Clear,Not Collision with Motor Vehicle in Transport,no,yes,no,no,no,False
102184777,METROPOLITAN NASHVILLE POLICE DEPT,20180887181,Davidson,Nashville,10/21/2018 4:15:00 PM,2,0,0,36.064040,-86.629260,HAMILTON CHURCH RD,,,,358.00,Feet,South,MURFREESBORO PKE,,,,0.00,N,Not at Intersection,N,Non-Junction,None,,,         ,Ryan,Sherry,Clear,Front to Rear,no,no,no,no,no,False
102184779,METROPOLITAN NASHVILLE POLICE DEPT,20180887216,Davidson,Nashville,10/21/2018 5:03:00 PM,2,0,0,36.152300,-86.797450,WEST END AV,,,,0.00,Feet,East,19TH AVN,,,,0.00,N,Not at Intersection, ,Non-Junction,None,,,         ,Darryl,Williams,Clear,Front to Rear,no,no,no,no,no,False
102184787,METROPOLITAN NASHVILLE POLICE DEPT,2018-0887028,Davidson,Nashville,10/21/2018 3:15:00 PM,2,0,0,36.046790,-86.713430,NOLENSVILLE PKE,,,,517.00,Feet,North,OLD HICKORY BLVD,,,,0.00,N,Not at Intersection, ,"Driveway, Alley Access, etc",None,,,         ,John,Roberson,Clear,"Sideswipe, Same Direction",no,no,no,no,no,False
102184788,METROPOLITAN NASHVILLE POLICE DEPT,20180887132,Davidson,Nashville,10/21/2018 4:15:00 PM,2,0,0,36.043030,-86.712990,NOLENSVILLE PKE,,,,211.00,Feet,North,MILL CREEK WHITTLEMORE GRNWY,,,,0.00,N,Not at Intersection, ,Non-Junction,None,,,         ,John,Roberson,Clear,"Sideswipe, Same Direction",no,no,no,no,no,False
102184829,METROPOLITAN NASHVILLE POLICE DEPT,20180887359,Davidson,Nashville,10/21/2018 6:42:00 PM,2,0,0,36.044630,-86.725040,OLD HICKORY BLVD,,,,77.00,Feet,South,ENCLAVE CIR,,,,0.00,N,Not at Intersection, ,Non-Junction,None,,,         ,Ryan,Coll,Clear,Front to Rear,no,no,no,no,no,False
102184831,METROPOLITAN NASHVILLE POLICE DEPT,20180887366,Davidson,Nashville,10/21/2018 6:35:00 PM,3,1,0,36.130780,-86.727520,I 24,,,,0.00,,,,,,,51.10,N,Not at Intersection, ,Non-Junction,None,,,         ,YUNUS,ADAK,Clear,Front to Rear,no,no,no,no,no,False
102184837,METROPOLITAN NASHVILLE POLICE DEPT,20180887250,Davidson,Nashville,10/21/2018 3:35:00 PM,3,0,0,36.200850,-86.618110,LEBANON PKE,,,,171.00,Feet,South,TYLER DR,,,,0.00,N,Not at Intersection, ,Non-Junction,None,,,         ,Brady,Reynolds,Clear,Front to Rear,no,no,no,no,no,False
102184841,METROPOLITAN NASHVILLE POLICE DEPT,20180887180,Davidson,Nashville,10/21/2018 4:32:00 PM,2,0,0,36.129550,-86.906450,CHARLOTTE PKE PVTDR,,,,0.00,,,RIVER RD PVTDR,,,,0.00,Y,OTHER, ,Non-Junction,None,,,         ,Alexander,Donald,Clear,"Sideswipe, Same Direction",no,no,no,no,no,False