master_record_number,agency,agency_tracking_number,county,city,collision_date,vehicles_involved,number_injured,number_dead,latitude,longitude,roadway_name,roadway_suffix,roadway_number,roadway_local_id,distance_from_reference,miles-feet_indicator,direction_from_reference,intersection_road_name,intersection_road_name_suffix,intersection_road_number,intersection_local_id,mile_marker,intersection_indicator,intersect_type,interchange_related_indicator,relation_to_junction,work_zone_type,construction_maintenance_zone,construction_maintenance_zone_location,fatal_case_number,officer_first_name,officer_last_name,weather_condition(s),manner_of_crash,pedestrian,bicycle,scooter,parking,hitrun,mou
102185760,METROPOLITAN NASHVILLE POLICE DEPT,20180889735,Davidson,Nashville,10/22/2018 2:20:00 PM,2,0,0,36.204620,-86.749290,E TRINITY LN,,,,113.00,Feet,East,ELLINGTON PKWY N ENT RAMP,,,,0.00,N,Not at Intersection, ,,None,,,         ,Gordon,Stovall,,,no,no,no,no,no,False
102185768,METROPOLITAN NASHVILLE POLICE DEPT,20180889589,Davidson,Nashville,10/22/2018 2:57:00 PM,2,0,0,36.249800,-86.719130,GALLATIN PKES,,,,168.00,Feet,North,E PALESTINE AV,,,,0.00,N,Not at Intersection,N,Non-Junction,None,,,         ,Kevin,Crawford,Clear,Angle,no,no,no,no,no,False
102185782,METROPOLITAN NASHVILLE POLICE DEPT,20180889882,Davidson,Not in City Limit,10/22/2018 4:34:00 PM,1,0,0,36.271690,-86.794420,I 24,,,,0.00,,,,,,,41.00,N,Not at Intersection, ,Non-Junction,None,,,         ,Christopher,Littles,Cloudy,Not Collision with Motor Vehicle in Transport,no,no,no,no,no,False
102185783,METROPOLITAN NASHVILLE POLICE DEPT,20180889939,Davidson,Nashville,10/22/2018 4:48:00 PM,2,0,0,36.250310,-86.742620,OLD DUE WEST AV,,,,129.00,Feet,South,DUE WEST AVN,,,,0.00,N,Not at Intersection,N,Non-Junction,None,,,         ,Christopher,Littles,Cloudy,"Sideswipe, Opposite Direction",no,no,no,no,yes,False
102185791,METROPOLITAN NASHVILLE POLICE DEPT,20180889676,Davidson,Nashville,10/22/2018 3:15:00 PM,2,0,0,36.160800,-86.781800,7TH AVN,,,,0.00,,,COMMERCE ST,,,,0.00,Y,Four-Way,N,Intersection-Related,None,,,         ,Steven,Fisher,Clear,"Sideswipe, Same Direction",no,no,no,no,yes,False
102185793,METROPOLITAN NASHVILLE POLICE DEPT,20180889773,Davidson,Nashville,10/22/2018 3:55:00 PM,4,3,0,36.126130,-86.629910,BELL RD,,,,195.00,Feet,North,PRIEST WOODS DR,,,,0.00,N,Not at Intersection,N,Non-Junction,None,,,         ,Deandera,Payne,Clear,Front to Rear,no,no,no,no,no,False
102185794,METROPOLITAN NASHVILLE POLICE DEPT,20180889940,Davidson,Nashville,10/22/2018 4:53:00 PM,2,0,0,36.183890,-86.864890,BRILEY PKWYN,,,,700.00,Feet,South,BRILEY PKWYS,,,,0.00,N,Not at Intersection,N,Non-Junction,None,,,         ,Andrew,McCarron,Clear,Front to Rear,no,no,no,no,no,False
102185798,GOODLETTSVILLE POLICE DEPT,18-37347,Davidson,Goodlettsville,10/22/2018 4:00:00 PM,2,1,0,36.321520,-86.713260,S MAIN ST,,,,144.00,Feet,North,MEMORIAL DR,,,,0.00,N,Not at Intersection,N,Non-Junction,None,,,         ,Charles,Hauskin,Clear,Front to Rear,no,no,no,no,no,False
102185799,METROPOLITAN NASHVILLE POLICE DEPT,20180889934,Davidson,Nashville,10/22/2018 4:21:00 PM,2,0,0,36.109930,-86.734600,THOMPSON LN,,,,0.00,,,WINGATE AV,,,,0.00,Y,T-Intersection, ,Non-Junction,None,,,         ,Je-Marc,Sears,Clear,"Sideswipe, Same Direction",no,no,no,no,no,False
102185800,METROPOLITAN NASHVILLE POLICE DEPT,20180889549,Davidson,Nashville,10/22/2018 12:00:00 AM,2,0,0,36.153980,-86.777490,LAFAYETTE ST,,,,141.00,Feet,East,7TH AVS,,,,0.00,N,Not at Intersection,N,Non-Junction,None,,,         ,Trevor,Taylor,Clear,"Sideswipe, Same Direction",no,no,no,no,no,False
102185807,METROPOLITAN NASHVILLE POLICE DEPT,20180889757,Davidson,Nashville,10/22/2018 3:45:00 PM,2,2,0,36.071410,-86.684060,ANTIOCH PKE,,,,75.00,Feet,North,HAYSTACK LN,,,,0.00,N,Not at Intersection,N,Non-Junction,None,,,         ,Marcus,Darden,Clear,Front to Rear,no,no,no,no,no,False
102185814,METROPOLITAN NASHVILLE POLICE DEPT,20180889818,Davidson,Nashville,10/22/2018 4:08:00 PM,2,0,0,36.085320,-86.702200,HARDING PL,,,,205.00,Feet,East,I24 E EXT RAMP,,,,0.00,N,Not at Intersection, ,Non-Junction,None,,,         ,Andrew,Brazee,Clear,Front to Rear,no,no,no,no,no,False
102185817,METROPOLITAN NASHVILLE POLICE DEPT,20180889996,Davidson,Nashville,10/22/2018 5:16:00 PM,2,0,0,36.229630,-86.780850,I 24,,,,0.00,,,,,,,44.20,N,Not at Intersection, ,Non-Junction,None,,,         ,Melvin,Taylor,Clear,"Sideswipe, Same Direction",no,no,no,no,no,False
102185818,METROPOLITAN NASHVILLE POLICE DEPT,20180890014,Davidson,Nashville,10/22/2018 5:11:00 PM,3,1,0,36.052100,-86.743110,EDMONDSON PKE,,,,0.00,,,HUNTINGTON PKWY,,,,0.00,Y,T-Intersection, ,Intersection-Related,None,,,         ,Douglas,Sykes,Clear,Other,no,no,no,no,no,False
102185820,METROPOLITAN NASHVILLE POLICE DEPT,20180889908,Davidson,Nashville,10/22/2018 4:45:00 PM,3,1,0,36.164360,-86.763010,I 24,,,,0.00,,,,,,,49.15,N,Not at Intersection, ,Non-Junction,None,,,         ,Christopher,Butner,Clear,Front to Rear,no,no,no,no,no,False
102185825,METROPOLITAN NASHVILLE POLICE DEPT,20180889998,Davidson,Antioch,10/22/2018 3:55:00 PM,2,0,0,36.059400,-86.599650,HAMILTON CHURCH RD,,,,641.00,Feet,West,HOBSON PKE,,,,0.00,N,Not at Intersection,Y,Non-Junction,None,,,         ,Andrew,Brazee,Clear,Front to Rear,no,no,no,no,yes,False
102185830,METROPOLITAN NASHVILLE POLICE DEPT,20180890117,Davidson,Nashville,10/22/2018 6:06:00 PM,2,1,0,36.184510,-86.804800,CLAY ST,,,,19.00,Feet,West,10TH AVN,,,,0.00,N,Not at Intersection,N,Non-Junction,None,,,         ,Kayla,Castro,Clear,"Sideswipe, Same Direction",no,no,no,no,yes,False
102185857,METROPOLITAN NASHVILLE POLICE DEPT,20180890182,Davidson,Nashville,10/22/2018 6:25:00 PM,2,0,0,36.093700,-86.762800,I 65,,,,0.00,,,,,,,78.60,N,Not at Intersection, ,Non-Junction,None,,,         ,David,Robberson,Clear,"Sideswipe, Same Direction",no,no,no,no,yes,False
102185858,METROPOLITAN NASHVILLE POLICE DEPT,20180890230,Davidson,Nashville,10/22/2018 6:17:00 PM,2,0,0,36.089070,-86.649990,RANSOM PL,,,,0.00,,,MURFREESBORO PKE,,,,0.00,Y,Four-Way, ,Non-Junction,None,,,         ,Andrew,Brazee,Clear,"Sideswipe, Same Direction",no,no,no,no,no,False
102185860,METROPOLITAN NASHVILLE POLICE DEPT,20180890149,Davidson,Nashville,10/22/2018 6:06:00 PM,2,1,0,36.185510,-86.803650,9TH AVN,,,,76.00,Feet,South,GOFF ST,,,,0.00,N,Not at Intersection,N,Non-Junction,None,,,         ,Kayla,Castro,Clear,"Sideswipe, Same Direction",no,no,no,no,yes,False
102185866,METROPOLITAN NASHVILLE POLICE DEPT,20180890167,Davidson,Nashville,10/22/2018 6:31:00 PM,1,1,0,36.092840,-86.771310,SOUTHMEADE PKWY,,,,35.00,Feet,East,FRANKLIN PKE,,,,0.00,N,Not at Intersection,N,Non-Junction,None,,,         ,Gabriel,Vasquez,Clear,Not Collision with Motor Vehicle in Transport,no,no,no,no,no,False
102185867,BERRY HILL POLICE DEPT,18-3783,Davidson,Berry Hill,10/22/2018 12:00:00 AM,2,0,0,36.120950,-86.775920,KIRKWOOD AV,,,,0.00,,,,,,,0.00,,, ,Non-Junction,None,,,         ,John,Gleixner,Cloudy,Angle,no,no,no,yes,yes,False
102185870,GOODLETTSVILLE POLICE DEPT,18-37355,Davidson,Goodlettsville,10/22/2018 5:50:00 PM,3,1,0,36.307110,-86.695860,VIETNAM VETERANS BLVDN,,,,96.00,Feet,South,VIETNAM VETERANS BLVDS,,,,0.00,N,Not at Intersection,N,Non-Junction,None,,,         ,Benny,Alexander,Clear,Front to Rear,no,no,no,no,no,False
102185873,METROPOLITAN NASHVILLE POLICE DEPT,20180890239,Davidson,Nashville,10/22/2018 6:26:00 PM,2,0,0,36.181700,-86.749260,CALVIN AV,,,,0.00,,,GALLATIN AV,,,,0.00,Y,T-Intersection, ,Intersection,None,,,         ,Marc,Kozen,Clear,"Sideswipe, Same Direction",no,no,no,no,no,False
102185883,METROPOLITAN NASHVILLE POLICE DEPT,20180889836,Davidson,Not in City Limit,10/22/2018 4:18:00 PM,2,3,0,36.316320,-86.876690,OLD CLARKSVILLE PKE,,,,34.00,Feet,West,EATONS CREEK RD,,,,0.00,N,Not at Intersection,N,Non-Junction,None,,,         ,Kayla,Castro,Clear,Angle,no,no,no,no,no,False
102185886,METROPOLITAN NASHVILLE POLICE DEPT,20180889566,Davidson,Nashville,10/22/2018 2:07:00 PM,2,0,0,36.069430,-86.774170,FRANKLIN PKE,,,,157.00,Feet,South,BRENTVIEW DR,,,,0.00,N,Not at Intersection,N,Non-Junction,None,,,         ,Akira,McSwain,Clear,"Sideswipe, Same Direction",no,no,no,no,no,False
102185887,METROPOLITAN NASHVILLE POLICE DEPT,20180889855,Davidson,Nashville,10/22/2018 4:11:00 PM,3,1,0,36.038940,-86.782690,OLD HICKORY BLVD,,,,1209.00,Feet,West,FRANKLIN PIKE CIR,,,,0.00,N,Not at Intersection,N,Non-Junction,None,,,         ,Akira,McSwain,Clear,Front to Rear,no,no,no,no,no,False
102185888,METROPOLITAN NASHVILLE POLICE DEPT,20180890173,Davidson,Nashville,10/22/2018 6:23:00 PM,2,0,0,36.042360,-86.744010,EDMONDSON PKE,,,,32.00,Feet,North,BRENTWOOD SQ,,,,0.00,N,Not at Intersection, ,Non-Junction,None,,,         ,Akira,McSwain,Clear,Angle,no,no,no,no,no,False
102185889,METROPOLITAN NASHVILLE POLICE DEPT,20180890289,Davidson,Nashville,10/22/2018 6:57:00 PM,2,0,0,36.081620,-86.760230,HARDING PL,,,,586.00,Feet,West,TROUSDALE DR,,,,0.00,N,Not at Intersection, ,Non-Junction,None,,,         ,Akira,McSwain,Clear,Front to Rear,no,no,no,no,no,False
102185899,GOODLETTSVILLE POLICE DEPT,18-37361,Davidson,Goodlettsville,10/22/2018 7:27:00 PM,2,0,0,36.309480,-86.695660,VIETNAM VETERANS BLVD SB EXT R,,,,0.00,,,CONFERENCE DR,,,,0.00,Y,T-Intersection, ,Entrance/Exit Ramp Related,None,,,         ,Benny,Alexander,Clear,Front to Rear,no,no,no,no,no,False
102185917,METROPOLITAN NASHVILLE POLICE DEPT,20180890009,Davidson,Nashville,10/22/2018 4:08:00 PM,2,0,0,36.134550,-86.725650,I24 W EXT RAMP,,,,0.00,,,I 24,,,,0.00,Y,OTHER, ,Entrance/Exit Ramp Related,None,,,         ,Andrew,Brazee,Clear,Front to Rear,no,no,no,no,no,False
102185918,GOODLETTSVILLE POLICE DEPT,18-37358,Davidson,Goodlettsville,10/22/2018 6:50:00 PM,3,2,0,36.311600,-86.682480,VIETNAM VETERANS BLVDN,,,,245.00,Feet,East,VIETNAM VETERANS BLVDS,,,,0.00,N,Not at Intersection,N,Non-Junction,None,,,         ,Zachary,Scannell,Clear,Front to Rear,no,no,no,no,no,False
102185941,METROPOLITAN NASHVILLE POLICE DEPT,20180890040,Davidson,Nashville,10/22/2018 5:29:00 PM,2,1,0,36.083140,-86.761600,SIDCO DR,,,,64.00,Feet,South,CSX DR,,,,0.00,N,Not at Intersection,N,Non-Junction,None,,,         ,Brandon,Hughes,Clear,Angle,no,no,no,no,no,False
102185946,METROPOLITAN NASHVILLE POLICE DEPT,20180890059,Davidson,Nashville,10/22/2018 5:40:00 PM,2,0,0,36.210890,-86.732870,GREENFIELD AV,,,,70.00,Feet,East,GALLATIN PKE,,,,0.00,N,Not at Intersection, ,Non-Junction,None,,,         ,Wade,Johnson,Clear,"Sideswipe, Same Direction",no,no,no,no,no,False
102185985,METROPOLITAN NASHVILLE POLICE DEPT,20180890511,Davidson,Nashville,10/22/2018 7:56:00 PM,2,0,0,36.150850,-86.625290,BELL RD,,,,507.00,Feet,South,BLACKWOOD DR,,,,0.00,N,Not at Intersection,N,Non-Junction,None,,,         ,Deandera,Payne,Clear,Rear to Side,no,no,no,yes,yes,False
102185992,METROPOLITAN NASHVILLE POLICE DEPT,20180890427,Davidson,Nashville,10/22/2018 8:26:00 PM,2,0,0,36.040630,-86.771400,OLD HICKORY BLVD,,,,96.00,Feet,West,SEVEN SPRINGS WAY PVTDR,,,,0.00,N,Not at Intersection, ,Non-Junction,None,,,         ,Brandon,Hughes,Clear,"Sideswipe, Same Direction",no,no,no,no,no,False
102186037,METROPOLITAN NASHVILLE POLICE DEPT,20180890479,Davidson,Nashville,10/22/2018 8:50:00 PM,2,0,0,36.177540,-86.616720,CENTRAL PKE,,,,0.00,Feet,,JAMES KAY LN,,,,0.00,Y,T-Intersection, ,Non-Junction,None,,,         ,Abbey,Sawl,Clear,Front to Rear,no,no,no,no,no,False
102186077,METROPOLITAN NASHVILLE POLICE DEPT,20180890504,Davidson,Nashville,10/22/2018 9:05:00 PM,2,0,0,36.144810,-86.873100,AMERICAN RD,,,,177.00,Feet,North,CHARLOTTE PKE,,,,0.00,N,Not at Intersection, ,Non-Junction,None,,,         ,Jeremy,Huffine,Clear,"Sideswipe, Same Direction",no,no,no,no,no,False
102186094,METROPOLITAN NASHVILLE POLICE DEPT,20180890436,Davidson,Not in City Limit,10/22/2018 7:45:00 PM,2,0,0,36.077840,-86.993600,I 40,,,,0.00,,,,,,,194.00,N,Not at Intersection, ,Non-Junction,None,,,         ,Alexander,Donald,Clear,Front to Rear,no,no,no,no,no,False
102186109,METROPOLITAN NASHVILLE POLICE DEPT,20180890759,Davidson,Nashville,10/22/2018 11:10:00 PM,2,1,0,36.141120,-86.662180,I 40,,,,0.00,,,,,,,218.00,N,Not at Intersection,N,Non-Junction,None,,,         ,Brett,Johns,Clear,"Sideswipe, Same Direction",no,no,no,no,no,False
102186126,METROPOLITAN NASHVILLE POLICE DEPT,20180890862,Davidson,Not in City Limit,10/22/2018 11:45:00 PM,1,0,0,36.220570,-86.973810,ASHLAND CITY HWY,,,,1207.00,Feet,East,BULL RUN RD,,,,0.00,N,Not at Intersection,N,Non-Junction,None,,,         ,Abigail,Malone,Clear,Not Collision with Motor Vehicle in Transport,no,no,no,no,no,False
102186138,METROPOLITAN NASHVILLE POLICE DEPT,20180891055,Davidson,Not in City Limit,10/23/2018 12:50:00 AM,1,0,0,36.077080,-87.011230,I 40,,,,0.00,,,,,,,193.00,N,Not at Intersection,N,Non-Junction,None,,,         ,Jackson,Smythe,Clear,Not Collision with Motor Vehicle in Transport,no,no,no,no,no,False
102186146,METROPOLITAN NASHVILLE POLICE DEPT,20180890998,Davidson,Nashville,10/23/2018 12:36:00 AM,1,1,0,36.215100,-86.701400,OPRY MILLS DR,,,,846.00,Feet,South,MCGAVOCK PKE,,,,0.00,N,Not at Intersection,N,Non-Junction,None,,,         ,Curtis,Fisher,Clear,Not Collision with Motor Vehicle in Transport,no,no,no,yes,no,False
102186177,METROPOLITAN NASHVILLE POLICE DEPT,20180891498,Davidson,Nashville,10/23/2018 4:42:00 AM,1,0,0,36.152110,-86.690650,ELM HILL PKE,,,,1.00,Feet,North,BRILEY PKWYN,,,,0.00,N,Not at Intersection,N,Non-Junction,None,,,         ,Tyler,Manivong,Clear,Not Collision with Motor Vehicle in Transport,no,no,no,no,no,False
102186181,METROPOLITAN NASHVILLE POLICE DEPT,20180891536,Davidson,Nashville,10/23/2018 4:50:00 AM,2,0,0,36.149410,-86.691450,BRILEY PKWY S,,,,0.00,,,,,,,0.00,,, ,Non-Junction,None,,,         ,Joseph,Zambardi,Clear,"Sideswipe, Same Direction",no,no,no,no,no,False
102186184,Nashville Airport Police,2018-04172,Davidson,Nashville,10/15/2018 11:45:00 AM,2,0,0,36.133410,-86.665080,BNA DR,,,,0.00,,,TERMINAL DR,,,,0.00,Y,OTHER, ,,None,,,         ,Taran,Perry,,,no,no,no,yes,no,False
102186188,METROPOLITAN NASHVILLE POLICE DEPT,20180891552,Davidson,Not in City Limit,10/23/2018 4:45:00 AM,2,0,0,36.322510,-86.860350,I 24,,,,0.00,,,,,,,35.40,N,Not at Intersection,N,Non-Junction,None,,,         ,Abigail,Malone,Clear,"Sideswipe, Same Direction",no,no,no,no,yes,False
102186196,METROPOLITAN NASHVILLE POLICE DEPT,2018-0890926,Davidson,Nashville,10/23/2018 12:08:00 AM,2,1,0,36.142790,-86.822490,I 440,,,,0.00,,,,,,,1.00,N,Not at Intersection,N,Non-Junction,None,,,         ,Frank,Walker,Clear,Front to Rear,no,no,no,no,yes,False
102186201,METROPOLITAN NASHVILLE POLICE DEPT,20180891689,Davidson,Nashville,10/23/2018 5:55:00 AM,2,1,0,36.256190,-86.714390,NEELYS BEND RD,,,,0.00,,,GALLATIN PKES,,,,0.00,Y,T-Intersection,N,Intersection,None,,,         ,Bryant,Presley,Clear,"Sideswipe, Same Direction",no,no,no,no,no,False
102186209,METROPOLITAN NASHVILLE POLICE DEPT,20180891696,Davidson,Nashville,10/23/2018 5:57:00 AM,2,1,0,36.124290,-86.696340,BRILEY PKWY,,,,0.00,,,VULTEE BLVD,,,,0.00,Y,Four-Way,N,Intersection,None,,,         ,Ralph,Smith IV,Clear,Angle,no,no,no,no,no,False
102186210,METROPOLITAN NASHVILLE POLICE DEPT,20180891765,Davidson,Not in City Limit,10/23/2018 6:25:00 AM,2,0,0,36.324710,-86.873630,I 24,,,,0.00,,,,,,,34.65,N,Not at Intersection, ,Non-Junction,None,,,         ,Jacob,Dick,Clear,Front to Rear,no,no,no,no,yes,False
102186212,METROPOLITAN NASHVILLE POLICE DEPT,20180891656,Davidson,Not in City Limit,10/23/2018 5:50:00 AM,2,0,0,36.324630,-86.873110,I 24,,,,0.00,,,,,,,34.70,N,Not at Intersection,N,Non-Junction,None,,,         ,James,Murphy,Clear,Front to Rear,no,no,no,no,no,False
102186214,METROPOLITAN NASHVILLE POLICE DEPT,20180891641,Davidson,Nashville,10/23/2018 5:44:00 AM,2,0,0,36.045250,-86.609100,MURFREESBORO PKE,,,,0.00,Feet,,MOUNTAIN SPRINGS RD,,,,0.00,Y,Four-Way, ,Intersection-Related,None,,,         ,Daryn,Yentes,Clear,Front to Rear,no,no,no,no,no,False
102186228,METROPOLITAN NASHVILLE POLICE DEPT,20180887672,Davidson,Not in City Limit,10/21/2018 7:31:00 PM,2,0,0,36.076890,-86.945220,HIGHWAY 70S,,,,0.00,,,SAWYER BROWN RD,,,,0.00,Y,Four-Way, ,Intersection-Related,None,,,         ,Adam,Reese,Clear,Front to Rear,no,no,no,no,no,False
102186235,METROPOLITAN NASHVILLE POLICE DEPT,20180891804,Davidson,Not in City Limit,10/23/2018 6:44:00 AM,1,0,0,36.032220,-86.991320,HIGHWAY 100,,,,134.00,Feet,East,OLD HARDING PKE,,,,0.00,N,Not at Intersection,N,Non-Junction,None,,,         ,Curtis,Rich,Clear,Not Collision with Motor Vehicle in Transport,no,no,no,no,no,False
102186240,METROPOLITAN NASHVILLE POLICE DEPT,2018-0891748,Davidson,Nashville,10/23/2018 6:20:00 AM,1,1,0,36.090000,-86.733700,NOLENSVILLE,,,,0.00,,,,,,,0.00,,Not at Intersection,N,Non-Junction,None,,,         ,William,Hamblen,Clear,Not Collision with Motor Vehicle in Transport,no,no,no,yes,no,False
102186258,METROPOLITAN NASHVILLE POLICE DEPT,20180891790,Davidson,Nashville,10/23/2018 6:52:00 AM,2,1,0,36.046680,-86.725060,AMALIE DR,,,,0.00,,,HUNTINGTON PKWY,,,,0.00,Y,Four-Way, ,Intersection,None,,,         ,Jon,Mcvey,Clear,Front to Rear,no,no,no,no,no,False
102186259,GOODLETTSVILLE POLICE DEPT,18-37418,Davidson,Goodlettsville,10/23/2018 6:30:00 AM,2,0,0,36.324030,-86.704020,I65 N EXT RAMP,,,,0.00,Feet,East,LONG HOLLOW PKE,,,,0.00,N,Not at Intersection, ,Non-Junction,None,,,         ,Timothy,Williams,Clear,Front to Rear,no,no,no,no,no,False
102186260,METROPOLITAN NASHVILLE POLICE DEPT,20180891851,Davidson,Nashville,10/23/2018 7:15:00 AM,2,0,0,36.198440,-86.620270,LEBANON PKE,,,,0.00,,,OLD HICKORY BLVD,,,,0.00,Y,Four-Way, ,Intersection,None,,,         ,William,Mckay,Clear,Front to Rear,no,no,no,no,no,False
102186263,METROPOLITAN NASHVILLE POLICE DEPT,20180891827,Davidson,Nashville,10/23/2018 6:57:00 AM,2,0,0,36.090330,-86.626500,SMITH SPRINGS RD,,,,0.00,,,BELL RD,,,,0.00,Y,Four-Way,N,Intersection-Related,None,,,         ,Tien,Nguyen,Fog,"Sideswipe, Same Direction",no,no,no,no,no,False
102186268,METROPOLITAN NASHVILLE POLICE DEPT,20180891777,Davidson,Joelton,10/23/2018 6:00:00 AM,1,0,0,36.308220,-86.882840,CLARKSVILLE PKE,,,,1226.00,Feet,South,EATONS CREEK RD,,,,0.00,N,Not at Intersection,N,Non-Junction,None,,,         ,Jeanine,Sarno,Clear,Not Collision with Motor Vehicle in Transport,no,no,no,no,no,False
102186269,METROPOLITAN NASHVILLE POLICE DEPT,20180891835,Davidson,Nashville,10/23/2018 5:30:00 AM,1,0,0,36.169060,-86.778090,GAY ST,,,,300.00,Feet,East,1ST AVN,,,,0.00,N,Not at Intersection, ,Non-Junction,None,,,         ,Brian,Lamb,Fog,Not Collision with Motor Vehicle in Transport,no,no,no,no,no,False
102186314,METROPOLITAN NASHVILLE POLICE DEPT,20180891924,Davidson,Nashville,10/23/2018 7:46:00 AM,2,0,0,36.062090,-86.638150,BELL RD,,,,497.00,Feet,West,BELL CREST DR,,,,0.00,N,Not at Intersection, ,Non-Junction,None,,,         ,Brandon,Vance,Clear,"Sideswipe, Same Direction",no,no,no,no,no,False
102186315,METROPOLITAN NASHVILLE POLICE DEPT,20180891980,Davidson,Nashville,10/23/2018 8:21:00 AM,3,2,0,36.116210,-86.787780,I 440,,,,0.00,,,,,,,3.90,N,Not at Intersection,N,Non-Junction,None,,,         ,Michael,McCord,Clear,Front to Rear,no,no,no,no,no,False
102186316,METROPOLITAN NASHVILLE POLICE DEPT,20180892042,Davidson,Nashville,10/23/2018 8:49:00 AM,2,1,0,36.109690,-86.671460,KNAPP BLVD,,,,0.00,,,DONELSON PKE,,,,0.00,Y,Four-Way, ,Intersection-Related,None,,,         ,Tien,Nguyen,Clear,Front to Rear,no,no,no,no,no,False
102186318,GOODLETTSVILLE POLICE DEPT,18-37417,Davidson,Goodlettsville,10/23/2018 6:10:00 AM,4,0,0,36.312198,-86.676717,VIETNAM VETERANS,BLVD,SR386W,,0.01,Miles,West,VIETNAM VETERANS,BLVD,SR386,,2.20,N,Not at Intersection,N,Non-Junction,None,,,         ,Charles,Hauskin,Clear,Front to Rear,no,no,no,no,no,False
102186323,METROPOLITAN NASHVILLE POLICE DEPT,20180891998,Davidson,Nashville,10/23/2018 8:28:00 AM,3,0,0,36.181630,-86.799720,I 65,,,,0.00,,,,,,,85.10,N,Not at Intersection,N,Non-Junction,None,,,         ,Brian,Mclarty,Clear,Front to Rear,no,no,no,no,no,False
102186326,METROPOLITAN NASHVILLE POLICE DEPT,20180891969,Davidson,Nashville,10/23/2018 8:09:00 AM,2,0,0,36.085740,-86.648040,MURFREESBORO PKE,,,,466.00,Feet,South,UNA ANTIOCH PKE,,,,0.00,N,Not at Intersection, ,Non-Junction,None,,,         ,Tien,Nguyen,Clear,Front to Rear,no,no,no,no,no,False
102186330,METROPOLITAN NASHVILLE POLICE DEPT,20180891954,Davidson,Nashville,10/23/2018 8:07:00 AM,2,0,0,36.216660,-86.775220,I 65,,,,0.00,,,,,,,88.05,N,Not at Intersection,N,Non-Junction,None,,,         ,James,Wray,Clear,Front to Rear,no,no,no,no,yes,False
102186345,METROPOLITAN NASHVILLE POLICE DEPT,20180892035,Davidson,Nashville,10/23/2018 8:40:00 AM,2,0,0,36.041810,-86.652690,I 24,,,,0.00,,,,,,,59.80,N,Not at Intersection,N,Non-Junction,None,,,         ,Brandon,Evans,Clear,Front to Rear,no,no,no,no,no,False
102186349,METROPOLITAN NASHVILLE POLICE DEPT,20180891785,Davidson,Nashville,10/23/2018 6:31:00 AM,2,1,0,36.149090,-86.746530,I 40,,,,0.00,,,,,,,211.80,N,Not at Intersection,N,Non-Junction,None,,,         ,Tien,Nguyen,Fog,Front to Rear,no,no,no,no,yes,False
102186358,METROPOLITAN NASHVILLE POLICE DEPT,20180892056,Davidson,Nashville,10/23/2018 8:53:00 AM,2,0,0,36.119470,-86.749500,NOLENSVILLE PKE,,,,146.00,Feet,North,NEWSOME ST,,,,0.00,N,Not at Intersection,N,Non-Junction,None,,,         ,Charles,Wakefield,Clear,Front to Rear,no,no,no,no,no,False
102186368,METROPOLITAN NASHVILLE POLICE DEPT,20180892084,Davidson,Nashville,10/23/2018 7:56:00 AM,2,0,0,36.168620,-86.813030,JEFFERSON ST,,,,100.00,Feet,East,I40 E EXT RAMP,,,,0.00,N,Not at Intersection, ,Non-Junction,None,,,         ,Isaac,Wood,Clear,Front to Rear,no,no,no,no,yes,False
102186371,METROPOLITAN NASHVILLE POLICE DEPT,20180891929,Davidson,Nashville,10/23/2018 7:44:00 AM,2,0,0,36.089420,-86.688770,HARDING PL,,,,96.00,Feet,West,EZELL PKE,,,,0.00,N,Not at Intersection, ,Non-Junction,None,,,         ,Neil,Cook,Clear,Angle,no,no,no,no,no,False
102186373,METROPOLITAN NASHVILLE POLICE DEPT,20180892098,Davidson,Nashville,10/23/2018 9:05:00 AM,2,1,0,36.163150,-86.819300,I40 E ENT RAMP,,,,0.00,,,I 40,,,,0.00,Y,Y-Intersection,N,Unknown,None,,,         ,Wesley,Young,Clear,Front to Rear,no,no,no,no,no,False
102186382,METROPOLITAN NASHVILLE POLICE DEPT,20180892025,Davidson,Nashville,10/23/2018 8:30:00 AM,2,1,0,36.102370,-86.713300,I 24,,,,0.00,,,,,,,54.40,N,Not at Intersection, ,Non-Junction,None,,,         ,Michael,Dudley,Clear,Front to Rear,no,no,no,no,yes,False
102186383,METROPOLITAN NASHVILLE POLICE DEPT,20180892055,Davidson,Nashville,10/23/2018 8:56:00 AM,2,0,0,36.134210,-86.774020,WEDGEWOOD AV,,,,0.00,,,LINDELL AV,,,,0.00,Y,T-Intersection,N,Intersection-Related,None,,,         ,Jon,Mcvey,Clear,Angle,no,no,no,no,no,False
102186396,METROPOLITAN NASHVILLE POLICE DEPT,20180892097,Davidson,Nashville,10/23/2018 9:10:00 AM,2,1,0,36.163140,-86.819290,I40 E ENT RAMP,,,,0.00,,,I 40,,,,0.00,Y,Y-Intersection, ,Intersection,None,,,         ,Wesley,Young,Clear,Front to Rear,no,no,no,no,no,False