master_record_number,agency,agency_tracking_number,county,city,collision_date,vehicles_involved,number_injured,number_dead,latitude,longitude,roadway_name,roadway_suffix,roadway_number,roadway_local_id,distance_from_reference,miles-feet_indicator,direction_from_reference,intersection_road_name,intersection_road_name_suffix,intersection_road_number,intersection_local_id,mile_marker,intersection_indicator,intersect_type,interchange_related_indicator,relation_to_junction,work_zone_type,construction_maintenance_zone,construction_maintenance_zone_location,fatal_case_number,officer_first_name,officer_last_name,weather_condition(s),manner_of_crash,pedestrian,bicycle,scooter,parking,hitrun,mou
102187072,METROPOLITAN NASHVILLE POLICE DEPT,20180893297,Davidson,Nashville,10/23/2018 5:20:00 PM,2,0,0,36.151560,-86.861540,I 40,,,,0.00,,,,,,,203.75,N,Not at Intersection, ,Non-Junction,None,,,         ,Andrew,McCarron,Clear,Front to Rear,no,no,no,no,no,False
102187094,METROPOLITAN NASHVILLE POLICE DEPT,20180893432,Davidson,Nashville,10/23/2018 5:38:00 PM,3,0,0,36.131880,-86.895530,CHARLOTTE PKE,,,,0.00,Feet,,I40 E ENT RAMP,,,,0.00,Y,Four-Way,N,Intersection-Related,None,,,         ,Brandon,Pedigo,Clear,Front to Rear,no,no,no,no,no,False
102187097,METROPOLITAN NASHVILLE POLICE DEPT,20180893414,Davidson,Nashville,10/23/2018 7:05:00 PM,1,0,0,36.153690,-86.851480,I 40 W,,,,200.00,Feet,East,WHITE BRIDGE RD,,,,0.00,N,Not at Intersection,N,Non-Junction,None,,,         ,Jeremy,Huffine,Clear,Not Collision with Motor Vehicle in Transport,no,no,no,no,no,False
102187106,METROPOLITAN NASHVILLE POLICE DEPT,20180893489,Davidson,Nashville,10/23/2018 7:37:00 PM,1,1,0,36.124600,-86.715070,EAST THOMPSON LN,,,,85.00,Feet,West,WIMPOLE DR,,,,0.00,N,Not at Intersection,N,Non-Junction,None,,,         ,Je-Marc,Sears,Clear,Not Collision with Motor Vehicle in Transport,no,yes,no,no,no,False
102187109,METROPOLITAN NASHVILLE POLICE DEPT,20180893419,Davidson,Nashville,10/23/2018 6:40:00 PM,2,0,0,36.216100,-86.597650,ANDREW JACKSON PKWY,,,,354.00,Feet,North,LEBANON PKE,,,,0.00,N,Not at Intersection,N,Non-Junction,None,,,         ,Marvis,Malone,Clear,"Sideswipe, Opposite Direction",no,no,no,no,no,False
102187119,METROPOLITAN NASHVILLE POLICE DEPT,20180893096,Davidson,Nashville,10/23/2018 4:19:00 PM,2,0,0,36.170400,-86.768450,WOODLAND ST,,,,0.00,,,INTERSTATE DR,,,,0.00,Y,Four-Way, ,Intersection,None,,,         ,Joshua,Reece,Clear,Angle,no,no,no,no,no,False
102187121,METROPOLITAN NASHVILLE POLICE DEPT,20180893492,Davidson,Nashville,10/23/2018 7:25:00 PM,2,0,0,36.157930,-86.791610,14TH AVN,,,,0.00,,,CHURCH ST,,,,0.00,Y,Four-Way, ,Intersection,None,,,         ,Eric,Burford,Clear,Angle,no,no,no,no,no,False
102187122,METROPOLITAN NASHVILLE POLICE DEPT,20180893511,Davidson,Nashville,10/23/2018 7:46:00 PM,2,0,0,36.152220,-86.625600,BLACKWOOD DR,,,,156.00,Feet,West,STEWARTS FERRY PKE,,,,0.00,N,Not at Intersection,N,Non-Junction,None,,,         ,Deandera,Payne,Clear,"Sideswipe, Same Direction",no,no,no,no,no,False
102187123,METROPOLITAN NASHVILLE POLICE DEPT,20180893386,Davidson,Goodlettsville,10/23/2018 6:45:00 PM,3,4,0,36.304640,-86.693070,CONFERENCE DR,,,,63.00,Feet,South,THE SHOPPES AT RIVERGATE PVTDR,,,,0.00,N,Not at Intersection,N,Non-Junction,None,,,         ,Peter,Vaught,Clear,Front to Rear,no,no,no,no,no,False
102187124,METROPOLITAN NASHVILLE POLICE DEPT,20180892929,Davidson,Nashville,10/23/2018 3:15:00 PM,2,0,0,36.153840,-86.779390,8TH AVS,,,,65.00,Feet,South,LEA AV,,,,0.00,N,Not at Intersection, ,Non-Junction,None,,,         ,Brandon,O'Guin,Clear,Front to Rear,no,no,no,no,no,False
102187127,METROPOLITAN NASHVILLE POLICE DEPT,20180893291,Davidson,Nashville,10/23/2018 5:45:00 PM,2,0,0,36.047900,-86.713570,NOLENSVILLE PKE,,,,326.00,Feet,South,HICKORYVIEW DR,,,,0.00,N,Not at Intersection, ,Non-Junction,None,,,         ,William,King,Clear,"Sideswipe, Same Direction",no,no,no,no,no,False
102187134,METROPOLITAN NASHVILLE POLICE DEPT,20180893407,Davidson,Goodlettsville,10/23/2018 6:48:00 PM,2,0,0,36.286030,-86.727510,I 65,,,,0.00,,,,,,,93.85,N,Not at Intersection, ,Non-Junction,None,,,         ,Christopher,Littles,Clear,Front to Rear,no,no,no,no,no,False
102187136,METROPOLITAN NASHVILLE POLICE DEPT,20180893577,Davidson,Goodlettsville,10/23/2018 6:30:00 PM,2,0,0,36.301020,-86.694400,GALLATIN PKEN,,,,300.00,Feet,East,SHEPHERD HILLS DR,,,,0.00,N,Not at Intersection, ,Non-Junction,None,,,         ,Christopher,Littles,Clear,Angle,no,no,no,no,no,False
102187141,METROPOLITAN NASHVILLE POLICE DEPT,20180893107,Davidson,Not in City Limit,10/23/2018 4:25:00 PM,2,2,0,36.137770,-86.949440,RIVER ROAD PKE,,,,1894.00,Feet,East,INDIAN CREEK RD,,,,0.00,N,Not at Intersection,N,Non-Junction,None,,,         ,Jeremy,Spoonemore,Clear,Not Collision with Motor Vehicle in Transport,no,no,no,no,no,False
102187174,METROPOLITAN NASHVILLE POLICE DEPT,20180893443,Davidson,Nashville,10/23/2018 5:51:00 PM,3,2,0,36.052740,-86.620830,MT VIEW RD,,,,716.00,Feet,East,MT VIEW CIR,,,,0.00,N,Not at Intersection,N,Non-Junction,None,,,         ,Andrew,Brazee,Clear,Front to Rear,no,no,no,no,no,False
102187191,METROPOLITAN NASHVILLE POLICE DEPT,20180893429,Davidson,Nashville,10/23/2018 7:11:00 PM,2,0,0,36.203550,-86.738530,GALLATIN PKE,,,,0.00,,,E TRINITY LN,,,,0.00,Y,Four-Way,N,Intersection,None,,,         ,Marc,Kozen,Clear,"Sideswipe, Same Direction",no,no,no,no,no,False
102187192,METROPOLITAN NASHVILLE POLICE DEPT,20180893369,Davidson,Nashville,10/23/2018 5:55:00 PM,2,0,0,36.176910,-86.774580,SPRING ST,,,,0.00,,,N 1ST ST,,,,0.00,Y,Four-Way, ,Intersection,None,,,         ,David,Snowden,Clear,Angle,no,no,no,no,yes,False
102187193,METROPOLITAN NASHVILLE POLICE DEPT,20180893314,Davidson,Nashville,10/23/2018 4:58:00 PM,2,1,0,36.117790,-86.797020,BELMONT BLVD,,,,136.00,Feet,North,GALE LN,,,,0.00,N,Not at Intersection, ,Non-Junction,None,,,         ,Austin,Kendrick,Clear,Front to Rear,no,no,no,no,no,False
102187196,METROPOLITAN NASHVILLE POLICE DEPT,20180893301,Davidson,Nashville,10/23/2018 5:55:00 PM,2,0,0,36.148400,-86.761190,LAFAYETTE ST,,,,0.00,,,CLAIBORNE ST,,,,0.00,Y,Four-Way,N,Intersection,None,,,         ,Timothy,Mead,Clear,HeadOn,no,no,no,no,no,False
102187206,METROPOLITAN NASHVILLE POLICE DEPT,20180893238,Davidson,Nashville,10/23/2018 5:23:00 PM,2,0,0,36.215400,-86.588510,LEBANON PKE,,,,0.00,,,BIG HORN DR,,,,0.00,Y,Four-Way,N,Intersection,None,,,         ,Abbey,Sawl,Clear,Angle,no,no,no,no,no,False
102187211,METROPOLITAN NASHVILLE POLICE DEPT,20180893286,Davidson,Nashville,10/23/2018 5:45:00 PM,2,0,0,36.145040,-86.697310,I40 E ENT RAMP,,,,0.00,Feet,East,I40 W ENT RAMP,,,,0.00,N,Not at Intersection, ,Non-Junction,None,,,         ,Cheri,Cox,Clear,Front to Rear,no,no,no,no,no,False
102187222,METROPOLITAN NASHVILLE POLICE DEPT,20180892932,Davidson,Nashville,10/23/2018 3:17:00 PM,2,1,0,36.064660,-86.840960,ASHLAND DR,,,,0.00,,,OTTER CREEK RD,,,,0.00,Y,T-Intersection,N,Non-Junction,None,,,         ,Akira,McSwain,Clear,Angle,no,no,no,no,no,False
102187223,METROPOLITAN NASHVILLE POLICE DEPT,20180893171,Davidson,Nashville,10/23/2018 12:00:00 AM,2,0,0,36.159370,-86.796810,CHARLOTTE AV,,,,65.00,Feet,West,16TH AVN,,,,0.00,N,Not at Intersection,N,Non-Junction,None,,,         ,Akira,McSwain,Clear,Front to Rear,no,no,no,no,no,False
102187224,METROPOLITAN NASHVILLE POLICE DEPT,20180893385,Davidson,Nashville,10/23/2018 6:44:00 PM,2,0,0,36.115900,-86.785050,I 440,,,,0.00,,,,,,,4.25,N,Not at Intersection, ,,None,,,         ,Akira,McSwain,,,no,no,no,no,no,False
102187225,METROPOLITAN NASHVILLE POLICE DEPT,20180893478,Davidson,Nashville,10/23/2018 7:31:00 PM,3,0,0,36.153960,-86.818220,28TH AVN,,,,0.00,,,CHARLOTTE AV,,,,0.00,Y,Four-Way,N,Intersection,None,,,         ,Akira,McSwain,Clear,Angle,no,no,no,no,no,False
102187252,METROPOLITAN NASHVILLE POLICE DEPT,20180893770,Davidson,Nashville,10/23/2018 9:13:00 PM,2,0,0,36.153710,-86.721560,SPENCE LN,,,,0.00,,,LEBANON PKE,,,,0.00,Y,Four-Way,N,Intersection,None,,,         ,Johnathan,Pannell,Clear,Angle,no,no,no,no,yes,False
102187257,METROPOLITAN NASHVILLE POLICE DEPT,20180893263,Davidson,Nashville,10/23/2018 5:41:00 PM,2,0,0,36.045210,-86.716430,OLD HICKORY BLVD,,,,183.00,Feet,East,HICKORY PLZ,,,,0.00,N,Not at Intersection,N,Non-Junction,None,,,         ,Brandon,Hughes,Clear,Angle,no,no,no,no,no,False
102187264,METROPOLITAN NASHVILLE POLICE DEPT,20180892877,Davidson,Nashville,10/23/2018 2:05:00 PM,2,2,0,36.137850,-86.857710,KNOB RD,,,,0.00,,,WHITE BRIDGE PKE,,,,0.00,Y,OTHER, ,Non-Junction,None,,,         ,Torian,Cox,Clear,Angle,no,no,no,no,no,False
102187278,METROPOLITAN NASHVILLE POLICE DEPT,20180893362,Davidson,Nashville,10/23/2018 12:00:00 AM,3,2,0,36.069580,-86.774160,FRANKLIN PKE,,,,99.00,Feet,South,BRENTVIEW DR,,,,0.00,N,Not at Intersection,N,Non-Junction,None,,,         ,David,Robberson,Clear,Front to Rear,no,no,no,no,no,False
102187282,METROPOLITAN NASHVILLE POLICE DEPT,20180893245,Davidson,Nashville,10/23/2018 4:24:00 PM,2,0,0,36.044570,-86.658760,I24 E ENT RAMP,,,,0.00,Feet,East,I 24,,,,0.00,N,Not at Intersection,N,Non-Junction,None,,,         ,Melissa,Flores,Clear,"Sideswipe, Same Direction",no,no,no,no,no,False
102187283,METROPOLITAN NASHVILLE POLICE DEPT,20180893661,Davidson,Nashville,10/23/2018 8:47:00 PM,1,0,0,36.098590,-86.749500,VERITAS ST,,,,0.00,,,TROUSDALE DR,,,,0.00,Y,T-Intersection,N,Non-Junction,None,,,         ,Darryl,Williams,Clear,Not Collision with Motor Vehicle in Transport,no,no,no,no,yes,False
102187284,METROPOLITAN NASHVILLE POLICE DEPT,20180893798,Davidson,Nashville,10/23/2018 5:46:00 PM,2,0,0,36.044910,-86.686320,BELL RD,,,,677.00,Feet,South,BRENTRIDGE DR,,,,0.00,N,Not at Intersection,N,Non-Junction,None,,,         ,Andrew,Brazee,Clear,"Sideswipe, Same Direction",no,no,no,no,yes,False
102187291,METROPOLITAN NASHVILLE POLICE DEPT,20180893468,Davidson,Nashville,10/23/2018 5:36:00 PM,2,0,0,36.058190,-86.722580,MCMURRAY DR,,,,0.00,,,TUSCULUM RD,,,,0.00,Y,T-Intersection, ,Intersection,None,,,         ,Brandon,Hughes,Clear,Angle,no,no,no,no,no,False
102187298,METROPOLITAN NASHVILLE POLICE DEPT,20180893357,Davidson,Nashville,10/23/2018 5:55:00 PM,2,1,0,36.122040,-86.844920,NICHOLS CT,,,,0.00,,,WOODMONT BLVD,,,,0.00,Y,OTHER, ,Non-Junction,None,,,         ,Torian,Cox,Clear,Front to Rear,no,no,no,no,yes,False
102187372,METROPOLITAN NASHVILLE POLICE DEPT,20180893980,Davidson,Nashville,10/23/2018 11:23:00 PM,1,0,0,36.159530,-86.801200,DR D B TODD JR BLVD,,,,112.00,Feet,North,PEARL ST,,,,0.00,N,Not at Intersection,N,Non-Junction,Utility Zone,,,         ,Corey,Oakley,Clear,Not Collision with Motor Vehicle in Transport,no,no,no,no,no,False
102187374,METROPOLITAN NASHVILLE POLICE DEPT,20180893947,Davidson,Nashville,10/23/2018 12:00:00 AM,2,0,0,36.133020,-86.797100,PORTLAND AV,,,,31.00,Feet,East,18TH AVS,,,,0.00,N,Not at Intersection,N,Non-Junction,None,,,         ,Brian,Warstadt,Clear,Unknown,no,no,no,no,yes,False
102187390,METROPOLITAN NASHVILLE POLICE DEPT,20180893949,Davidson,Nashville,10/23/2018 10:00:00 PM,2,0,0,36.151360,-86.768300,I40 E ENT RAMP,,,,0.00,Feet,East,I 40,,,,0.00,N,Not at Intersection,N,Non-Junction,None,,,         ,Kyle,Berkheiser,Clear,Angle,no,no,no,no,yes,False
102187406,METROPOLITAN NASHVILLE POLICE DEPT,20180894395,Davidson,Nashville,10/24/2018 2:25:00 AM,2,0,0,36.154780,-86.761430,I24 W ENT RAMP,,,,0.00,Feet,East,I 40,,,,0.00,N,Not at Intersection,N,Non-Junction,None,,,         ,Joseph,Patricio,Clear,Angle,no,no,no,no,no,False
102187426,METROPOLITAN NASHVILLE POLICE DEPT,20180894431,Davidson,Nashville,10/24/2018 2:39:00 AM,2,1,0,36.151270,-86.691610,ELM HILL PKE,,,,0.00,,,ELM HILL PKE EB EXT RAMP,,,,0.00,Y,T-Intersection,N,Intersection-Related,None,,,         ,Curtis,Fisher,Clear,Angle,no,no,no,no,no,False
102187441,GOODLETTSVILLE POLICE DEPT,18-37509,Davidson,Goodlettsville,10/23/2018 8:28:00 PM,2,0,0,36.327350,-86.699610,LONG HOLLOW PKE,,,,208.00,Feet,South,LONG HOLLOW PIKE,,,,0.00,N,Not at Intersection,N,"Driveway, Alley Access, etc",None,,,         ,Benny,Alexander,Clear,Angle,no,no,no,no,yes,False
102187463,METROPOLITAN NASHVILLE POLICE DEPT,20180894342,Davidson,Nashville,10/23/2018 7:12:00 PM,2,1,0,36.071870,-86.636180,MURFREESBORO PKE,,,,0.00,Feet,,BELL RD,,,,0.00,Y,Four-Way,N,Intersection-Related,None,,,         ,Maccio,Hightower,Clear,Front to Rear,no,no,no,no,yes,False
102187508,METROPOLITAN NASHVILLE POLICE DEPT,20180894806,Davidson,Nashville,10/24/2018 6:48:00 AM,1,0,0,36.088600,-86.688220,EZELL PKE,,,,295.00,Feet,North,CORRECTIONS CENTER PVTDR,,,,0.00,N,Not at Intersection, ,,None,,,         ,Brian,Lamb,,,no,no,no,yes,no,False
102187515,METROPOLITAN NASHVILLE POLICE DEPT,20180894814,Davidson,Not in City Limit,10/24/2018 6:18:00 AM,2,0,0,36.321370,-86.855480,I 24,,,,0.00,,,,,,,35.70,N,Not at Intersection,N,Non-Junction,None,,,         ,James,Murphy,Clear,Front to Rear,no,no,no,no,no,False
102187518,METROPOLITAN NASHVILLE POLICE DEPT,20180892577,Davidson,Nashville,10/23/2018 12:35:00 PM,2,0,0,36.169280,-86.779510,GAY ST,,,,50.00,Feet,East,2ND AVN,,,,0.00,N,Not at Intersection, ,Non-Junction,None,,,         ,Wesley,Henderson,Clear,Front to Rear,no,no,no,no,no,False
102187520,GOODLETTSVILLE POLICE DEPT,18-37567,Davidson,Goodlettsville,10/24/2018 6:15:00 AM,2,0,0,36.325500,-86.701290,LONG HOLLOW PKE,,,,198.00,Feet,North,CONFERENCE DR,,,,0.00,N,Not at Intersection, ,Non-Junction,None,,,         ,George,Forbes,Clear,Angle,no,no,no,no,no,False
102187543,METROPOLITAN NASHVILLE POLICE DEPT,20180894829,Davidson,Nashville,10/24/2018 6:29:00 AM,2,1,0,36.235480,-86.724680,GALLATIN PKES,,,,88.00,Feet,North,BRILEY PKWYW,,,,0.00,N,Not at Intersection,N,Non-Junction,None,,,         ,Reuben,Hewit,Clear,Front to Rear,no,no,no,no,no,False
102187544,METROPOLITAN NASHVILLE POLICE DEPT,20180894881,Davidson,Nashville,10/24/2018 7:05:00 AM,2,0,0,36.169010,-86.600640,OLD HICKORY BLVD,,,,194.00,Feet,North,MILLS RD,,,,0.00,N,Not at Intersection, ,Non-Junction,None,,,         ,Tien,Nguyen,Clear,Angle,no,no,no,no,no,False
102187546,METROPOLITAN NASHVILLE POLICE DEPT,20180894845,Davidson,Nashville,10/24/2018 6:55:00 AM,3,0,0,36.155850,-86.827100,I 40,,,,0.00,,,,,,,205.65,N,Not at Intersection,N,Non-Junction,None,,,         ,Curtis,Rich,Clear,Angle,no,no,no,no,no,False
102187550,METROPOLITAN NASHVILLE POLICE DEPT,20180894812,Davidson,Not in City Limit,10/24/2018 6:18:00 AM,2,0,0,36.271440,-86.821780,OLD HICKORY BLVD,,,,1522.00,Feet,West,WHITES CREEK PKE,,,,0.00,N,Not at Intersection, ,Non-Junction,None,,,         ,John,Deiterick,Clear,Front to Rear,no,no,no,no,no,False
102187551,METROPOLITAN NASHVILLE POLICE DEPT,20180894884,Davidson,Nashville,10/24/2018 6:15:00 AM,2,0,0,36.242510,-86.785070,I 24,,,,0.00,,,,,,,43.20,N,Not at Intersection,N,Non-Junction,None,,,         ,Nicholas,Smith,Clear,"Sideswipe, Same Direction",no,no,no,no,yes,False
102187565,METROPOLITAN NASHVILLE POLICE DEPT,20180894932,Davidson,Nashville,10/24/2018 7:33:00 AM,2,1,0,36.078130,-86.657010,OAKWOOD FOREST DR,,,,0.00,Feet,,UNA ANTIOCH PKE,,,,0.00,Y,T-Intersection,N,Intersection,None,,,         ,Brian,Lamb,Clear,Angle,no,no,no,no,no,False
102187567,METROPOLITAN NASHVILLE POLICE DEPT,20180894856,Davidson,Nashville,10/24/2018 6:52:00 AM,1,0,0,36.110950,-86.713180,BRILEY PKWYN,,,,72.00,Feet,East,BRILEY PKWYS,,,,0.00,N,Not at Intersection,N,Non-Junction,None,,,         ,Charles,Wakefield,Clear,Not Collision with Motor Vehicle in Transport,no,no,no,no,no,False
102187568,METROPOLITAN NASHVILLE POLICE DEPT,20180894991,Davidson,Nashville,10/24/2018 7:57:00 AM,2,0,0,36.191360,-86.603760,CHANDLER RD,,,,476.00,Feet,North,SUMMIT RUN PL,,,,0.00,N,Not at Intersection, ,Non-Junction,None,,,         ,Tien,Nguyen,Clear,Angle,no,no,no,no,no,False
102187569,METROPOLITAN NASHVILLE POLICE DEPT,20180894892,Davidson,Nashville,10/24/2018 6:55:00 AM,4,0,0,36.155850,-86.827100,I 40,,,,0.00,,,,,,,205.65,N,Not at Intersection,N,Non-Junction,None,,,         ,Curtis,Rich,Clear,Front to Rear,no,no,no,no,yes,False
102187574,METROPOLITAN NASHVILLE POLICE DEPT,20180894890,Davidson,Nashville,10/24/2018 7:05:00 AM,2,0,0,36.140870,-86.719320,I 40,,,,0.00,,,,,,,213.70,N,Not at Intersection, ,Non-Junction,None,,,         ,Lee,Davis,Clear,Front to Rear,no,no,no,no,no,False
102187575,METROPOLITAN NASHVILLE POLICE DEPT,20180894868,Davidson,Nashville,10/24/2018 6:34:00 AM,2,0,0,36.039340,-86.736650,OLD HICKORY BLVD,,,,240.00,Feet,West,THRIBLE SPRINGS DR,,,,0.00,N,Not at Intersection,N,Non-Junction,None,,,         ,Alberta,Auguste,Clear,Front to Rear,no,no,no,no,no,False
102187585,METROPOLITAN NASHVILLE POLICE DEPT,20180894933,Davidson,Nashville,10/24/2018 6:57:00 AM,2,0,0,36.151080,-86.857810,WHITE BRIDGE PKE,,,,24.00,Feet,South,WHITE BRIDGE PL,,,,0.00,N,Not at Intersection,N,Non-Junction,None,,,         ,Jack,Crouch,Clear,"Sideswipe, Same Direction",no,no,no,no,yes,False
102187606,METROPOLITAN NASHVILLE POLICE DEPT,20180895038,Davidson,Nashville,10/24/2018 8:21:00 AM,2,0,0,36.174910,-86.614670,CENTRAL PKE,,,,138.00,Feet,West,DODSON CHAPEL RD,,,,0.00,N,Not at Intersection, ,Non-Junction,None,,,         ,Tien,Nguyen,Clear,Front to Rear,no,no,no,no,no,False
102187607,METROPOLITAN NASHVILLE POLICE DEPT,20180895011,Davidson,Nashville,10/24/2018 7:49:00 AM,2,0,0,36.176460,-86.768570,SPRING ST,,,,81.00,Feet,East,SPRING ST ENT RAMP,,,,0.00,N,Not at Intersection, ,Non-Junction,None,,,         ,Nicholas,Smith,Clear,Front to Rear,no,no,no,no,no,False
102187615,METROPOLITAN NASHVILLE POLICE DEPT,20180894948,Davidson,Nashville,10/24/2018 7:43:00 AM,4,0,0,36.157830,-86.759870,I 24,,,,0.00,,,,,,,49.60,N,Not at Intersection,N,Non-Junction,None,,,         ,Kyle,Eicholtz,Clear,Front to Rear,no,no,no,no,no,False
102187616,METROPOLITAN NASHVILLE POLICE DEPT,20180894927,Davidson,Nashville,10/24/2018 7:26:00 AM,2,0,0,36.153060,-86.848790,ALABAMA AV,,,,55.00,Feet,West,51ST AVN,,,,0.00,N,Not at Intersection, ,Entrance/Exit Ramp Related,None,,,         ,Darren,Key,Clear,Front to Rear,no,no,no,no,no,False
102187623,METROPOLITAN NASHVILLE POLICE DEPT,20180894987,Davidson,Nashville,10/24/2018 7:40:00 AM,2,0,0,36.089070,-86.649990,RANSOM PL,,,,0.00,,,MURFREESBORO PKE,,,,0.00,Y,Four-Way, ,Intersection,None,,,         ,Brian,Ewing,Clear,Angle,no,no,no,no,no,False
102187635,Nashville Airport Police,18-04299,Davidson,Nashville,10/24/2018 10:15:00 AM,2,0,0,36.126300,-86.677400,TERMINAL DRIVE,DR,SR1,1,200.00,Feet,West,DONELSON  PIKE,PIKE,SR55,1,0.00,N,Not at Intersection, ,Non-Junction,None,,,         ,Jerry,Lovell,Clear,"Sideswipe, Same Direction",no,no,no,no,no,False
102187673,METROPOLITAN NASHVILLE POLICE DEPT,20180895012,Davidson,Nashville,10/24/2018 7:25:00 AM,2,0,0,36.058100,-86.716080,NOLENSVILLE PKE,,,,336.00,Feet,South,TUSCULUM RD,,,,0.00,N,Not at Intersection, ,,None,,,         ,Alberta,Auguste,,,no,no,no,no,no,False
102187674,METROPOLITAN NASHVILLE POLICE DEPT,2018-0895048,Davidson,Nashville,10/24/2018 8:35:00 AM,2,0,0,36.116020,-86.789390,I 440,,,,0.00,,,,,,,4.00,N,Not at Intersection, ,Non-Junction,None,,,         ,Timothy,Edwards,Clear,Front to Rear,no,no,no,no,no,False
102187677,METROPOLITAN NASHVILLE POLICE DEPT,20180895169,Davidson,Nashville,10/24/2018 9:31:00 AM,2,0,0,36.142610,-86.735610,I 40,,,,0.00,,,,,,,212.75,N,Not at Intersection,N,Non-Junction,None,,,         ,Tien,Nguyen,Clear,"Sideswipe, Same Direction",no,no,no,no,no,False
102187678,METROPOLITAN NASHVILLE POLICE DEPT,20180895373,Davidson,Nashville,10/24/2018 10:57:00 AM,2,0,0,36.143960,-86.722570,ELM HILL PKE,,,,0.00,,,SPENCE LN,,,,0.00,Y,Four-Way, ,Intersection-Related,None,,,         ,Tien,Nguyen,Clear,Not Collision with Motor Vehicle in Transport,no,no,no,no,no,False
102187685,METROPOLITAN NASHVILLE POLICE DEPT,20180895092,Davidson,Nashville,10/24/2018 7:55:00 AM,3,0,0,36.206070,-86.771000,W TRINITY LN,,,,29.00,Feet,East,LUCAS LN,,,,0.00,N,Not at Intersection, ,Non-Junction,None,,,         ,Erik,Nash,Clear,Front to Rear,no,no,no,no,yes,False
102187686,METROPOLITAN NASHVILLE POLICE DEPT,20180895466,Davidson,Nashville,10/24/2018 11:22:00 AM,2,0,0,36.149550,-86.860410,CHARLOTTE PKE,,,,147.00,Feet,West,OCEOLA AV,,,,0.00,N,Not at Intersection, ,Non-Junction,None,,,         ,Curtis,Rich,Clear,Angle,no,no,no,no,no,False
102187687,METROPOLITAN NASHVILLE POLICE DEPT,20180895106,Davidson,Nashville,10/24/2018 8:22:00 AM,2,0,0,36.053640,-86.897820,OLD HICKORY BLVD,,,,277.00,Feet,East,GAUCHO ROAD PVTDR,,,,0.00,N,Not at Intersection,N,Non-Junction,None,,,         ,Curtis,Rich,Clear,Front to Rear,no,no,no,no,no,False
102187689,METROPOLITAN NASHVILLE POLICE DEPT,20180895205,Davidson,Nashville,10/24/2018 9:16:00 AM,2,0,0,36.165480,-86.780110,4TH AVN,,,,177.00,Feet,North,UNION ST,,,,0.00,N,Not at Intersection, ,OtherLocation,None,,,         ,Frank,Campbell,Clear,"Sideswipe, Same Direction",no,no,no,no,no,False
102187695,METROPOLITAN NASHVILLE POLICE DEPT,20180894844,Davidson,Nashville,10/24/2018 6:35:00 AM,2,0,0,36.040120,-86.780740,OLD HICKORY BLVD,,,,0.00,,,I65 N ENT RAMP,,,,0.00,Y,T-Intersection, ,Intersection-Related,None,,,         ,Jon,Mcvey,Clear,Angle,no,no,no,no,no,False
102187696,METROPOLITAN NASHVILLE POLICE DEPT,20180895000,Davidson,Nashville,10/24/2018 8:14:00 AM,2,1,0,36.088440,-86.792380,BATTERY LN,,,,409.00,Feet,West,LEALAND LN,,,,0.00,N,Not at Intersection,N,Non-Junction,None,,,         ,Jon,Mcvey,Clear,Front to Rear,no,no,no,no,no,False
102187697,METROPOLITAN NASHVILLE POLICE DEPT,20180895212,Davidson,Nashville,10/24/2018 9:48:00 AM,2,0,0,36.121040,-86.803210,I 440,,,,0.00,,,,,,,2.90,N,Not at Intersection, ,Non-Junction,None,,,         ,Jon,Mcvey,Clear,"Sideswipe, Same Direction",no,no,no,no,no,False
102187698,METROPOLITAN NASHVILLE POLICE DEPT,20180895474,Davidson,Nashville,10/24/2018 11:46:00 AM,1,0,0,36.125220,-86.752300,NOLENSVILLE PKE,,,,89.00,Feet,North,ROSEDALE AV,,,,0.00,N,Not at Intersection, ,Non-Junction,None,,,         ,Jon,Mcvey,Clear,Not Collision with Motor Vehicle in Transport,no,no,no,no,no,False
102187701,METROPOLITAN NASHVILLE POLICE DEPT,20180895053,Davidson,Nashville,10/24/2018 8:40:00 AM,3,2,0,36.111840,-86.722880,I 24,,,,0.00,,,,,,,53.55,N,Not at Intersection,N,Non-Junction,None,,,         ,Charles,Wakefield,Clear,Front to Rear,no,no,no,no,no,False
102187716,METROPOLITAN NASHVILLE POLICE DEPT,2018-0895264,Davidson,Nashville,10/24/2018 10:05:00 AM,2,1,0,36.241430,-86.757220,BRILEY PKWYW,,,,0.00,,,DICKERSON PKE,,,,0.00,Y,OTHER,N,OtherLocation,None,,,         ,Travis,Baxter,Clear,Not Collision with Motor Vehicle in Transport,no,no,no,no,no,False
102187742,METROPOLITAN NASHVILLE POLICE DEPT,20180895103,Davidson,Nashville,10/24/2018 7:15:00 AM,2,0,0,36.125060,-86.816030,SHARONDALE DR,,,,0.00,,,WOODLAWN DR,,,,0.00,Y,Four-Way,Y,Intersection,None,,,         ,Brian,Myatt,Clear,Angle,no,no,no,no,no,False
102187743,METROPOLITAN NASHVILLE POLICE DEPT,20180894994,Davidson,Nashville,10/24/2018 8:01:00 AM,2,1,0,36.172750,-86.825280,SCHRADER LN,,,,0.00,,,DR WALTER S DAVIS BLVD,,,,0.00,Y,T-Intersection,N,Intersection,None,,,         ,Patrick,Taylor,Clear,Angle,no,no,no,no,no,False
102187749,METROPOLITAN NASHVILLE POLICE DEPT,20180894944,Davidson,Nashville,10/24/2018 7:40:00 AM,2,0,0,36.109450,-86.728050,BRILEY PKWYN,,,,0.00,Feet,,EAST THOMPSON LN,,,,0.00,Y,Four-Way,N,Intersection-Related,None,,,         ,Michael,Dudley,Clear,Front to Rear,no,no,no,no,no,False