master_record_number,agency,agency_tracking_number,county,city,collision_date,vehicles_involved,number_injured,number_dead,latitude,longitude,roadway_name,roadway_suffix,roadway_number,roadway_local_id,distance_from_reference,miles-feet_indicator,direction_from_reference,intersection_road_name,intersection_road_name_suffix,intersection_road_number,intersection_local_id,mile_marker,intersection_indicator,intersect_type,interchange_related_indicator,relation_to_junction,work_zone_type,construction_maintenance_zone,construction_maintenance_zone_location,fatal_case_number,officer_first_name,officer_last_name,weather_condition(s),manner_of_crash,pedestrian,bicycle,scooter,parking,hitrun,mou
102187750,METROPOLITAN NASHVILLE POLICE DEPT,20180895266,Davidson,Nashville,10/24/2018 10:07:00 AM,2,0,0,36.156070,-86.773990,4TH AVS,,,,0.00,,,PEABODY ST,,,,0.00,Y,OTHER, ,OtherLocation,Construction Zone,,,         ,Marvin,Williams,Clear,Front to Rear,no,no,no,no,no,False
102187752,METROPOLITAN NASHVILLE POLICE DEPT,20180895545,Davidson,Nashville,10/24/2018 12:14:00 PM,2,0,0,36.150030,-86.748600,I 40,,,,0.00,,,,,,,211.70,N,Not at Intersection,N,Non-Junction,None,,,         ,Tien,Nguyen,Clear,"Sideswipe, Same Direction",no,no,no,no,yes,False
102187753,METROPOLITAN NASHVILLE POLICE DEPT,20180895483,Davidson,Nashville,10/24/2018 11:35:00 AM,2,0,0,36.168540,-86.813420,I40 E EXT RAMP,,,,0.00,Feet,East,I 40,,,,0.00,N,Not at Intersection, ,Non-Junction,None,,,         ,Isaac,Wood,Clear,Front to Rear,no,no,no,no,no,False
102187754,METROPOLITAN NASHVILLE POLICE DEPT,20180895611,Davidson,Nashville,10/24/2018 11:55:00 AM,1,0,0,36.166530,-86.862710,62ND AVN,,,,203.00,Feet,West,CALIFORNIA AV,,,,0.00,N,Not at Intersection, ,Non-Junction,None,,,         ,Curtis,Rich,Clear,Not Collision with Motor Vehicle in Transport,yes,no,no,no,no,False
102187756,METROPOLITAN NASHVILLE POLICE DEPT,20180895552,Davidson,Nashville,10/24/2018 12:00:00 PM,2,0,0,36.148360,-86.768930,4TH AVS,,,,224.00,Feet,South,OAK ST,,,,0.00,N,Not at Intersection, ,Non-Junction,None,,,         ,Todd,Watson,Clear,"Sideswipe, Same Direction",no,no,no,no,no,False
102187802,METROPOLITAN NASHVILLE POLICE DEPT,20180895154,Davidson,Not in City Limit,10/24/2018 8:15:00 AM,3,1,0,36.331690,-86.901660,I 24,,,,0.00,,,,,,,33.00,N,Not at Intersection,N,Non-Junction,None,,,         ,Jeanine,Sarno,Clear,Front to Rear,no,no,no,no,no,False
102187803,METROPOLITAN NASHVILLE POLICE DEPT,20180895318,Davidson,Not in City Limit,10/24/2018 8:19:00 AM,2,1,0,36.331690,-86.901660,I 24,,,,0.00,,,,,,,33.00,N,Not at Intersection,N,Non-Junction,None,,,         ,Jeanine,Sarno,Clear,Front to Rear,no,no,no,no,yes,False
102187806,METROPOLITAN NASHVILLE POLICE DEPT,20180895436,Davidson,Nashville,10/24/2018 11:24:00 AM,2,3,0,36.236520,-86.758000,-- UNKNOWN RAMP/ROAD --,,,,0.00,Feet,East,I 65,,,,0.00,N,Not at Intersection,N,Non-Junction,None,,,         ,Michael,Agee,Clear,HeadOn,no,no,no,no,no,False
102187816,METROPOLITAN NASHVILLE POLICE DEPT,2018892504,Davidson,Nashville,10/23/2018 11:29:00 AM,2,0,0,36.163550,-86.783320,UNION ST,,,,72.00,Feet,East,7TH AVN,,,,0.00,N,Not at Intersection, ,Non-Junction,None,,,         ,Cory,West,Clear,Angle,no,no,no,no,no,False
102187837,METROPOLITAN NASHVILLE POLICE DEPT,20180895635,Davidson,Nashville,10/24/2018 12:44:00 PM,2,0,0,36.151670,-86.676810,ELM HILL PKE,,,,58.00,Feet,East,EMERY DR,,,,0.00,N,Not at Intersection, ,Non-Junction,None,,,         ,Thomas,Odom,Clear,Front to Rear,no,no,no,no,no,False
102187895,VANDERBILT UNIVERSITY POLICE,2018-085685,Davidson,Nashville,10/24/2018 1:00:00 PM,2,0,0,36.147430,-86.799390,21ST AVS,,,,0.00,,,GRAND AV,,,,0.00,Y,T-Intersection, ,Non-Junction,None,,,         ,Lakosha,Goodloe,Clear,Front to Rear,no,no,no,no,no,Campus
102187905,METROPOLITAN NASHVILLE POLICE DEPT,20180895555,Davidson,Nashville,10/24/2018 12:15:00 PM,2,0,0,36.164510,-86.781060,5TH AVN,,,,0.00,,,UNION ST,,,,0.00,Y,Four-Way,N,Intersection,None,,,         ,Justin,Jackson,Clear,Front to Rear,no,no,no,no,no,False
102187906,METROPOLITAN NASHVILLE POLICE DEPT,20180894909,Davidson,Nashville,10/24/2018 7:21:00 AM,2,0,0,36.185880,-86.798070,I65 S EXT RAMP,,,,0.00,Feet,East,I 65,,,,0.00,N,Not at Intersection, ,Entrance/Exit Ramp Related,None,,,         ,Royce,McLester,Clear,Front to Rear,no,no,no,no,no,False
102187908,METROPOLITAN NASHVILLE POLICE DEPT,20180895154,Davidson,Not in City Limit,10/24/2018 8:19:00 AM,3,0,0,36.331290,-86.900750,I 24,,,,0.00,,,,,,,33.00,N,Not at Intersection, ,Non-Junction,None,,,         ,Victor,Alexander,Clear,Front to Rear,no,no,no,no,yes,False
102187909,METROPOLITAN NASHVILLE POLICE DEPT,20180894985,Davidson,Nashville,10/24/2018 7:54:00 AM,2,1,0,36.217330,-86.802820,WHITES CREEK PKE,,,,357.00,Feet,South,MOORMANS ARM RD,,,,0.00,N,Not at Intersection,N,Non-Junction,None,,,         ,Royce,McLester,Clear,Front to Rear,no,no,no,no,yes,False
102187911,METROPOLITAN NASHVILLE POLICE DEPT,20180895576,Davidson,Nashville,10/24/2018 12:21:00 PM,1,0,0,36.228420,-86.845120,BRILEY PKWYW,,,,1417.00,Feet,East,BRILEY PKWYE,,,,0.00,N,Not at Intersection,N,Non-Junction,None,,,         ,Victor,Alexander,Clear,Not Collision with Motor Vehicle in Transport,no,no,no,no,no,False
102187912,METROPOLITAN NASHVILLE POLICE DEPT,20180894962,Davidson,Nashville,10/24/2018 7:50:00 AM,3,1,0,36.202820,-86.776850,I 65,,,,0.00,,,,,,,87.05,N,Not at Intersection,N,Non-Junction,None,,,         ,James,Wray,Clear,Front to Rear,no,no,no,no,no,False
102187929,METROPOLITAN NASHVILLE POLICE DEPT,20180895099,Davidson,Nashville,10/24/2018 8:50:00 AM,2,1,0,36.137680,-86.726770,I 24,,,,0.00,,,,,,,52.35,N,Not at Intersection,N,Non-Junction,None,,,         ,Eric,Keller,Clear,Front to Rear,no,no,no,no,no,False
102187930,METROPOLITAN NASHVILLE POLICE DEPT,20180895206,Davidson,Nashville,10/24/2018 9:25:00 AM,2,0,0,36.109450,-86.728050,BRILEY PKWYN,,,,0.00,,,EAST THOMPSON LN,,,,0.00,Y,Four-Way, ,Non-Junction,None,,,         ,Eric,Keller,Clear,"Sideswipe, Same Direction",no,no,no,no,no,False
102187935,METROPOLITAN NASHVILLE POLICE DEPT,20180895753,Davidson,Nashville,10/24/2018 1:40:00 PM,2,0,0,36.112580,-86.689060,MCGAVOCK PKE,,,,113.00,Feet,South,MURFREESBORO PKE,,,,0.00,N,Not at Intersection, ,,None,,,         ,Eric,Keller,,,no,no,no,no,no,False
102187963,METROPOLITAN NASHVILLE POLICE DEPT,20180895728,Davidson,Nashville,10/24/2018 1:20:00 PM,2,0,0,36.132650,-86.727160,I 24,,,,0.00,,,,,,,52.00,N,Not at Intersection, ,Non-Junction,None,,,         ,Todd,Watson,Clear,"Sideswipe, Same Direction",no,no,no,no,no,False
102187975,METROPOLITAN NASHVILLE POLICE DEPT,20180895745,Davidson,Nashville,10/24/2018 1:35:00 PM,2,2,0,36.166240,-86.826740,33RD AVN,,,,0.00,,,CLOVER ST,,,,0.00,Y,T-Intersection,N,Non-Junction,None,,,         ,Isaac,Wood,Clear,Angle,no,no,no,no,no,False
102188014,METROPOLITAN NASHVILLE POLICE DEPT,20180895811,Davidson,Nashville,10/24/2018 1:39:00 PM,2,0,0,36.151960,-86.848840,CHARLOTTE AV,,,,78.00,Feet,West,51ST AVN,,,,0.00,N,Not at Intersection, ,Non-Junction,None,,,         ,Curtis,Rich,Clear,Front to Rear,no,no,no,no,no,False
102188036,GOODLETTSVILLE POLICE DEPT,18-37607,Davidson,Goodlettsville,10/24/2018 1:12:00 PM,3,0,0,36.305910,-86.693820,CONFERENCE DR,,,,0.00,,,RIVERGATE MALL PVTDR,,,,0.00,Y,T-Intersection,Y,Intersection,None,,,         ,George,Forbes,Clear,Angle,no,no,no,no,no,False
102188051,METROPOLITAN NASHVILLE POLICE DEPT,20180895870,Davidson,Nashville,10/24/2018 2:42:00 PM,2,0,0,36.100600,-86.764610,I 65,,,,0.00,,,,,,,79.10,N,Not at Intersection, ,,None,,,         ,Akira,McSwain,,,no,no,no,no,no,False
102188061,METROPOLITAN NASHVILLE POLICE DEPT,20180895996,Davidson,Nashville,10/24/2018 3:33:00 PM,2,0,0,36.106790,-86.768460,I 65,,,,0.00,,,,,,,79.50,N,Not at Intersection,N,Non-Junction,None,,,         ,Douglas,Sykes,Clear,Front to Rear,no,no,no,no,no,False
102188063,METROPOLITAN NASHVILLE POLICE DEPT,20180895915,Davidson,Nashville,10/24/2018 3:08:00 PM,2,0,0,36.074250,-86.972390,I 40,,,,0.00,,,,,,,195.30,N,Not at Intersection, ,Non-Junction,None,,,         ,Jeremy,Huffine,Clear,Angle,no,no,no,no,no,False
102188064,METROPOLITAN NASHVILLE POLICE DEPT,20180896012,Davidson,Nashville,10/24/2018 3:01:00 PM,2,0,0,36.052300,-86.775580,I 65,,,,0.00,,,,,,,74.70,N,Not at Intersection, ,Non-Junction,None,,,         ,Ryan,Coll,Clear,Angle,no,no,no,no,no,False
102188071,METROPOLITAN NASHVILLE POLICE DEPT,20180895893,Davidson,Nashville,10/24/2018 3:01:00 PM,2,1,0,36.168460,-86.813970,I40 E EXT RAMP,,,,0.00,Feet,East,I 40,,,,0.00,N,Not at Intersection,N,Entrance/Exit Ramp Related,None,,,         ,Christopher,Dickerson,Clear,HeadOn,no,no,no,no,no,False
102188072,METROPOLITAN NASHVILLE POLICE DEPT,20180895924,Davidson,Nashville,10/24/2018 3:00:00 PM,2,0,0,36.076110,-86.767730,I 65,,,,0.00,,,,,,,77.40,N,Not at Intersection, ,Non-Junction,None,,,         ,Garrett,Reingardt,Clear,Front to Rear,no,no,no,no,no,False
102188079,METROPOLITAN NASHVILLE POLICE DEPT,20180895979,Davidson,Nashville,10/24/2018 3:28:00 PM,2,0,0,36.168320,-86.815280,JEFFERSON ST,,,,330.00,Feet,East,I40 E EXT RAMP,,,,0.00,N,Not at Intersection, ,Non-Junction,None,,,         ,Russell,Jones,Clear,Front to Rear,no,no,no,no,no,False
102188085,METROPOLITAN NASHVILLE POLICE DEPT,20180896033,Davidson,Nashville,10/24/2018 3:45:00 PM,2,0,0,36.140830,-86.659360,I 40,,,,0.00,,,,,,,217.95,N,Not at Intersection, ,Non-Junction,None,,,         ,Brady,Reynolds,Clear,"Sideswipe, Same Direction",no,no,no,no,no,False
102188086,METROPOLITAN NASHVILLE POLICE DEPT,20180896048,Davidson,Nashville,10/24/2018 3:30:00 PM,2,0,0,36.169280,-86.862060,CENTENNIAL BLVD,,,,0.00,Feet,,LINDER INDUSTRIAL DR,,,,0.00,Y,Four-Way, ,Intersection,None,,,         ,Justin,Coyle,Clear,"Sideswipe, Same Direction",no,no,no,no,no,False
102188093,METROPOLITAN NASHVILLE POLICE DEPT,20180896027,Davidson,Nashville,10/24/2018 3:40:00 PM,2,0,0,36.125000,-86.772590,I 65,,,,0.00,,,,,,,80.70,N,Not at Intersection,N,Non-Junction,None,,,         ,Edin,Plancic,Clear,Front to Rear,no,no,no,no,no,False
102188097,METROPOLITAN NASHVILLE POLICE DEPT,20180896095,Davidson,Nashville,10/24/2018 4:06:00 PM,2,0,0,36.164680,-86.802180,HERMAN ST,,,,0.00,,,17TH AVN,,,,0.00,Y,OTHER,Y,Intersection,None,,,         ,Amery,Milligan,Clear,Other,no,no,no,no,yes,False
102188098,METROPOLITAN NASHVILLE POLICE DEPT,20180896042,Davidson,Nashville,10/24/2018 3:45:00 PM,2,2,0,36.043270,-86.689300,BELL RD,,,,1151.00,Feet,East,BENZING RD,,,,0.00,N,Not at Intersection,N,Non-Junction,None,,,         ,Eric,Keller,Clear,"Sideswipe, Same Direction",no,no,no,no,no,False
102188113,METROPOLITAN NASHVILLE POLICE DEPT,20180896086,Davidson,Nashville,10/24/2018 3:52:00 PM,2,0,0,36.186740,-86.795460,I65 N ENT RAMP,,,,0.00,Feet,East,I 65,,,,0.00,N,Not at Intersection, ,Non-Junction,None,,,         ,Melvin,Taylor,Clear,Front to Rear,no,no,no,no,no,False
102188142,METROPOLITAN NASHVILLE POLICE DEPT,20180896134,Davidson,Nashville,10/24/2018 4:10:00 PM,2,0,0,36.166190,-86.782120,5TH AVN,,,,137.00,Feet,North,CHARLOTTE AV,,,,0.00,N,Not at Intersection, ,Non-Junction,None,,,         ,Eric,Cunningham,Clear,"Sideswipe, Opposite Direction",no,no,no,no,no,False
102188145,METROPOLITAN NASHVILLE POLICE DEPT,20180896216,Davidson,Nashville,10/24/2018 4:40:00 PM,2,0,0,36.141400,-86.716150,I 40,,,,0.00,,,,,,,213.85,N,Not at Intersection,N,Non-Junction,None,,,         ,Kevin,Clausius,Clear,"Sideswipe, Same Direction",no,no,no,no,yes,False
102188146,VANDERBILT UNIVERSITY POLICE,20180895992,Davidson,Nashville,10/24/2018 3:20:00 PM,2,0,0,36.142590,-86.815500,31ST AVS,,,,0.00,,,31ST AVN,,,,0.00,Y,Four-Way, ,Intersection,None,,,         ,Mark,Clear,Clear,Front to Rear,no,no,no,no,no,Campus
102188151,METROPOLITAN NASHVILLE POLICE DEPT,20180896197,Davidson,Nashville,10/24/2018 4:47:00 PM,2,0,0,36.102180,-86.756270,ARMORY DR,,,,0.00,,,SIDCO DR,,,,0.00,Y,Four-Way,Y,Intersection,None,,,         ,Douglas,Sykes,Clear,"Sideswipe, Opposite Direction",no,no,no,no,no,False
102188153,METROPOLITAN NASHVILLE POLICE DEPT,20180896122,Davidson,Nashville,10/24/2018 4:15:00 PM,2,0,0,36.130213,-86.900609,CHARLOTTE PK,,,,0.00,,,CABOT DR,,,,0.00,Y,T-Intersection, ,Intersection-Related,None,,,         ,Jeremy,Huffine,Clear,Front to Rear,no,no,no,no,no,False
102188172,METROPOLITAN NASHVILLE POLICE DEPT,20180896212,Davidson,Nashville,10/24/2018 12:00:00 AM,2,0,0,36.124050,-86.746720,I 440,,,,0.00,,,,,,,6.45,N,Not at Intersection, ,Non-Junction,None,,,         ,Madison,Meiss,Clear,Front to Rear,no,no,no,no,no,False
102188180,METROPOLITAN NASHVILLE POLICE DEPT,20180896351,Davidson,Nashville,10/24/2018 5:30:00 PM,2,0,0,36.142770,-86.735970,I 40,,,,0.00,,,,,,,212.75,N,Not at Intersection, ,,None,,,         ,Darci,Stechman,,,no,no,no,no,no,False
102188183,METROPOLITAN NASHVILLE POLICE DEPT,20180896295,Davidson,Nashville,10/24/2018 5:17:00 PM,2,0,0,36.279770,-86.874030,CLARKSVILLE PKE,,,,208.00,Feet,West,OLD HICKORY BLVD,,,,0.00,N,Not at Intersection, ,Non-Junction,None,,,         ,Melvin,Taylor,Clear,"Sideswipe, Same Direction",no,no,no,no,no,False
102188188,METROPOLITAN NASHVILLE POLICE DEPT,20180896420,Davidson,Nashville,10/24/2018 5:45:00 PM,2,0,0,36.143260,-86.666660,DONELSON PKE,,,,718.00,Feet,South,SHACKLETT DR,,,,0.00,N,Not at Intersection, ,Non-Junction,None,,,         ,Allyson,Reis,Clear,Angle,no,no,no,no,no,False
102188189,METROPOLITAN NASHVILLE POLICE DEPT,20180896418,Davidson,Nashville,10/24/2018 5:45:00 PM,2,0,0,36.081340,-86.697010,I 24,,,,0.00,,,,,,,56.10,N,Not at Intersection,N,Non-Junction,None,,,         ,Devonte,Coleman,Clear,"Sideswipe, Same Direction",no,no,no,no,yes,False
102188190,METROPOLITAN NASHVILLE POLICE DEPT,20180896011,Davidson,Nashville,10/24/2018 3:15:00 PM,2,0,0,36.032140,-86.639080,OLD FRANKLIN RD,,,,0.00,,,,,,,0.00,,,N,Non-Junction,None,,,         ,Arend,Groeneweg,Clear,Front to Rear,no,no,no,no,no,False
102188191,METROPOLITAN NASHVILLE POLICE DEPT,20180896322,Davidson,Nashville,10/24/2018 5:11:00 PM,2,0,0,36.125100,-86.733650,I 440,,,,0.00,,,,,,,7.20,N,Not at Intersection, ,Non-Junction,None,,,         ,Ciarra,Rench,Clear,Angle,no,no,no,no,no,False
102188193,METROPOLITAN NASHVILLE POLICE DEPT,20180896342,Davidson,Nashville,10/24/2018 5:34:00 PM,2,0,0,36.164290,-86.794010,I 40,,,,0.00,,,,,,,208.45,N,Not at Intersection,N,Non-Junction,None,,,         ,Christopher,Dickerson,Clear,Front to Rear,no,no,no,no,no,False
102188197,THP District 7 - Lawrenceburg,318067576,Davidson,Nashville,10/11/2018 6:12:00 PM,2,0,0,36.124290,-86.744060,I 440,,,,0.00,,,,,,,6.60,N,Not at Intersection, ,,None,,,         ,Cameron,Chatman,,,no,no,no,no,no,False
102188204,METROPOLITAN NASHVILLE POLICE DEPT,20180895928,Davidson,Nashville,10/24/2018 2:02:00 PM,2,0,0,36.052300,-86.644820,BELL RD,,,,43.00,Feet,North,EAGLE VIEW BLVD,,,,0.00,N,Not at Intersection,N,Non-Junction,None,,,         ,Nathaniel,Myers,Clear,Front to Rear,no,no,no,no,yes,False
102188212,METROPOLITAN NASHVILLE POLICE DEPT,20180896252,Davidson,Nashville,10/24/2018 5:06:00 PM,2,0,0,36.153710,-86.771160,3RD AVS,,,,0.00,,,ELM ST,,,,0.00,Y,Four-Way, ,Intersection,None,,,         ,Joshua,Reece,Clear,Angle,no,no,no,no,no,False
102188213,METROPOLITAN NASHVILLE POLICE DEPT,20180896572,Davidson,Nashville,10/24/2018 4:55:00 PM,2,0,0,36.086720,-86.697810,HARDING PL,,,,0.00,,,I24 W EXT RAMP,,,,0.00,Y,OTHER,N,Entrance/Exit Ramp Related,None,,,         ,Johnathon,Birdwell,Clear,Front to Rear,no,no,no,no,no,False
102188237,METROPOLITAN NASHVILLE POLICE DEPT,20180896338,Davidson,Nashville,10/24/2018 5:07:00 PM,2,0,0,36.153980,-86.794550,17TH AVN,,,,82.00,Feet,North,WEST END AV,,,,0.00,N,Not at Intersection, ,,None,,,         ,FELIKS,ABRAHAMYAN,,,no,no,no,no,no,False
102188239,METROPOLITAN NASHVILLE POLICE DEPT,20180896595,Davidson,Nashville,10/24/2018 6:48:00 PM,2,0,0,36.084120,-86.706020,HARDING PL,,,,43.00,Feet,West,LINBAR DR,,,,0.00,N,Not at Intersection,N,Non-Junction,None,,,         ,Ciarra,Rench,Clear,Front to Rear,no,no,no,no,no,False
102188261,METROPOLITAN NASHVILLE POLICE DEPT,20180896117,Davidson,Nashville,10/24/2018 4:05:00 PM,2,1,0,36.044460,-86.687130,BELL RD,,,,952.00,Feet,South,BRENTRIDGE DR,,,,0.00,N,Not at Intersection,N,Non-Junction,None,,,         ,Sean,Weaver,Clear,Front to Rear,no,no,no,no,no,False
102188284,METROPOLITAN NASHVILLE POLICE DEPT,20180896627,Davidson,Nashville,10/24/2018 7:25:00 PM,2,1,0,36.130230,-86.700190,GOODBAR DR,,,,0.00,,,MASSMAN DR,,,,0.00,Y,Four-Way,Y,Non-Junction,None,,,         ,Brady,Reynolds,Clear,Angle,no,no,no,no,no,False
102188286,METROPOLITAN NASHVILLE POLICE DEPT,20180896257,Davidson,Nashville,10/24/2018 5:08:00 PM,2,2,0,36.156180,-86.802890,20TH AVN,,,,27.00,Feet,South,MURPHY AV,,,,0.00,N,Not at Intersection,N,Non-Junction,None,,,         ,Akira,McSwain,Clear,Angle,no,no,no,no,no,False
102188287,METROPOLITAN NASHVILLE POLICE DEPT,20180896527,Davidson,Nashville,10/24/2018 3:24:00 PM,3,0,0,36.115990,-86.787930,I 440,,,,0.00,,,,,,,3.90,N,Not at Intersection, ,,None,,,         ,Akira,McSwain,,,no,no,no,no,no,False
102188290,METROPOLITAN NASHVILLE POLICE DEPT,20180896667,Davidson,Nashville,10/24/2018 12:00:00 AM,2,0,0,36.079490,-86.695880,I 24,,,,0.00,,,,,,,56.25,N,Not at Intersection, ,Non-Junction,None,,,         ,Madison,Meiss,Clear,"Sideswipe, Same Direction",no,no,no,no,no,False
102188301,METROPOLITAN NASHVILLE POLICE DEPT,20180896603,Davidson,Nashville,10/24/2018 7:21:00 PM,2,0,0,36.036990,-86.784830,I65 S ENT RAMP,,,,0.00,Feet,East,I65 S EXT RAMP,,,,0.00,N,Not at Intersection, ,Non-Junction,None,,,         ,Ryan,Coll,Clear,Angle,no,no,no,no,yes,False
102188318,METROPOLITAN NASHVILLE POLICE DEPT,20180896502,Davidson,Nashville,10/24/2018 6:40:00 PM,3,0,0,36.113290,-86.772400,I 65,,,,0.00,,,,,,,80.00,N,Not at Intersection,N,Non-Junction,None,,,         ,FELIKS,ABRAHAMYAN,Clear,Front to Rear,no,no,no,no,no,False
102188322,METROPOLITAN NASHVILLE POLICE DEPT,20180896646,Davidson,Nashville,10/24/2018 7:40:00 PM,2,0,0,36.164330,-86.781480,UNION ST,,,,140.00,Feet,West,5TH AVN,,,,0.00,N,Not at Intersection,N,Non-Junction,None,,,         ,Roy,Sain Jr.,Clear,"Sideswipe, Same Direction",no,no,no,no,no,False
102188329,METROPOLITAN NASHVILLE POLICE DEPT,20180896749,Davidson,Not in City Limit,10/24/2018 8:24:00 PM,1,0,0,36.318390,-86.840200,I 24,,,,0.00,,,,,,,36.70,N,Not at Intersection, ,Non-Junction,None,,,         ,Melvin,Taylor,Clear,Not Collision with Motor Vehicle in Transport,no,no,no,no,no,False
102188346,METROPOLITAN NASHVILLE POLICE DEPT,20180896472,Davidson,Nashville,10/24/2018 6:29:00 PM,2,1,0,36.157920,-86.760430,I 24,,,,0.00,,,,,,,49.60,N,Not at Intersection,Y,Entrance/Exit Ramp Related,None,,,         ,Jason,King,Clear,"Sideswipe, Same Direction",no,no,no,no,no,False
102188358,METROPOLITAN NASHVILLE POLICE DEPT,20180896803,Davidson,Nashville,10/24/2018 8:34:00 PM,2,0,0,36.133590,-86.785550,10TH AVS,,,,1.00,Feet,South,ACKLEN AV,,,,0.00,N,Not at Intersection, ,Non-Junction,None,,,         ,Darryl,Williams,Clear,Angle,no,no,no,no,no,False
102188389,METROPOLITAN NASHVILLE POLICE DEPT,20180896823,Davidson,Nashville,10/24/2018 12:00:00 AM,2,0,0,36.051110,-86.652910,HICKORY HOLLOW MALL PVTDR PL,,,,417.00,Feet,South,RURAL HILL RD,,,,0.00,N,Not at Intersection,N,Non-Junction,None,,,         ,Akira,McSwain,Clear,"Sideswipe, Opposite Direction",no,no,no,yes,yes,False
102188395,METROPOLITAN NASHVILLE POLICE DEPT,20180896956,Davidson,Not in City Limit,10/24/2018 9:19:00 PM,1,0,0,36.276610,-86.806730,OLD HICKORY BLVD,,,,1000.00,Feet,West,BLEVINS RD,,,,0.00,N,Not at Intersection, ,Non-Junction,None,,,         ,Timothy,Skopek,Clear,Not Collision with Motor Vehicle in Transport,no,no,no,no,no,False
102188396,METROPOLITAN NASHVILLE POLICE DEPT,20180896639,Davidson,Nashville,10/24/2018 6:54:00 PM,3,0,0,36.075070,-86.662460,UNA ANTIOCH PKE,,,,0.00,,,BILLINGSGATE RD,,,,0.00,Y,T-Intersection,N,Intersection-Related,None,,,         ,William,Durham,Clear,Front to Rear,no,no,no,no,yes,False
102188397,METROPOLITAN NASHVILLE POLICE DEPT,20180896779,Davidson,Nashville,10/24/2018 5:48:00 PM,3,0,0,36.115920,-86.798620,BATTLEFIELD DR,,,,0.00,,,STOKES LN,,,,0.00,Y,Four-Way,N,Intersection,None,,,         ,FELIKS,ABRAHAMYAN,Clear,Angle,no,no,no,no,no,False
102188399,METROPOLITAN NASHVILLE POLICE DEPT,20180896910,Davidson,Nashville,10/24/2018 9:22:00 PM,2,0,0,36.171570,-86.768070,I 24,,,,0.00,,,,,,,48.35,N,Not at Intersection, ,Non-Junction,None,,,         ,Gordon,Stovall,Clear,Front to Rear,no,no,no,no,no,False
102188401,METROPOLITAN NASHVILLE POLICE DEPT,20180896931,Davidson,Nashville,10/24/2018 9:34:00 PM,2,0,0,36.129000,-86.715850,MURFREESBORO PKE,,,,0.00,,,,,,,0.00,,, ,"Driveway, Alley Access, etc",None,,,         ,Andrew,Brazee,Clear,Rear to Rear,no,no,no,yes,no,False
102188405,METROPOLITAN NASHVILLE POLICE DEPT,20180896878,Davidson,Nashville,10/24/2018 9:08:00 PM,3,0,0,36.151840,-86.791620,MUSIC SQE,,,,0.00,,,DIVISION ST,,,,0.00,Y,Traffic Circle, ,Intersection-Related,None,,,         ,Eric,Burford,Clear,Front to Rear,no,no,no,no,no,False
102188442,METROPOLITAN NASHVILLE POLICE DEPT,20180897010,Davidson,Nashville,10/24/2018 9:55:00 PM,2,0,0,36.177310,-86.748850,WOODLAND ST,,,,112.00,Feet,West,N 12TH ST,,,,0.00,N,Not at Intersection,N,Non-Junction,None,,,         ,Trevor,Jones,Clear,"Sideswipe, Same Direction",no,no,no,no,no,False
102188444,METROPOLITAN NASHVILLE POLICE DEPT,20180896661,Davidson,Nashville,10/24/2018 6:48:00 PM,2,0,0,36.046970,-86.680120,BELL RD,,,,0.00,,,BRENTRIDGE CIR,,,,0.00,Y,T-Intersection,N,Intersection,None,,,         ,Matthew,Turppa,Clear,Angle,no,no,no,no,no,False
102188476,METROPOLITAN NASHVILLE POLICE DEPT,20180897095,Davidson,Nashville,10/24/2018 10:52:00 PM,2,1,0,36.144320,-86.693800,I 40,,,,0.00,,,,,,,215.10,N,Not at Intersection,N,Non-Junction,None,,,         ,Curtis,Fisher,Clear,"Sideswipe, Same Direction",no,no,no,no,no,False
102188483,METROPOLITAN NASHVILLE POLICE DEPT,20180897158,Davidson,Nashville,10/24/2018 11:22:00 PM,2,2,0,36.191730,-86.783600,I 65,,,,0.00,,,,,,,86.10,N,Not at Intersection,N,Non-Junction,None,,,         ,James,Murphy,Clear,Front to Rear,no,no,no,no,no,False
102188484,METROPOLITAN NASHVILLE POLICE DEPT,20180897128,Davidson,Nashville,10/24/2018 10:50:00 PM,2,0,0,36.104130,-86.715960,I 24,,,,0.00,,,,,,,54.20,N,Not at Intersection,N,Non-Junction,None,,,         ,David,Smith,Clear,Angle,no,no,no,no,no,False
102188488,METROPOLITAN NASHVILLE POLICE DEPT,20180897088,Davidson,Nashville,10/24/2018 10:50:00 PM,2,0,0,36.104450,-86.716480,I 24,,,,0.00,,,,,,,54.20,N,Not at Intersection,N,Non-Junction,None,,,         ,Robert,Erickson,Clear,"Sideswipe, Same Direction",no,no,no,no,no,False
102188489,METROPOLITAN NASHVILLE POLICE DEPT,20180897277,Davidson,Nashville,10/25/2018 12:14:00 AM,1,1,0,36.118300,-86.700320,MURFREESBORO PKE,,,,0.00,,,BRILEY PKWYS,,,,0.00,Y,Four-Way,N,Intersection,None,,,         ,Ralph,Smith IV,Clear,Not Collision with Motor Vehicle in Transport,no,no,no,no,no,False