master_record_number,agency,agency_tracking_number,county,city,collision_date,vehicles_involved,number_injured,number_dead,latitude,longitude,roadway_name,roadway_suffix,roadway_number,roadway_local_id,distance_from_reference,miles-feet_indicator,direction_from_reference,intersection_road_name,intersection_road_name_suffix,intersection_road_number,intersection_local_id,mile_marker,intersection_indicator,intersect_type,interchange_related_indicator,relation_to_junction,work_zone_type,construction_maintenance_zone,construction_maintenance_zone_location,fatal_case_number,officer_first_name,officer_last_name,weather_condition(s),manner_of_crash,pedestrian,bicycle,scooter,parking,hitrun,mou
102190536,METROPOLITAN NASHVILLE POLICE DEPT,20180901985,Davidson,Nashville,10/26/2018 2:25:00 PM,1,0,0,36.230040,-86.762890,EWING DR,,,,897.00,Feet,East,RICH ACRES DR,,,,0.00,N,Not at Intersection,N,Non-Junction,None,,,         ,Joshua,Murray,Rain,Not Collision with Motor Vehicle in Transport,no,no,no,no,no,False
102190537,METROPOLITAN NASHVILLE POLICE DEPT,20180901971,Davidson,Nashville,10/26/2018 2:18:00 PM,2,1,0,36.144080,-86.738840,I 40,,,,0.00,,,,,,,212.40,N,Not at Intersection,N,Non-Junction,None,,,         ,Jon,Mcvey,Rain,Front to Rear,no,no,no,no,no,False
102190539,METROPOLITAN NASHVILLE POLICE DEPT,20180901935,Davidson,Nashville,10/26/2018 1:59:00 PM,2,0,0,36.152330,-86.766520,I 40,,,,0.00,,,,,,,210.60,N,Not at Intersection,N,Non-Junction,None,,,         ,Johnathan,Pannell,Rain,Front to Rear,no,no,no,no,no,False
102190579,METROPOLITAN NASHVILLE POLICE DEPT,20180902154,Davidson,Nashville,10/26/2018 3:46:00 PM,2,0,0,36.198440,-86.620270,LEBANON PKE,,,,0.00,,,OLD HICKORY BLVD,,,,0.00,Y,Four-Way, ,,None,,,         ,Tyler,Hall,,,no,no,no,no,no,False
102190583,METROPOLITAN NASHVILLE POLICE DEPT,20180902029,Davidson,Nashville,10/26/2018 2:49:00 PM,2,0,0,36.113290,-86.772400,I 65,,,,0.00,,,,,,,80.00,N,Not at Intersection, ,Non-Junction,None,,,         ,FELIKS,ABRAHAMYAN,Rain,Front to Rear,no,no,no,no,no,False
102190612,METROPOLITAN NASHVILLE POLICE DEPT,20180902111,Davidson,Nashville,10/26/2018 1:15:00 PM,2,0,0,36.166990,-86.659410,LEBANON PKE,,,,829.00,Feet,East,EDDINGS LN,,,,0.00,N,Not at Intersection, ,,None,,,         ,Allyson,Reis,,,no,no,no,yes,no,False
102190615,METROPOLITAN NASHVILLE POLICE DEPT,20180902033,Davidson,Nashville,10/26/2018 2:40:00 PM,2,0,0,36.142370,-86.709520,I 40,,,,0.00,,,,,,,214.25,N,Not at Intersection, ,Non-Junction,None,,,         ,Brady,Reynolds,Rain,Front to Rear,no,no,no,no,no,False
102190616,METROPOLITAN NASHVILLE POLICE DEPT,20180901835,Davidson,Nashville,10/26/2018 1:18:00 PM,2,0,0,36.210410,-86.872570,BRILEY PKWY S EXT RAMP,,,,0.00,Feet,East,ASHLAND CITY HWY EB ENT RAMP,,,,0.00,N,Not at Intersection,N,Entrance/Exit Ramp Related,None,,,         ,Victor,Alexander,Rain,Front to Rear,no,no,no,no,no,False
102190617,METROPOLITAN NASHVILLE POLICE DEPT,20180901947,Davidson,Nashville,10/26/2018 2:09:00 PM,2,1,0,36.198180,-86.839070,NORTH GATE SHOPPING CTR PVTDR,,,,0.00,Feet,East,ASHLAND CITY HWY,,,,0.00,N,Not at Intersection,N,Non-Junction,None,,,         ,Victor,Alexander,Rain,Front to Rear,no,no,no,yes,no,False
102190619,METROPOLITAN NASHVILLE POLICE DEPT,20180902147,Davidson,Nashville,10/26/2018 3:45:00 PM,2,1,0,36.088490,-86.716940,PARAGON MILLS RD,,,,46.00,Feet,East,BENITA DR,,,,0.00,N,Not at Intersection,N,Non-Junction,None,,,         ,Eric,Keller,Cloudy,Front to Rear,no,no,no,no,no,False
102190642,METROPOLITAN NASHVILLE POLICE DEPT,20180902128,Davidson,Nashville,10/26/2018 3:30:00 PM,2,1,0,36.170400,-86.768450,INTERSTATE DR,,,,0.00,,,WOODLAND ST,,,,0.00,Y,Four-Way,N,Intersection,None,,,         ,Steven,Fisher,Rain,Angle,no,no,no,no,no,False
102190651,METROPOLITAN NASHVILLE POLICE DEPT,20180902205,Davidson,Nashville,10/26/2018 3:55:00 PM,2,0,0,36.153710,-86.771160,ELM ST,,,,0.00,,,3RD AVS,,,,0.00,Y,Four-Way, ,,None,,,         ,Timothy,Mead,,,no,no,no,no,no,False
102190655,METROPOLITAN NASHVILLE POLICE DEPT,20180902193,Davidson,Nashville,10/26/2018 1:55:00 PM,2,0,0,36.152790,-86.756350,FAIRFIELD AV,,,,0.00,,,GREEN ST,,,,0.00,Y,T-Intersection,N,Non-Junction,None,,,         ,Johnathan,Pannell,Rain,Front to Rear,no,no,no,no,no,False
102190657,METROPOLITAN NASHVILLE POLICE DEPT,20180902092,Davidson,Nashville,10/26/2018 12:00:00 AM,2,0,0,36.154020,-86.765180,ACADEMY PL,,,,0.00,,,LINDSLEY AV,,,,0.00,Y,T-Intersection,Y,Intersection,None,,,         ,Trevor,Taylor,Rain,Front to Rear,no,no,no,no,yes,False
102190659,METROPOLITAN NASHVILLE POLICE DEPT,20180901922,Davidson,Nashville,10/26/2018 1:50:00 PM,2,0,0,36.153250,-86.775530,6TH AVS,,,,0.00,,,LAFAYETTE ST,,,,0.00,Y,Four-Way, ,,None,,,         ,Michael,Douglas,,,no,no,no,no,no,False
102190660,METROPOLITAN NASHVILLE POLICE DEPT,20180902187,Davidson,Nashville,10/26/2018 4:03:00 PM,2,0,0,36.114810,-86.772960,I 65,,,,0.00,,,,,,,80.10,N,Not at Intersection, ,,None,,,         ,FELIKS,ABRAHAMYAN,,,no,no,no,no,no,False
102190661,METROPOLITAN NASHVILLE POLICE DEPT,20180902102,Davidson,Goodlettsville,10/26/2018 3:03:00 PM,3,0,0,36.291310,-86.721590,I 65,,,,0.00,,,,,,,94.35,N,Not at Intersection,N,Non-Junction,None,,,         ,Christopher,Littles,Rain,"Sideswipe, Same Direction",no,no,no,no,yes,False
102190688,METROPOLITAN NASHVILLE POLICE DEPT,20180902064,Davidson,Nashville,10/26/2018 3:10:00 PM,3,0,0,36.166440,-86.864540,63RD AVN,,,,125.00,Feet,South,PENNSYLVANIA AV,,,,0.00,N,Not at Intersection,N,Non-Junction,None,,,         ,Jeremy,Spears,Rain,Front to Rear,no,no,no,no,yes,False
102190694,METROPOLITAN NASHVILLE POLICE DEPT,20180902026,Davidson,Nashville,10/26/2018 2:35:00 PM,2,1,0,36.221600,-86.837410,CLARKSVILLE PKE,,,,14.00,Feet,South,FAIRMEADE DR,,,,0.00,N,Not at Intersection, ,Non-Junction,None,,,         ,Kayla,Castro,Rain,Front to Rear,no,no,no,no,no,False
102190721,METROPOLITAN NASHVILLE POLICE DEPT,20180902258,Davidson,Nashville,10/26/2018 4:43:00 PM,3,1,0,36.129140,-86.772860,I 65,,,,0.00,,,,,,,81.00,N,Not at Intersection,N,Non-Junction,None,,,         ,FELIKS,ABRAHAMYAN,Rain,Front to Rear,no,no,no,no,yes,False
102190722,METROPOLITAN NASHVILLE POLICE DEPT,20180902169,Davidson,Goodlettsville,10/26/2018 4:03:00 PM,2,0,0,36.295650,-86.716130,I 65,,,,0.00,,,,,,,94.75,N,Not at Intersection,N,Non-Junction,None,,,         ,Derek,Sibley,Rain,Front to Rear,no,no,no,no,no,False
102190737,METROPOLITAN NASHVILLE POLICE DEPT,20180902173,Davidson,Nashville,10/26/2018 3:29:00 PM,2,0,0,36.173730,-86.791970,REV DR ENOCH JONES BLVD,,,,79.00,Feet,West,MADISON ST,,,,0.00,N,Not at Intersection, ,Non-Junction,None,,,         ,Melvin,Taylor,Clear,Front to Rear,no,no,no,no,no,False
102190740,METROPOLITAN NASHVILLE POLICE DEPT,20180902145,Davidson,Nashville,10/26/2018 3:49:00 PM,2,0,0,36.106360,-86.673430,MURFREESBORO PKE,,,,123.00,Feet,West,DONELSON PKE,,,,0.00,N,Not at Intersection, ,Non-Junction,None,,,         ,Marcus,Darden,Rain,"Sideswipe, Same Direction",no,no,no,no,no,False
102190741,METROPOLITAN NASHVILLE POLICE DEPT,20180902252,Davidson,Not in City Limit,10/26/2018 4:40:00 PM,1,1,0,36.000580,-86.639230,OLD HICKORY BLVD,,,,995.00,Feet,West,CANE RIDGE RD,,,,0.00,N,Not at Intersection,N,Non-Junction,None,,,         ,William,Durham,Rain,Not Collision with Motor Vehicle in Transport,no,no,no,no,no,False
102190744,METROPOLITAN NASHVILLE POLICE DEPT,20180902162,Davidson,Nashville,10/26/2018 3:57:00 PM,2,2,0,36.138630,-86.800630,21ST AVS,,,,0.00,Feet,East,CHILDRENS WAY,,,,0.00,N,Not at Intersection,N,Non-Junction,None,,,         ,Randall,Ward,Rain,Angle,no,no,no,no,no,Campus
102190746,METROPOLITAN NASHVILLE POLICE DEPT,20180902232,Davidson,Nashville,10/26/2018 4:22:00 PM,2,1,0,36.164900,-86.794850,12TH AVN,,,,0.00,,,CLINTON ST,,,,0.00,Y,OTHER,Y,Non-Junction,None,,,         ,Kayla,Castro,Rain,Angle,no,no,no,no,no,False
102190750,METROPOLITAN NASHVILLE POLICE DEPT,20180902327,Davidson,Nashville,10/26/2018 5:24:00 PM,2,0,0,36.112020,-86.709620,CURREY RD,,,,30.00,Feet,North,BRILEY PKWYN,,,,0.00,N,Not at Intersection, ,Non-Junction,None,,,         ,Ryan,Sherry,Rain,Front to Rear,no,no,no,no,no,False
102190751,METROPOLITAN NASHVILLE POLICE DEPT,20180902194,Davidson,Antioch,10/26/2018 4:00:00 PM,2,0,0,36.012270,-86.617960,I 24,,,,0.00,,,,,,,62.75,N,Not at Intersection,N,Non-Junction,None,,,         ,Eric,Wegener,Rain,"Sideswipe, Same Direction",no,no,no,no,no,False
102190754,METROPOLITAN NASHVILLE POLICE DEPT,20180902348,Davidson,Nashville,10/26/2018 5:15:00 PM,2,0,0,36.124730,-86.789580,GILMORE AV,,,,0.00,Feet,East,12TH AVS,,,,0.00,N,Not at Intersection, ,Non-Junction,None,,,         ,Conor,Cronin,Rain,Front to Rear,no,no,no,no,no,False
102190755,METROPOLITAN NASHVILLE POLICE DEPT,20180902304,Davidson,Nashville,10/26/2018 4:50:00 PM,2,0,0,36.082000,-86.758290,TROUSDALE DR,,,,326.00,Feet,North,HARDING PL,,,,0.00,N,Not at Intersection, ,Non-Junction,None,,,         ,Garrett,Reingardt,Rain,Angle,no,no,no,no,no,False
102190802,METROPOLITAN NASHVILLE POLICE DEPT,20180902422,Davidson,Nashville,10/26/2018 5:42:00 PM,2,0,0,36.226310,-86.603190,SAUNDERSVILLE RD,,,,0.00,,,SHUTE LN,,,,0.00,Y,OTHER,N,Non-Junction,None,,,         ,Tyler,Hall,Rain,"Sideswipe, Opposite Direction",no,no,no,no,no,False
102190803,METROPOLITAN NASHVILLE POLICE DEPT,20180902407,Davidson,Nashville,10/26/2018 5:50:00 PM,2,0,0,36.128360,-86.712760,PHILFRE CT,,,,103.00,Feet,East,MURFREESBORO PKE,,,,0.00,N,Not at Intersection, ,Non-Junction,None,,,         ,Brady,Reynolds,Clear,Angle,no,no,no,no,no,False
102190807,METROPOLITAN NASHVILLE POLICE DEPT,20180902340,Davidson,Nashville,10/26/2018 4:47:00 PM,2,1,0,36.133650,-86.759110,CRAIGHEAD ST,,,,141.00,Feet,South,NOLENSVILLE PKE,,,,0.00,N,Not at Intersection,N,Non-Junction,None,,,         ,Nicholas,Kulp,Clear,Front to Rear,no,no,no,no,no,False
102190812,METROPOLITAN NASHVILLE POLICE DEPT,20180902328,Davidson,Nashville,10/26/2018 4:51:00 PM,2,0,0,36.250010,-86.741290,I 65,,,,0.00,,,,,,,91.20,N,Not at Intersection, ,,None,,,         ,Christopher,Littles,,,no,no,no,no,no,False
102190813,METROPOLITAN NASHVILLE POLICE DEPT,20180902430,Davidson,Not in City Limit,10/26/2018 6:08:00 PM,2,0,0,36.274050,-86.689430,MYATT DR,,,,707.00,Feet,North,ANDERSON LN,,,,0.00,N,Not at Intersection,N,Non-Junction,None,,,         ,Christopher,Littles,Cloudy,Front to Rear,no,no,no,no,no,False
102190814,METROPOLITAN NASHVILLE POLICE DEPT,20180902404,Davidson,Not in City Limit,10/26/2018 4:51:00 PM,1,0,0,36.321450,-86.853550,I 24,,,,0.00,,,,,,,35.80,N,Not at Intersection, ,Non-Junction,None,,,         ,Melvin,Taylor,Clear,Not Collision with Motor Vehicle in Transport,no,no,no,no,no,False
102190815,METROPOLITAN NASHVILLE POLICE DEPT,20180902226,Davidson,Nashville,10/26/2018 4:20:00 PM,4,1,0,36.134310,-86.894910,I 40,,,,0.00,,,,,,,201.40,N,Not at Intersection,Y,Entrance/Exit Ramp Related,None,,,         ,John,Hoesli,Rain,Front to Rear,no,no,no,no,yes,False
102190834,BERRY HILL POLICE DEPT,18-3840,Davidson,Berry Hill,10/26/2018 12:00:00 AM,2,0,0,36.128590,-86.777890,FRANKLIN PKE,,,,0.00,,,8TH AVS,,,,0.00,Y,Four-Way, ,Intersection,None,,,         ,John,Gleixner,Rain,Angle,no,no,no,no,no,False
102190844,METROPOLITAN NASHVILLE POLICE DEPT,20180902462,Davidson,Nashville,10/26/2018 6:05:00 PM,2,0,0,36.044710,-86.658220,I 24,,,,0.00,,,,,,,59.50,N,Not at Intersection,N,Non-Junction,None,,,         ,Eric,Wegener,Rain,Front to Rear,no,no,no,no,no,False
102190846,METROPOLITAN NASHVILLE POLICE DEPT,20180902405,Davidson,Nashville,10/26/2018 4:43:00 PM,2,0,0,36.102340,-86.675020,DONELSON PKE,,,,1518.00,Feet,South,MURFREESBORO PKE,,,,0.00,N,Not at Intersection,N,Non-Junction,None,,,         ,Marcus,Darden,Rain,Front to Rear,no,no,no,no,yes,False
102190848,METROPOLITAN NASHVILLE POLICE DEPT,20180902484,Davidson,Nashville,10/26/2018 6:30:00 PM,2,1,0,36.079600,-86.726320,NOLENSVILLE PKE,,,,0.00,Feet,East,HARDING PL,,,,0.00,N,Not at Intersection, ,Non-Junction,None,,,         ,Conor,Cronin,Rain,Angle,no,no,no,no,no,False
102190849,METROPOLITAN NASHVILLE POLICE DEPT,20180902078,Davidson,Nashville,10/26/2018 4:23:00 PM,2,0,0,36.151840,-86.791620,MUSIC SQE,,,,0.00,,,DIVISION ST,,,,0.00,Y,Roundabout, ,Intersection-Related,None,,,         ,Gary,Peters,Rain,Front to Rear,no,no,no,no,no,False
102190866,METROPOLITAN NASHVILLE POLICE DEPT,20180902464,Davidson,Nashville,10/26/2018 4:22:00 PM,4,0,0,36.110280,-86.770500,I 65,,,,0.00,,,,,,,79.75,N,Not at Intersection, ,Non-Junction,None,,,         ,Ryan,Coll,Rain,Front to Rear,no,no,no,no,no,False
102190867,METROPOLITAN NASHVILLE POLICE DEPT,20180902142,Davidson,Not in City Limit,10/26/2018 3:49:00 PM,2,0,0,36.068860,-86.941310,BAUGH RD,,,,45.00,Feet,East,BELLEVUE RD,,,,0.00,N,Not at Intersection, ,Non-Junction,None,,,         ,Alexander,Donald,Cloudy,"Sideswipe, Opposite Direction",no,no,no,no,no,False
102190868,METROPOLITAN NASHVILLE POLICE DEPT,20180902297,Davidson,Nashville,10/26/2018 3:58:00 PM,3,0,0,36.041390,-86.822650,OLD HICKORY BLVD,,,,365.00,Feet,West,HICKORY SPRINGS RD,,,,0.00,N,Not at Intersection,N,Non-Junction,None,,,         ,Nicholas,Carroll,Rain,Front to Rear,no,no,no,no,yes,False
102190881,METROPOLITAN NASHVILLE POLICE DEPT,20180902461,Davidson,Nashville,10/26/2018 6:19:00 PM,4,0,0,36.122160,-86.753190,I 440,,,,0.00,,,,,,,6.20,N,Not at Intersection,N,Non-Junction,None,,,         ,Randall,Ward,Rain,Front to Rear,no,no,no,no,no,False
102190882,METROPOLITAN NASHVILLE POLICE DEPT,20180902531,Davidson,Nashville,10/26/2018 6:51:00 PM,2,0,0,36.035030,-86.643360,I 24,,,,0.00,,,,,,,60.55,N,Not at Intersection, ,Non-Junction,None,,,         ,William,Durham,Rain,"Sideswipe, Same Direction",no,no,no,no,no,False
102190884,METROPOLITAN NASHVILLE POLICE DEPT,20180902515,Davidson,Nashville,10/26/2018 6:45:00 PM,2,0,0,36.202600,-86.776850,I 65,,,,0.00,,,,,,,86.95,N,Not at Intersection, ,Non-Junction,None,,,         ,Melvin,Taylor,Clear,Front to Rear,no,no,no,no,no,False
102190887,METROPOLITAN NASHVILLE POLICE DEPT,20180902518,Davidson,Nashville,10/26/2018 6:46:00 PM,2,0,0,36.206960,-86.776420,I 65,,,,0.00,,,,,,,87.35,N,Not at Intersection, ,Non-Junction,None,,,         ,Eric,McCoy,Cloudy,Front to Rear,no,no,no,no,no,False
102190889,METROPOLITAN NASHVILLE POLICE DEPT,20180902517,Davidson,Nashville,10/26/2018 6:25:00 PM,2,0,0,36.194090,-86.618280,OLD HICKORY BLVD,,,,72.00,Feet,South,HERMITAGE MARKETPLACE PVTDR,,,,0.00,N,Not at Intersection, ,,None,,,         ,Allyson,Reis,,,no,no,no,no,no,False
102190890,METROPOLITAN NASHVILLE POLICE DEPT,20180902389,Davidson,Nashville,10/26/2018 5:49:00 PM,3,2,0,36.148940,-86.774500,I 40,,,,0.00,,,,,,,210.15,N,Not at Intersection,N,Non-Junction,None,,,         ,FELIKS,ABRAHAMYAN,Rain,Front to Rear,no,no,no,no,no,False
102190891,METROPOLITAN NASHVILLE POLICE DEPT,20180902513,Davidson,Nashville,10/26/2018 6:30:00 PM,2,0,0,36.143310,-86.686360,I 40,,,,0.00,,,,,,,215.50,N,Not at Intersection, ,Non-Junction,None,,,         ,Darci,Stechman,Cloudy,"Sideswipe, Same Direction",no,no,no,no,no,False
102190898,METROPOLITAN NASHVILLE POLICE DEPT,20180902401,Davidson,Nashville,10/26/2018 5:40:00 PM,2,0,0,36.153020,-86.755780,I 40,,,,0.00,,,,,,,211.25,N,Not at Intersection,Y,Non-Junction,None,,,         ,Johnathan,Pannell,Rain,"Sideswipe, Same Direction",no,no,no,no,yes,False
102190899,METROPOLITAN NASHVILLE POLICE DEPT,20180902568,Davidson,Nashville,10/26/2018 7:10:00 PM,2,0,0,36.146040,-86.741790,I 40,,,,0.00,,,,,,,212.15,N,Not at Intersection,N,Non-Junction,None,,,         ,Johnathan,Pannell,Rain,Front to Rear,no,no,no,no,no,False
102190901,METROPOLITAN NASHVILLE POLICE DEPT,20180902023,Davidson,Nashville,10/26/2018 1:52:00 PM,1,0,0,36.169290,-86.606590,I40 E EXT RAMP,,,,0.00,Feet,East,I 40,,,,0.00,N,Not at Intersection,N,Entrance/Exit Ramp Related,None,,,         ,Tony,Mingsing,Rain,Not Collision with Motor Vehicle in Transport,no,no,no,no,no,False
102190902,METROPOLITAN NASHVILLE POLICE DEPT,20180902088,Davidson,Nashville,10/26/2018 3:24:00 PM,1,0,0,36.169290,-86.606590,I40 E EXT RAMP,,,,0.00,Feet,East,I 40,,,,0.00,N,Not at Intersection,N,Entrance/Exit Ramp Related,None,,,         ,Tony,Mingsing,Rain,Not Collision with Motor Vehicle in Transport,no,no,no,no,no,False
102190903,METROPOLITAN NASHVILLE POLICE DEPT,20180902085,Davidson,Nashville,10/26/2018 3:25:00 PM,1,0,0,36.169290,-86.606590,I40 E EXT RAMP,,,,0.00,Feet,East,I 40,,,,0.00,N,Not at Intersection, ,Entrance/Exit Ramp Related,None,,,         ,Tony,Mingsing,Rain,Not Collision with Motor Vehicle in Transport,no,no,no,no,no,False
102190905,METROPOLITAN NASHVILLE POLICE DEPT,20180902270,Davidson,Nashville,10/26/2018 4:50:00 PM,3,3,0,36.171960,-86.601790,OLD HICKORY BLVD,,,,254.00,Feet,South,PRINCETON PL,,,,0.00,N,Not at Intersection,N,Non-Junction,None,,,         ,Tony,Mingsing,Rain,Angle,no,no,no,no,no,False
102190906,METROPOLITAN NASHVILLE POLICE DEPT,20180902485,Davidson,Nashville,10/26/2018 6:34:00 PM,2,1,0,36.161340,-86.597130,BELL RD,,,,0.00,Feet,,OLD HICKORY BLVD,,,,0.00,Y,Four-Way,Y,Intersection,None,,,         ,Tony,Mingsing,Rain,Angle,no,no,no,no,no,False
102190907,METROPOLITAN NASHVILLE POLICE DEPT,20180902031,Davidson,Nashville,10/26/2018 2:33:00 PM,2,0,0,36.115920,-86.798620,BATTLEFIELD DR,,,,0.00,,,STOKES LN,,,,0.00,Y,T-Intersection,N,Intersection,None,,,         ,Akira,McSwain,Rain,Angle,no,no,no,no,no,False
102190908,METROPOLITAN NASHVILLE POLICE DEPT,20180902186,Davidson,Nashville,10/26/2018 3:55:00 PM,2,0,0,36.130930,-86.795550,COMPTON AV,,,,0.00,,,BELMONT BLVD,,,,0.00,Y,T-Intersection, ,Intersection,None,,,         ,Akira,McSwain,Rain,Angle,no,no,no,no,no,False
102190909,METROPOLITAN NASHVILLE POLICE DEPT,20180902319,Davidson,Nashville,10/26/2018 4:08:00 PM,2,0,0,36.115830,-86.783570,I 440,,,,0.00,,,,,,,4.35,N,Not at Intersection, ,,None,,,         ,Akira,McSwain,,,no,no,no,no,no,False
102190910,METROPOLITAN NASHVILLE POLICE DEPT,20180902383,Davidson,Nashville,10/26/2018 5:48:00 PM,3,0,0,36.115850,-86.783940,I 440,,,,0.00,,,,,,,4.30,N,Not at Intersection, ,,None,,,         ,Akira,McSwain,,,no,no,no,no,no,False
102190911,METROPOLITAN NASHVILLE POLICE DEPT,20180902267,Davidson,Nashville,10/26/2018 4:04:00 PM,2,0,0,36.115750,-86.781490,I 440,,,,0.00,,,,,,,4.45,N,Not at Intersection, ,,None,,,         ,Akira,McSwain,,,no,no,no,no,no,False
102190914,METROPOLITAN NASHVILLE POLICE DEPT,20180902419,Davidson,Nashville,10/26/2018 6:00:00 PM,2,0,0,36.148760,-86.775020,I 40,,,,0.00,,,,,,,210.10,N,Not at Intersection, ,,None,,,         ,FELIKS,ABRAHAMYAN,,,no,no,no,no,no,False
102190916,METROPOLITAN NASHVILLE POLICE DEPT,20180902643,Davidson,Nashville,10/26/2018 6:30:00 PM,2,0,0,36.231480,-86.616830,SHUTE LN,,,,0.00,Feet,East,MONTCHANIN TER,,,,0.00,N,Not at Intersection,N,Non-Junction,None,,,         ,Tyler,Hall,Rain,Front to Rear,no,no,no,no,no,False
102190918,METROPOLITAN NASHVILLE POLICE DEPT,20180902472,Davidson,Nashville,10/26/2018 3:35:00 PM,2,0,0,36.158080,-86.799770,18TH AVN,,,,0.00,,,,,,,0.00,,, ,Non-Junction,None,,,         ,John,Roberson,Rain,Front to Rear,no,no,no,yes,yes,False
102190922,METROPOLITAN NASHVILLE POLICE DEPT,20180902533,Davidson,Nashville,10/26/2018 5:49:00 PM,2,0,0,36.063440,-86.717020,NOLENSVILLE PKE,,,,199.00,Feet,North,FAIRLANE DR,,,,0.00,N,Not at Intersection, ,Non-Junction,None,,,         ,FELIKS,ABRAHAMYAN,Rain,Angle,no,no,no,no,no,False
102190923,METROPOLITAN NASHVILLE POLICE DEPT,20180902114,Davidson,Nashville,10/26/2018 3:35:00 PM,2,0,0,36.025190,-86.664750,PETTUS RD,,,,0.00,,,PRESTON RD,,,,0.00,Y,T-Intersection,Y,Intersection,None,,,         ,Andrew,Brazee,Cloudy,Angle,no,no,no,no,no,False
102190925,METROPOLITAN NASHVILLE POLICE DEPT,20180902678,Davidson,Nashville,10/26/2018 7:00:00 PM,2,0,0,36.082170,-86.651950,UNA ANTIOCH PKE,,,,0.00,,,PICCADILLY ROW,,,,0.00,Y,T-Intersection,N,Intersection-Related,None,,,         ,Eric,Wegener,Cloudy,Front to Rear,no,no,no,no,yes,False
102190926,METROPOLITAN NASHVILLE POLICE DEPT,20180902689,Davidson,Nashville,10/26/2018 8:11:00 PM,2,0,0,36.177790,-86.786490,MONROE ST,,,,0.00,,,3RD AVN,,,,0.00,Y,Four-Way, ,Intersection,None,,,         ,Steven,Fisher,Clear,Angle,no,no,no,no,no,False
102190932,METROPOLITAN NASHVILLE POLICE DEPT,20180902223,Davidson,Nashville,10/26/2018 4:11:00 PM,2,0,0,36.046850,-86.679410,BELL RD,,,,0.00,,,BRITTANY PARK DR,,,,0.00,Y,T-Intersection,N,Intersection,None,,,         ,Shelby,Hughes,Rain,Angle,no,no,no,no,no,False
102190934,METROPOLITAN NASHVILLE POLICE DEPT,20180902528,Davidson,Nashville,10/26/2018 6:46:00 PM,2,0,0,36.237880,-86.786790,BRILEY PKWYE,,,,62.00,Feet,South,BRILEY PKWYW,,,,0.00,N,Not at Intersection, ,Entrance/Exit Ramp Related,None,,,         ,Kayla,Castro,Clear,"Sideswipe, Same Direction",no,no,no,no,no,False
102190949,METROPOLITAN NASHVILLE POLICE DEPT,20180902489,Davidson,Nashville,10/26/2018 6:50:00 PM,2,0,0,36.159610,-86.780450,BROADWAY,,,,151.00,Feet,East,7TH AVN,,,,0.00,N,Not at Intersection, ,,None,,,         ,Timothy,Mead,,,no,no,no,no,no,False
102190950,METROPOLITAN NASHVILLE POLICE DEPT,20180902457,Davidson,Nashville,10/26/2018 6:30:00 PM,1,1,0,36.156570,-86.775870,5TH AVS,,,,0.00,,,5TH AVS,,,,0.00,Y,Four-Way,N,Intersection,None,,,         ,Joshua,Reece,Rain,Not Collision with Motor Vehicle in Transport,yes,no,no,no,no,False
102190953,METROPOLITAN NASHVILLE POLICE DEPT,20180902555,Davidson,Nashville,10/26/2018 7:06:00 PM,3,0,0,36.159560,-86.774640,3RD AVS,,,,0.00,,,DEMONBREUN ST,,,,0.00,Y,Four-Way, ,Intersection,None,,,         ,Michael,Douglas,Cloudy,"Sideswipe, Same Direction",no,no,no,no,yes,False
102190965,METROPOLITAN NASHVILLE POLICE DEPT,20180902616,Davidson,Nashville,10/26/2018 7:37:00 PM,1,0,0,36.238080,-86.786100,BRILEY PKWYW,,,,58.00,Feet,West,I24 E EXT RAMP,,,,0.00,N,Not at Intersection,N,Non-Junction,None,,,         ,Kevin,Coleman,Clear,Not Collision with Motor Vehicle in Transport,no,no,no,no,yes,False
102190966,METROPOLITAN NASHVILLE POLICE DEPT,20180902538,Davidson,Nashville,10/26/2018 6:58:00 PM,3,0,0,36.115080,-86.724850,I 24,,,,0.00,,,,,,,53.30,N,Not at Intersection,N,Non-Junction,None,,,         ,Jarret,Sonnenberg,Rain,Front to Rear,no,no,no,no,no,False
102190996,METROPOLITAN NASHVILLE POLICE DEPT,20180902605,Davidson,Nashville,10/26/2018 4:55:00 PM,1,0,0,36.161550,-86.599190,BELL RD,,,,612.00,Feet,West,OLD HICKORY BLVD,,,,0.00,N,Not at Intersection, ,Non-Junction,None,,,         ,Marvis,Malone,Rain,Not Collision with Motor Vehicle in Transport,no,no,no,no,no,False
102191000,METROPOLITAN NASHVILLE POLICE DEPT,20180902822,Davidson,Not in City Limit,10/26/2018 9:02:00 PM,2,0,0,36.264170,-86.735520,I65 N EXT RAMP,,,,0.00,,,OLD HICKORY BLVDW,,,,0.00,Y,T-Intersection,N,Entrance/Exit Ramp Related,None,,,         ,Christopher,Littles,Rain,Front to Rear,no,no,no,no,yes,False
102191002,METROPOLITAN NASHVILLE POLICE DEPT,20180902756,Davidson,Nashville,10/26/2018 8:36:00 PM,2,1,0,36.216920,-86.693630,MCGAVOCK PKE,,,,0.00,,,MCGAVOCK PKE WB ENT RAMP,,,,0.00,Y,T-Intersection,Y,Intersection,None,,,         ,Trenton,Searcy,Rain,Angle,no,no,no,no,no,False