master_record_number,agency,agency_tracking_number,county,city,collision_date,vehicles_involved,number_injured,number_dead,latitude,longitude,roadway_name,roadway_suffix,roadway_number,roadway_local_id,distance_from_reference,miles-feet_indicator,direction_from_reference,intersection_road_name,intersection_road_name_suffix,intersection_road_number,intersection_local_id,mile_marker,intersection_indicator,intersect_type,interchange_related_indicator,relation_to_junction,work_zone_type,construction_maintenance_zone,construction_maintenance_zone_location,fatal_case_number,officer_first_name,officer_last_name,weather_condition(s),manner_of_crash,pedestrian,bicycle,scooter,parking,hitrun,mou
102191006,METROPOLITAN NASHVILLE POLICE DEPT,20180902714,Davidson,Nashville,10/26/2018 8:18:00 PM,3,1,0,36.133600,-86.727110,I 24,,,,0.00,,,,,,,51.05,N,Not at Intersection,N,Non-Junction,None,,,         ,Ryan,Sherry,Rain,Front to Rear,no,no,no,no,no,False
102191008,METROPOLITAN NASHVILLE POLICE DEPT,20180902234,Davidson,Nashville,10/26/2018 4:20:00 PM,2,3,0,36.127570,-86.843880,WOODLAWN DR,,,,0.00,Feet,,HARDING PKE,,,,0.00,Y,Four-Way,N,Intersection-Related,None,,,         ,Torian,Cox,Rain,Angle,no,no,no,no,no,False
102191013,METROPOLITAN NASHVILLE POLICE DEPT,20180902619,Davidson,Nashville,10/26/2018 7:35:00 PM,3,1,0,36.170410,-86.797820,I 40,,,,0.00,,,,,,,208.00,N,Not at Intersection,N,Non-Junction,None,,,         ,Evan,Grace,Rain,Front to Rear,no,no,no,no,no,False
102191019,METROPOLITAN NASHVILLE POLICE DEPT,20180902580,Davidson,Nashville,10/26/2018 7:10:00 PM,2,0,0,36.128290,-86.728310,I 24,,,,0.00,,,,,,,51.30,N,Not at Intersection,N,Non-Junction,None,,,         ,Jesse,Cox,Rain,Front to Rear,no,no,no,no,no,False
102191023,BERRY HILL POLICE DEPT,18-3841,Davidson,Berry Hill,10/26/2018 5:10:00 PM,2,1,0,36.120580,-86.763190,MELROSE AV,,,,185.00,Feet,East,FOUR FORTY CENTER PVTDR,,,,0.00,N,Not at Intersection,N,OtherLocation,None,,,         ,Monty,Sands,Rain,Angle,no,no,no,no,no,False
102191024,METROPOLITAN NASHVILLE POLICE DEPT,20180902734,Davidson,Nashville,10/26/2018 8:30:00 PM,2,2,0,36.196630,-86.708490,WELCOME LN,,,,0.00,,,ROSEBANK AV,,,,0.00,Y,Four-Way,N,Intersection,None,,,         ,Alexander,Georgeson,Rain,Angle,no,no,no,no,no,False
102191029,METROPOLITAN NASHVILLE POLICE DEPT,20180902590,Davidson,Nashville,10/26/2018 7:20:00 PM,2,1,0,36.124080,-86.809090,I440 W ENT RAMP,,,,0.00,,,I 440,,,,0.00,Y,OTHER,N,Entrance/Exit Ramp Related,None,,,         ,Eric,Burford,Cloudy,Angle,no,no,no,no,no,False
102191037,METROPOLITAN NASHVILLE POLICE DEPT,20180902745,Davidson,Nashville,10/26/2018 12:00:00 AM,3,0,0,36.133600,-86.727110,I 24,,,,0.00,,,,,,,51.05,N,Not at Intersection,N,Non-Junction,None,,,         ,Ryan,Sherry,Rain,Front to Rear,no,no,no,no,no,False
102191038,METROPOLITAN NASHVILLE POLICE DEPT,20180902721,Davidson,Nashville,10/26/2018 8:25:00 PM,3,1,0,36.175800,-86.813490,23RD AVN,,,,306.00,Feet,South,OSAGE ST,,,,0.00,N,Not at Intersection,N,Non-Junction,None,,,         ,Kayla,Castro,Clear,"Sideswipe, Same Direction",no,no,no,no,no,False
102191039,METROPOLITAN NASHVILLE POLICE DEPT,20180902888,Davidson,Nashville,10/26/2018 9:49:00 PM,2,0,0,36.040690,-86.651290,I 24,,,,0.00,,,,,,,59.95,N,Not at Intersection,N,Non-Junction,None,,,         ,Johnathon,Birdwell,Rain,Front to Rear,no,no,no,no,yes,False
102191041,METROPOLITAN NASHVILLE POLICE DEPT,20180902922,Davidson,Nashville,10/26/2018 8:32:00 PM,1,0,0,36.088100,-86.920740,OLD HICKORY BLVD,,,,82.00,Feet,North,THE RESERVE PVTDR,,,,0.00,N,Not at Intersection, ,Non-Junction,None,,,         ,John,Hoesli,Clear,Not Collision with Motor Vehicle in Transport,no,no,no,no,no,False
102191042,METROPOLITAN NASHVILLE POLICE DEPT,20180902273,Davidson,Nashville,10/26/2018 4:40:00 PM,2,0,0,36.131970,-86.726880,I24E,,,,611.00,Feet,North,I24 W EXT RAMP,,,,0.00,N,Not at Intersection, ,Non-Junction,None,,,         ,Andrew,Brazee,Cloudy,Front to Rear,no,no,no,no,no,False
102191052,METROPOLITAN NASHVILLE POLICE DEPT,20180902567,Davidson,Nashville,10/26/2018 5:41:00 AM,2,0,0,36.110730,-86.922150,I40 E ENT RAMP,,,,0.00,Feet,East,I 40,,,,0.00,N,Not at Intersection, ,Entrance/Exit Ramp Related,None,,,         ,Laura,Williams,Rain,Front to Rear,no,no,no,no,no,False
102191056,METROPOLITAN NASHVILLE POLICE DEPT,20180902935,Davidson,Nashville,10/26/2018 10:22:00 PM,2,1,0,36.206800,-86.777880,BRICK CHURCH PKE,,,,66.00,Feet,North,W TRINITY LN,,,,0.00,N,Not at Intersection, ,Non-Junction,None,,,         ,Kayla,Castro,Clear,Front to Rear,no,no,no,no,yes,False
102191058,METROPOLITAN NASHVILLE POLICE DEPT,20180902816,Davidson,Nashville,10/26/2018 6:18:00 PM,1,0,0,36.039140,-86.659320,CANE RIDGE RD,,,,138.00,Feet,East,BELL HOLLOW APTS PVTDR,,,,0.00,N,Not at Intersection,N,Non-Junction,None,,,         ,William,Durham,Rain,Not Collision with Motor Vehicle in Transport,no,no,no,no,no,False
102191069,METROPOLITAN NASHVILLE POLICE DEPT,20180902402,Davidson,Nashville,10/26/2018 5:49:00 PM,2,0,0,36.089780,-86.733400,NOLENSVILLE PKE,,,,117.00,Feet,South,ZOO RD,,,,0.00,N,Not at Intersection, ,Non-Junction,None,,,         ,Andrew,Brazee,Cloudy,Front to Rear,no,no,no,no,no,False
102191083,METROPOLITAN NASHVILLE POLICE DEPT,20180902830,Davidson,Nashville,10/26/2018 7:02:00 PM,1,0,0,36.173730,-86.602440,CENTRAL PKE,,,,99.00,Feet,West,OLD HICKORY BLVD,,,,0.00,N,Not at Intersection, ,,None,,,         ,Marvis,Malone,,,yes,no,no,no,no,False
102191085,METROPOLITAN NASHVILLE POLICE DEPT,20180902957,Davidson,Nashville,10/26/2018 10:37:00 PM,2,0,0,36.161540,-86.775970,3RD AVS,,,,0.00,,,BROADWAY,,,,0.00,Y,Four-Way, ,Intersection,None,,,         ,Damon,Hutcheson,Cloudy,"Sideswipe, Opposite Direction",no,no,no,no,no,False
102191087,METROPOLITAN NASHVILLE POLICE DEPT,20180902542,Davidson,Nashville,10/26/2018 6:59:00 PM,1,1,0,36.070790,-86.634980,MURFREESBORO PKE,,,,529.00,Feet,South,BELL RD,,,,0.00,N,Not at Intersection,N,Non-Junction,None,,,         ,Shelby,Hughes,Cloudy,Not Collision with Motor Vehicle in Transport,yes,no,no,no,no,False
102191102,METROPOLITAN NASHVILLE POLICE DEPT,20180902993,Davidson,Nashville,10/26/2018 11:05:00 PM,2,0,0,36.153160,-86.775270,LAFAYETTE ST,,,,83.00,Feet,East,6TH AVS,,,,0.00,N,Not at Intersection, ,,None,,,         ,Jeremy,Arrington,,,no,no,no,no,no,False
102191134,METROPOLITAN NASHVILLE POLICE DEPT,20180902979,Davidson,Goodlettsville,10/26/2018 12:00:00 AM,2,0,0,36.302800,-86.691900,CONFERENCE DR,,,,22.00,Feet,North,GALLATIN PKEN,,,,0.00,N,Not at Intersection,N,Non-Junction,None,,,         ,David,Williford,Rain,Other,no,no,no,no,no,False
102191139,METROPOLITAN NASHVILLE POLICE DEPT,2018-0903016,Davidson,Nashville,10/26/2018 9:45:00 PM,2,0,0,36.169550,-86.601000,I40 E EXT RAMP,,,,0.00,Feet,,I 40,,,,0.00,Y,Four-Way, ,Intersection,None,,,         ,Joshua,McGarvey,Rain,Other,no,no,no,no,no,False
102191143,METROPOLITAN NASHVILLE POLICE DEPT,20180903022,Davidson,Nashville,10/26/2018 11:15:00 PM,1,0,0,36.134380,-86.776320,I65 S EXT RAMP,,,,0.00,Feet,East,WEDGEWOOD AV,,,,0.00,N,Not at Intersection,N,Entrance/Exit Ramp Related,None,,,         ,Randall,Atkinson,Cloudy,Not Collision with Motor Vehicle in Transport,no,no,no,no,no,False
102191147,METROPOLITAN NASHVILLE POLICE DEPT,20180903105,Davidson,Nashville,10/26/2018 11:00:00 PM,1,0,0,36.189670,-86.584530,OLD LEBANON DIRT RD,,,,364.00,Feet,East,CHESNEY GLEN DR,,,,0.00,N,Not at Intersection,N,Non-Junction,None,,,         ,Lynsie,Smith,Rain,Not Collision with Motor Vehicle in Transport,no,no,no,no,no,False
102191150,METROPOLITAN NASHVILLE POLICE DEPT,20180903114,Davidson,Nashville,10/26/2018 9:42:00 PM,2,0,0,36.158200,-86.625530,I40 W EXT RAMP,,,,0.00,Feet,East,I 40,,,,0.00,N,Not at Intersection,N,Entrance/Exit Ramp Related,None,,,         ,Meghan,Pope,Clear,Front to Rear,no,no,no,no,yes,False
102191176,METROPOLITAN NASHVILLE POLICE DEPT,20180903001,Davidson,Nashville,10/26/2018 10:24:00 PM,1,0,0,36.019780,-86.742130,EDMONDSON PKE,,,,0.00,,,WEXFORD DOWNS LN,,,,0.00,Y,Four-Way,N,Intersection-Related,None,,,         ,Eugene,Martino,Unknown,Not Collision with Motor Vehicle in Transport,no,no,no,no,no,False
102191188,METROPOLITAN NASHVILLE POLICE DEPT,20180903202,Davidson,Nashville,10/27/2018 1:10:00 AM,2,0,0,36.177210,-86.750800,WOODLAND ST,,,,207.00,Feet,East,S 10TH ST,,,,0.00,N,Not at Intersection,N,Non-Junction,None,,,         ,Douglas,Smith,Rain,"Sideswipe, Same Direction",no,no,no,yes,yes,False
102191222,METROPOLITAN NASHVILLE POLICE DEPT,20180903219,Davidson,Nashville,10/27/2018 1:45:00 AM,2,1,0,36.166000,-86.777750,2ND AVN,,,,0.00,,,UNION ST,,,,0.00,Y,Four-Way,N,Intersection-Related,None,,,         ,Austin,Childress,Clear,Front to Rear,no,no,no,no,no,False
102191233,METROPOLITAN NASHVILLE POLICE DEPT,20180903413,Davidson,Nashville,10/27/2018 3:00:00 AM,1,0,0,36.185650,-86.747570,GALLATIN AV,,,,0.00,Feet,,SEYMOUR AV,,,,0.00,Y,Four-Way,N,Intersection,None,,,         ,Eric,Cunningham,Cloudy,Not Collision with Motor Vehicle in Transport,no,no,no,no,no,False
102191253,METROPOLITAN NASHVILLE POLICE DEPT,20180903325,Davidson,Nashville,10/27/2018 2:12:00 AM,2,7,0,36.138790,-86.771220,HAMILTON AV,,,,252.00,Feet,East,HAGAN ST,,,,0.00,N,Not at Intersection,N,Non-Junction,None,,,         ,Stephen,Johnston,Clear,HeadOn,no,no,no,no,no,False
102191254,METROPOLITAN NASHVILLE POLICE DEPT,20180903251,Davidson,Nashville,10/26/2018 10:20:00 PM,1,0,0,36.045650,-86.615430,SANDPIPER LN,,,,98.00,Feet,West,KESTENBAUM CT,,,,0.00,N,Not at Intersection,N,Non-Junction,None,,,         ,Daryn,Yentes,Clear,Not Collision with Motor Vehicle in Transport,no,no,no,no,no,False
102191273,METROPOLITAN NASHVILLE POLICE DEPT,20180903577,Davidson,Nashville,10/27/2018 2:39:00 AM,2,0,0,36.145880,-86.665970,ROYAL PKWY,,,,272.00,Feet,East,DONELSON PKE,,,,0.00,N,Not at Intersection,N,Non-Junction,None,,,         ,Tyler,Manivong,Clear,"Sideswipe, Same Direction",no,no,no,yes,yes,False
102191274,METROPOLITAN NASHVILLE POLICE DEPT,20180903368,Davidson,Nashville,10/27/2018 2:44:00 AM,2,0,0,36.161230,-86.776600,BROADWAY,,,,0.00,,West,,,,,1.00,N,Not at Intersection, ,,None,,,         ,Daniel,Russett,,,no,no,no,no,no,False
102191275,METROPOLITAN NASHVILLE POLICE DEPT,20180903513,Davidson,Nashville,10/27/2018 4:14:00 AM,2,2,0,36.176910,-86.774580,SPRING ST,,,,0.00,,,N 1ST ST,,,,0.00,Y,Four-Way,N,Intersection,None,,,         ,Brenna,Hosey,Rain,HeadOn,no,no,no,no,no,False
102191276,METROPOLITAN NASHVILLE POLICE DEPT,20180903465,Davidson,Nashville,10/27/2018 2:30:00 AM,2,0,0,36.165930,-86.777730,2ND AVN,,,,0.00,,,UNION ST,,,,0.00,Y,T-Intersection,N,Intersection-Related,None,,,         ,David,Smith,Clear,Front to Rear,no,no,no,no,yes,False
102191280,METROPOLITAN NASHVILLE POLICE DEPT,20180903353,Davidson,Nashville,10/27/2018 2:30:00 AM,4,4,0,36.143270,-86.704050,I 40,,,,0.00,,,,,,,214.50,N,Not at Intersection,N,Non-Junction,None,,,         ,Meghan,Pope,Clear,Front to Rear,no,no,no,no,no,False
102191296,METROPOLITAN NASHVILLE POLICE DEPT,20180903634,Davidson,Nashville,10/27/2018 12:00:00 AM,2,1,0,36.249190,-86.734460,DUE WEST AVW,,,,0.00,,,S GRAYCROFT AV,,,,0.00,Y,Four-Way,N,Intersection-Related,None,,,         ,David,Williford,Cloudy,Other,no,no,no,no,no,False
102191338,METROPOLITAN NASHVILLE POLICE DEPT,20180903594,Davidson,Nashville,10/27/2018 5:13:00 AM,2,0,0,36.235040,-86.745230,ELLINGTON PKWYN,,,,373.00,Feet,East,I65 N ENT RAMP,,,,0.00,N,Not at Intersection,N,Non-Junction,None,,,         ,Andrew,Richey,Clear,"Sideswipe, Same Direction",no,no,no,no,yes,False
102191343,METROPOLITAN NASHVILLE POLICE DEPT,20180903775,Davidson,Nashville,10/27/2018 7:04:00 AM,1,0,0,36.159260,-86.865410,BRILEY PKWYN,,,,0.65,Miles,South,BRILEY PKWY N EXT RAMP,,,,0.00,N,Not at Intersection,N,Non-Junction,None,,,         ,Walter,Gray II,Cloudy,Not Collision with Motor Vehicle in Transport,no,no,no,no,no,False
102191355,METROPOLITAN NASHVILLE POLICE DEPT,20180903846,Davidson,Nashville,10/27/2018 7:57:00 AM,2,1,0,36.119310,-86.767020,I 440,,,,0.00,,,,,,,5.35,N,Not at Intersection,N,Non-Junction,None,,,         ,Nathan,Kemp,Rain,Angle,no,no,no,no,no,False
102191358,METROPOLITAN NASHVILLE POLICE DEPT,20180903817,Davidson,Nashville,10/27/2018 7:25:00 AM,3,1,0,36.154430,-86.759170,I40 E ENT RAMP,,,,0.00,,,I 40,,,,0.00,Y,OTHER,N,Entrance/Exit Ramp Related,None,,,         ,Zachary,Plese,Rain,"Sideswipe, Same Direction",no,no,no,no,yes,False
102191365,THP District 9 - Administrative,318070415,Davidson,Not in City Limit,10/24/2018 6:20:00 AM,2,0,0,36.323630,-86.865700,I 24,,,,0.00,,,,,,,35.10,N,Not at Intersection, ,Non-Junction,None,,,         ,Michael,Lowe,Clear,Front to Rear,no,no,no,no,no,False
102191376,METROPOLITAN NASHVILLE POLICE DEPT,20180903922,Davidson,Nashville,10/27/2018 8:54:00 AM,1,0,0,36.110370,-86.718800,BRILEY PKWYN,,,,18.00,Feet,East,I24 W EXT RAMP,,,,0.00,N,Not at Intersection,Y,Entrance/Exit Ramp Related,None,,,         ,Charles,Wakefield,Cloudy,Not Collision with Motor Vehicle in Transport,no,no,no,no,no,False
102191379,METROPOLITAN NASHVILLE POLICE DEPT,20180903918,Davidson,Nashville,10/27/2018 8:53:00 AM,3,0,0,36.077090,-86.725560,EDMONDSON PKE,,,,0.00,,,WALLACE RD,,,,0.00,Y,Four-Way, ,Intersection,None,,,         ,Jason,Kedzierski,Cloudy,Front to Rear,no,no,no,no,yes,False
102191393,METROPOLITAN NASHVILLE POLICE DEPT,20180904009,Davidson,Not in City Limit,10/27/2018 9:50:00 AM,1,0,0,36.200650,-86.927200,OLD HICKORY BLVD,,,,1355.00,Feet,South,CLEECES FERRY RD,,,,0.00,N,Not at Intersection, ,Non-Junction,None,,,         ,William,Coy,Rain,Not Collision with Motor Vehicle in Transport,no,no,no,no,no,False
102191399,METROPOLITAN NASHVILLE POLICE DEPT,20180903832,Davidson,Nashville,10/27/2018 7:40:00 AM,2,2,0,36.157950,-86.784310,10TH AVS,,,,0.00,,,10TH AVN,,,,0.00,Y,Four-Way,N,Intersection,None,,,         ,James,Hill,Cloudy,Angle,no,no,no,no,no,False
102191404,METROPOLITAN NASHVILLE POLICE DEPT,20180903934,Davidson,Nashville,10/27/2018 9:04:00 AM,1,0,0,36.160930,-86.792570,GEORGE L DAVIS BLVD,,,,103.00,Feet,South,CHARLOTTE AV,,,,0.00,N,Not at Intersection,N,Non-Junction,None,,,         ,Kyle,Eicholtz,Rain,Not Collision with Motor Vehicle in Transport,no,no,no,no,no,False
102191433,METROPOLITAN NASHVILLE POLICE DEPT,20180904068,Davidson,Nashville,10/27/2018 10:25:00 AM,2,0,0,36.197380,-86.620070,LEBANON PKE EB EXT RAMP,,,,0.00,,,OLD HICKORY BLVD,,,,0.00,Y,T-Intersection, ,Intersection-Related,None,,,         ,William,Mckay,Clear,Front to Rear,no,no,no,no,no,False
102191482,METROPOLITAN NASHVILLE POLICE DEPT,20180904145,Davidson,Nashville,10/27/2018 10:16:00 AM,2,0,0,36.080320,-86.726560,NOLENSVILLE PKE,,,,270.00,Feet,North,HARDING PL,,,,0.00,N,Not at Intersection, ,Non-Junction,None,,,         ,Samuel,Miller,Rain,Front to Rear,no,no,no,no,no,False
102191484,METROPOLITAN NASHVILLE POLICE DEPT,2018-0903980,Davidson,Nashville,10/27/2018 8:40:00 AM,1,0,0,36.108280,-86.720250,I24 W EXT RAMP,,,,0.00,,,I 24,,,,0.00,Y,Y-Intersection,Y,Entrance/Exit Ramp Related,None,,,         ,John,Nicholson,Rain,Not Collision with Motor Vehicle in Transport,no,no,no,no,no,False
102191498,METROPOLITAN NASHVILLE POLICE DEPT,20180904141,Davidson,Nashville,10/27/2018 11:05:00 AM,2,0,0,36.120530,-86.749960,PEACHTREE ST,,,,18.00,Feet,East,I440 E ENT RAMP,,,,0.00,N,Not at Intersection, ,Non-Junction,None,,,         ,James,Thomas,Cloudy,Angle,no,no,no,no,no,False
102191499,METROPOLITAN NASHVILLE POLICE DEPT,2018 0904179,Davidson,Nashville,10/27/2018 11:35:00 AM,2,0,0,36.125860,-86.846610,KENNER AVN,,,,38.00,Feet,West,HARDING PKE,,,,0.00,N,Not at Intersection,N,Non-Junction,None,,,         ,Paul,Junkmann,Rain,Angle,no,no,no,no,no,False
102191522,METROPOLITAN NASHVILLE POLICE DEPT,20180904202,Davidson,Nashville,10/27/2018 11:54:00 AM,2,0,0,36.213240,-86.825530,TUCKER RD,,,,0.00,Feet,,W HAMILTON AV,,,,0.00,Y,Four-Way, ,Intersection,None,,,         ,Victor,Alexander,Cloudy,Angle,no,no,no,no,no,False
102191545,THP District 9 - Administrative,318070729,Davidson,Nashville,10/25/2018 1:15:00 PM,2,0,0,36.102450,-86.797770,GRANNY WHITE PKE,,,,84.00,Feet,North,WOODVALE DR,,,,0.00,N,Not at Intersection, ,Non-Junction,None,,,         ,Michael,Lowe,Clear,Front to Rear,no,no,no,no,no,False
102191546,METROPOLITAN NASHVILLE POLICE DEPT,20180903802,Davidson,Nashville,10/27/2018 7:20:00 AM,2,2,0,36.167710,-86.762340,SHELBY AVE,,,,0.00,Feet,,,,I55,,0.00,Y,Four-Way,N,Intersection,None,,,         ,Faye,Denson,Rain,Angle,no,yes,no,no,no,False
102191572,METROPOLITAN NASHVILLE POLICE DEPT,20180904319,Davidson,Nashville,10/27/2018 12:25:00 PM,2,0,0,36.124880,-86.772620,I 65,,,,0.00,,,,,,,80.70,N,Not at Intersection,N,Non-Junction,None,,,         ,Nathan,Kemp,Clear,"Sideswipe, Same Direction",no,no,no,no,no,False
102191573,METROPOLITAN NASHVILLE POLICE DEPT,20180904044,Davidson,Nashville,10/27/2018 10:10:00 AM,2,0,0,36.058990,-86.722520,MCMURRAY DR,,,,244.00,Feet,South,CHERRYWOOD DR,,,,0.00,N,Not at Intersection, ,Non-Junction,None,,,         ,Earl,Davis,Rain,HeadOn,no,no,no,no,no,False
102191574,METROPOLITAN NASHVILLE POLICE DEPT,20180904296,Davidson,Nashville,10/27/2018 12:52:00 PM,2,0,0,36.037440,-86.767840,FREDERICKSBURG WAYW,,,,0.00,,,ROSECRANS CT,,,,0.00,Y,Four-Way, ,Intersection,None,,,         ,Earl,Davis,Rain,"Sideswipe, Same Direction",no,no,no,no,no,False
102191587,METROPOLITAN NASHVILLE POLICE DEPT,20180904235,Davidson,Nashville,10/27/2018 12:20:00 PM,3,1,0,36.141970,-86.665860,I40 W EXT RAMP,,,,0.00,Feet,East,I 40,,,,0.00,N,Not at Intersection,N,Non-Junction,None,,,         ,Gerry,Hutcheson,Cloudy,Front to Rear,no,no,no,no,no,False
102191617,METROPOLITAN NASHVILLE POLICE DEPT,20180904290,Davidson,Nashville,10/27/2018 12:45:00 PM,2,2,0,36.173010,-86.601070,CENTRAL PKE,,,,47.00,Feet,West,BURNING TREE DR,,,,0.00,N,Not at Intersection,N,Non-Junction,None,,,         ,Zachary,Plese,Cloudy,Angle,no,no,no,no,no,False
102191618,METROPOLITAN NASHVILLE POLICE DEPT,20180904314,Davidson,Nashville,10/27/2018 1:00:00 PM,2,0,0,36.151840,-86.791620,MUSIC SQE,,,,0.00,,,DIVISION ST,,,,0.00,Y,Roundabout, ,OtherLocation,None,,,         ,David,Lang,Cloudy,"Sideswipe, Same Direction",no,no,no,no,no,False
102191619,METROPOLITAN NASHVILLE POLICE DEPT,20180904292,Davidson,Nashville,10/27/2018 12:43:00 PM,2,0,0,36.136160,-86.788670,WEDGEWOOD AV,,,,0.00,Feet,East,12TH AVS,,,,0.00,N,Not at Intersection, ,Non-Junction,None,,,         ,Justan,Vance,Cloudy,Angle,no,no,no,no,no,False
102191620,METROPOLITAN NASHVILLE POLICE DEPT,20180904000,Davidson,Nashville,10/27/2018 12:00:00 AM,1,0,0,36.111630,-86.714640,CARLYLE PL,,,,332.00,Feet,South,DRUMMOND DR,,,,0.00,N,Not at Intersection,N,Non-Junction,None,,,         ,James,Jarvis,Unknown,Not Collision with Motor Vehicle in Transport,no,no,no,no,yes,False
102191621,METROPOLITAN NASHVILLE POLICE DEPT,20180904238,Davidson,Nashville,10/27/2018 12:18:00 PM,2,0,0,36.047470,-86.713510,NOLENSVILLE PKE,,,,482.00,Feet,South,HICKORYVIEW DR,,,,0.00,N,Not at Intersection,N,Non-Junction,None,,,         ,James,Jarvis,Rain,"Sideswipe, Same Direction",no,no,no,no,no,False
102191640,METROPOLITAN NASHVILLE POLICE DEPT,20180904247,Davidson,Not in City Limit,10/27/2018 10:38:00 AM,2,0,0,36.077590,-87.020960,I40 W EXT RAMP,,,,0.00,Feet,East,I 40,,,,0.00,N,Not at Intersection, ,Entrance/Exit Ramp Related,None,,,         ,Ty,Cummings,Cloudy,Front to Rear,no,no,no,no,no,False
102191641,METROPOLITAN NASHVILLE POLICE DEPT,20180904354,Davidson,Nashville,10/27/2018 1:26:00 PM,2,0,0,36.148840,-86.762470,LAFAYETTE ST,,,,0.00,,,CHARLES E DAVIS BLVD,,,,0.00,Y,Four-Way,N,Intersection,None,,,         ,Jason,Kedzierski,Cloudy,Angle,no,no,no,no,yes,False
102191642,METROPOLITAN NASHVILLE POLICE DEPT,20180904349,Davidson,Nashville,10/27/2018 1:15:00 PM,2,0,0,36.153000,-86.857610,I40 W EXT RAMP,,,,0.00,,,BRILEY PKWY,,,,0.00,Y,Four-Way, ,Intersection,None,,,         ,Walter,Gray II,Cloudy,Angle,no,no,no,no,no,False
102191643,METROPOLITAN NASHVILLE POLICE DEPT,20180904341,Davidson,Nashville,10/27/2018 12:52:00 PM,2,0,0,36.188810,-86.726460,RIVERSIDE DR,,,,145.00,Feet,South,CARTER AV,,,,0.00,N,Not at Intersection, ,Non-Junction,None,,,         ,Michael,Agee,Cloudy,Front to Rear,no,no,no,no,no,False
102191645,METROPOLITAN NASHVILLE POLICE DEPT,20180904345,Davidson,Madison,10/27/2018 1:22:00 PM,2,0,0,36.263070,-86.711920,STATE RT 45,,,,0.00,,,GALLATIN PKEN,,,,0.00,Y,Four-Way, ,Non-Junction,None,,,         ,Cyretha,Frazier,Cloudy,Front to Rear,no,no,no,no,no,False
102191646,METROPOLITAN NASHVILLE POLICE DEPT,20180904329,Davidson,Nashville,10/27/2018 1:10:00 PM,2,0,0,36.162310,-86.690730,STATE HWY 155,,,,1096.00,Feet,South,ATRIUM WAY,,,,0.00,N,Not at Intersection, ,Non-Junction,None,,,         ,Jason,Milyaro Lucas,Clear,Other,no,no,no,no,no,False
102191651,METROPOLITAN NASHVILLE POLICE DEPT,20180904358,Davidson,Nashville,10/27/2018 1:17:00 PM,2,2,0,36.130140,-86.760020,CRAIGHEAD ST,,,,509.00,Feet,North,SEMINOLE AV,,,,0.00,N,Not at Intersection,N,"Driveway, Alley Access, etc",None,,,         ,John,Chambers,Cloudy,Angle,no,no,no,no,no,False
102191655,METROPOLITAN NASHVILLE POLICE DEPT,20180904254,Davidson,Not in City Limit,10/27/2018 12:30:00 PM,2,0,0,36.270040,-86.755300,DICKERSON PKE,,,,310.00,Feet,North,OLD HICKORY BLVD,,,,0.00,N,Not at Intersection, ,Non-Junction,None,,,         ,Arthur,Hipp,Cloudy,Angle,no,no,no,no,no,False
102191695,GOODLETTSVILLE POLICE DEPT,18-37990,Davidson,Goodlettsville,10/27/2018 2:00:00 PM,2,0,0,36.306830,-86.694430,VIETNAM VETERANS BLVD NB EXT R,,,,0.00,,,CONFERENCE DR,,,,0.00,Y,Four-Way, ,Non-Junction,None,,,         ,Daniel,Knalls,Cloudy,Front to Rear,no,no,no,no,yes,False
102191696,METROPOLITAN NASHVILLE POLICE DEPT,20180904265,Davidson,Nashville,10/27/2018 11:00:00 AM,2,0,0,36.064690,-86.645210,RURAL HILL RD,,,,84.00,Feet,South,BRIDGECREST DR,,,,0.00,N,Not at Intersection,N,"Driveway, Alley Access, etc",None,,,         ,Arend,Groeneweg,Cloudy,Angle,no,no,no,no,yes,False
102191697,METROPOLITAN NASHVILLE POLICE DEPT,20180904510,Davidson,Nashville,10/27/2018 2:33:00 PM,2,0,0,36.181460,-86.772080,BERRY ST,,,,53.00,Feet,East,JOSEPH AV,,,,0.00,N,Not at Intersection, ,,None,,,         ,Gordon,Stovall,,,no,no,no,no,no,False
102191711,METROPOLITAN NASHVILLE POLICE DEPT,20180904271,Davidson,Nashville,10/27/2018 12:46:00 PM,3,3,0,36.166470,-86.764850,I 24,,,,0.00,,,,,,,49.00,N,Not at Intersection,N,Non-Junction,None,,,         ,Johnathan,Carlisle,Cloudy,Front to Rear,no,no,no,no,no,False
102191720,METROPOLITAN NASHVILLE POLICE DEPT,20180904568,Davidson,Nashville,10/27/2018 3:25:00 PM,2,0,0,36.040780,-86.772910,OLD HICKORY BLVD,,,,167.00,Feet,East,HEALTH PARK DR,,,,0.00,N,Not at Intersection, ,,None,,,         ,FELIKS,ABRAHAMYAN,,,no,no,no,no,no,False
102191736,METROPOLITAN NASHVILLE POLICE DEPT,20180904509,Davidson,Nashville,10/27/2018 2:52:00 PM,2,0,0,36.111160,-86.811310,HILLSBORO PKE,,,,17.00,Feet,South,GRAYBAR LN,,,,0.00,N,Not at Intersection, ,Non-Junction,None,,,         ,Jeremy,Spears,Cloudy,"Sideswipe, Same Direction",no,no,no,no,no,False
102191758,METROPOLITAN NASHVILLE POLICE DEPT,20180904613,Davidson,Nashville,10/27/2018 4:03:00 PM,2,0,0,36.180510,-86.796560,GARFIELD ST,,,,70.00,Feet,West,ROSA L PARKS BLVD,,,,0.00,N,Not at Intersection, ,Non-Junction,None,,,         ,Andrey,Volfson,Cloudy,Front to Rear,no,no,no,no,no,False