master_record_number,agency,agency_tracking_number,county,city,collision_date,vehicles_involved,number_injured,number_dead,latitude,longitude,roadway_name,roadway_suffix,roadway_number,roadway_local_id,distance_from_reference,miles-feet_indicator,direction_from_reference,intersection_road_name,intersection_road_name_suffix,intersection_road_number,intersection_local_id,mile_marker,intersection_indicator,intersect_type,interchange_related_indicator,relation_to_junction,work_zone_type,construction_maintenance_zone,construction_maintenance_zone_location,fatal_case_number,officer_first_name,officer_last_name,weather_condition(s),manner_of_crash,pedestrian,bicycle,scooter,parking,hitrun,mou
102192334,METROPOLITAN NASHVILLE POLICE DEPT,20180906110,Davidson,Nashville,10/28/2018 8:02:00 AM,1,0,0,36.231660,-86.700610,BRILEY PKWYN,,,,0.00,,,BRILEY PKWYW,,,,0.00,Y,OTHER,N,Non-Junction,None,,,         ,Michael,Brooks,Clear,Not Collision with Motor Vehicle in Transport,no,no,no,no,no,False
102192340,GOODLETTSVILLE POLICE DEPT,18-38074,Davidson,Goodlettsville,10/28/2018 8:39:00 AM,1,0,0,36.308380,-86.692040,VIETNAM VETERANS BLVDS,,,,850.00,Feet,East,CONFERENCE DR,,,,0.00,N,Not at Intersection,N,Non-Junction,None,,,         ,Brian,Hajdu,Cloudy,Not Collision with Motor Vehicle in Transport,no,no,no,no,no,False
102192376,GOODLETTSVILLE POLICE DEPT,18-38076,Davidson,Goodlettsville,10/28/2018 8:50:00 AM,2,0,0,36.310300,-86.716110,DICKERSON PKES,,,,529.00,Feet,North,CIMA DR,,,,0.00,N,Not at Intersection,N,Non-Junction,None,,,         ,Daniel,Knalls,Clear,Front to Rear,no,no,no,no,no,False
102192384,METROPOLITAN NASHVILLE POLICE DEPT,20180906139,Davidson,Not in City Limit,10/27/2018 9:00:00 PM,1,0,0,36.297090,-86.918740,MARROWBONE LAKE RD,,,,2387.00,Feet,South,LAKE RD,,,,0.00,N,Not at Intersection, ,Non-Junction,Construction Zone,,,         ,Ryan,Caulfield,Unknown,Not Collision with Motor Vehicle in Transport,no,no,no,no,no,False
102192387,METROPOLITAN NASHVILLE POLICE DEPT,20180906173,Davidson,Nashville,10/28/2018 8:42:00 AM,1,1,0,36.142930,-86.696140,I40 E ENT RAMP,,,,0.00,,,I 40,,,,0.00,Y,OTHER,N,Entrance/Exit Ramp Related,None,,,         ,Richard,Luellen,Clear,Not Collision with Motor Vehicle in Transport,no,no,no,no,no,False
102192394,METROPOLITAN NASHVILLE POLICE DEPT,20180906103,Davidson,Nashville,10/28/2018 8:05:00 AM,1,1,0,36.064780,-86.774270,FRANKLIN PKE,,,,295.00,Feet,North,FOREST ACRES DR,,,,0.00,N,Not at Intersection,N,Non-Junction,None,,,         ,Phillip,Murphy,Clear,Not Collision with Motor Vehicle in Transport,no,no,no,no,no,False
102192397,METROPOLITAN NASHVILLE POLICE DEPT,20180906016,Davidson,Nashville,10/28/2018 7:10:00 AM,1,1,0,36.163510,-86.761970,I24 W EXT RAMP,,,,0.00,Feet,East,I 24,,,,0.00,N,Not at Intersection,N,Non-Junction,None,,,         ,Faye,Denson,Clear,Not Collision with Motor Vehicle in Transport,no,no,no,no,no,False
102192398,METROPOLITAN NASHVILLE POLICE DEPT,20180906220,Davidson,Nashville,10/28/2018 9:05:00 AM,2,0,0,36.046020,-86.657930,COLLINS PARK DR,,,,0.00,,,BELL RD,,,,0.00,Y,Four-Way,N,Intersection,None,,,         ,Jason,Kedzierski,Clear,Front to Rear,no,no,no,no,yes,False
102192400,VANDERBILT UNIVERSITY POLICE,20180898536,Davidson,Nashville,10/25/2018 10:40:00 AM,2,0,0,36.138030,-86.805050,BLAKEMORE AV,,,,0.00,,,24TH AVS,,,,0.00,Y,Four-Way,N,Intersection,None,,,         ,Anthony,Jones,Cloudy,Front to Rear,no,no,no,no,no,Campus
102192408,METROPOLITAN NASHVILLE POLICE DEPT,20180906217,Davidson,Nashville,10/28/2018 9:04:00 AM,2,0,0,36.151800,-86.771250,4TH AVS,,,,0.00,,,LAFAYETTE ST,,,,0.00,Y,Four-Way, ,Intersection,None,,,         ,Destiny,Zunic,Clear,Angle,no,no,no,no,no,False
102192411,METROPOLITAN NASHVILLE POLICE DEPT,20180906203,Davidson,Nashville,10/28/2018 9:02:00 AM,2,2,0,36.198260,-86.827010,BUENA VISTA PKE,,,,0.00,,,CURTIS ST,,,,0.00,Y,T-Intersection,N,Intersection,None,,,         ,William,Coy,Clear,Angle,no,no,no,no,no,False
102192423,METROPOLITAN NASHVILLE POLICE DEPT,20180906228,Davidson,Nashville,10/28/2018 9:10:00 AM,2,2,0,36.168290,-86.760320,S 6TH ST,,,,8.00,Feet,South,SHELBY AV,,,,0.00,N,Not at Intersection,N,Non-Junction,None,,,         ,Zachary,Carter,Clear,Front to Rear,no,no,no,no,yes,False
102192434,METROPOLITAN NASHVILLE POLICE DEPT,20180906368,Davidson,Nashville,10/28/2018 11:05:00 AM,2,0,0,36.031210,-86.639080,I 24,,,,0.00,,,,,,,60.90,N,Not at Intersection,N,Non-Junction,None,,,         ,James,Jarvis,Cloudy,"Sideswipe, Same Direction",no,no,no,no,yes,False
102192437,METROPOLITAN NASHVILLE POLICE DEPT,20180906324,Davidson,Nashville,10/28/2018 10:21:00 AM,2,0,0,36.163180,-86.796150,14TH AVN,,,,54.00,Feet,North,JO JOHNSTON AV,,,,0.00,N,Not at Intersection, ,Non-Junction,None,,,         ,Isaac,Wood,Clear,Rear to Rear,no,no,no,no,no,False
102192441,METROPOLITAN NASHVILLE POLICE DEPT,20180906347,Davidson,Nashville,10/28/2018 10:50:00 AM,2,2,0,36.217060,-86.693360,MCGAVOCK PKE WB ENT RAMP,,,,0.00,Feet,East,MCGAVOCK PKE,,,,0.00,N,Not at Intersection,N,Entrance/Exit Ramp Related,None,,,         ,Zachary,Plese,Clear,Front to Rear,no,no,no,no,no,False
102192463,METROPOLITAN NASHVILLE POLICE DEPT,20180906373,Davidson,Nashville,10/28/2018 11:08:00 AM,2,1,0,36.044760,-86.695110,BELL RD,,,,475.00,Feet,South,BENZING RD,,,,0.00,N,Not at Intersection,N,Non-Junction,None,,,         ,Ryan,Howard,Clear,Front to Rear,no,no,no,no,yes,False
102192502,METROPOLITAN NASHVILLE POLICE DEPT,20180906234,Davidson,Nashville,10/28/2018 9:23:00 AM,2,1,0,36.099400,-86.871720,HARDING PKE,,,,150.00,Feet,South,HIGHWAY 100,,,,0.00,N,Not at Intersection,N,Non-Junction,None,,,         ,Ty,Cummings,Clear,Front to Rear,no,no,no,no,no,False
102192550,METROPOLITAN NASHVILLE POLICE DEPT,20180906494,Davidson,Nashville,10/28/2018 12:15:00 PM,2,0,0,36.109450,-86.728050,BRILEY PKWYN,,,,0.00,Feet,East,EAST THOMPSON LN,,,,0.00,N,Not at Intersection, ,Non-Junction,None,,,         ,Nopel,Stella,Clear,Front to Rear,no,no,no,no,no,False
102192603,METROPOLITAN NASHVILLE POLICE DEPT,20180906460,Davidson,Nashville,10/28/2018 12:18:00 PM,2,1,0,36.206960,-86.782210,W TRINITY LN,,,,360.00,Feet,West,SCRUGGS LN,,,,0.00,N,Not at Intersection,N,Non-Junction,None,,,         ,James,Wray,Clear,Front to Rear,no,no,no,no,yes,False
102192604,METROPOLITAN NASHVILLE POLICE DEPT,20180906554,Davidson,Nashville,10/28/2018 12:56:00 PM,2,0,0,36.037400,-86.786570,FRANKLIN PKE,,,,0.00,,,OLD HICKORY BLVD,,,,0.00,Y,Four-Way, ,Intersection-Related,None,,,         ,Phillip,Murphy,Clear,Front to Rear,no,no,no,no,no,False
102192635,METROPOLITAN NASHVILLE POLICE DEPT,20180906598,Davidson,Not in City Limit,10/28/2018 1:22:00 PM,1,0,0,36.091910,-86.559420,HOBSON PKE,,,,2043.00,Feet,South,WALKER RD,,,,0.00,N,Not at Intersection, ,,None,,,         ,James,Jarvis,,,no,no,no,no,no,False
102192659,METROPOLITAN NASHVILLE POLICE DEPT,2018-0906426,Davidson,Nashville,10/28/2018 11:51:00 AM,2,0,0,36.154010,-86.835640,I 40,,,,0.00,,,,,,,205.20,N,Not at Intersection, ,Entrance/Exit Ramp Related,None,,,         ,Douglas,Meringer,Clear,"Sideswipe, Same Direction",no,no,no,no,no,False
102192670,METROPOLITAN NASHVILLE POLICE DEPT,20180906555,Davidson,Nashville,10/28/2018 1:11:00 PM,3,0,0,36.201010,-86.621060,OLD HICKORY BLVD,,,,172.00,Feet,North,PLANTATION DR,,,,0.00,N,Not at Intersection,N,Non-Junction,None,,,         ,Michael,Parman,Clear,Front to Rear,no,no,no,no,no,False
102192680,METROPOLITAN NASHVILLE POLICE DEPT,20180906588,Davidson,Nashville,10/28/2018 2:00:00 PM,2,1,0,36.197360,-86.608570,ANDREW JACKSON PKWY,,,,0.00,,,TYLER DR,,,,0.00,Y,T-Intersection,N,Intersection,None,,,         ,Michael,Brooks,Cloudy,Front to Rear,no,no,no,no,no,False
102192681,METROPOLITAN NASHVILLE POLICE DEPT,20180906482,Davidson,Nashville,10/28/2018 12:25:00 PM,3,0,0,36.128720,-86.853240,WHITE BRIDGE PKE,,,,22.00,Feet,West,LIONS HEAD VILLAGE PVTDR,,,,0.00,N,Not at Intersection,N,Non-Junction,None,,,         ,Brian,Myatt,Clear,Angle,no,no,no,no,no,False
102192687,METROPOLITAN NASHVILLE POLICE DEPT,20180906419,Davidson,Nashville,10/28/2018 10:30:00 AM,2,0,0,36.202150,-86.739300,GALLATIN PKE,,,,60.00,Feet,North,DOZIER PL,,,,0.00,N,Not at Intersection,N,Non-Junction,None,,,         ,Steven,Spillers,Clear,Angle,no,no,no,no,yes,False
102192737,METROPOLITAN NASHVILLE POLICE DEPT,20180906650,Davidson,Not in City Limit,10/28/2018 2:52:00 PM,2,0,0,36.261890,-86.712310,GALLATIN PKES,,,,118.00,Feet,South,E OLD HICKORY BLVD,,,,0.00,N,Not at Intersection, ,Non-Junction,None,,,         ,DuJuan,Kendrick,Clear,"Sideswipe, Same Direction",no,no,no,no,no,False
102192766,METROPOLITAN NASHVILLE POLICE DEPT,20180906678,Davidson,Nashville,10/28/2018 2:30:00 PM,2,0,0,36.197010,-86.742060,GALLATIN AV,,,,0.00,,,GALLATIN PKE,,,,0.00,Y,T-Intersection, ,Intersection-Related,None,,,         ,Trevor,Jones,Clear,Front to Rear,no,no,no,no,no,False
102192768,METROPOLITAN NASHVILLE POLICE DEPT,20180906658,Davidson,Nashville,10/28/2018 2:14:00 PM,2,0,0,36.155000,-86.627120,I40 E EXT RAMP,,,,0.00,,,I 40,,,,0.00,Y,T-Intersection,N,Non-Junction,None,,,         ,Gabriel,Vasquez,Clear,Front to Rear,no,no,no,no,no,False
102192771,GOODLETTSVILLE POLICE DEPT,18-37997,Davidson,Goodlettsville,10/27/2018 2:02:00 PM,2,1,0,36.306820,-86.694480,CONFERENCE DR,,,,0.00,,,VIETNAM VETERANS BLVD NB ENT R,,,,0.00,Y,Four-Way,N,Intersection,None,,,         ,Daniel,Knalls,Cloudy,Front to Rear,no,no,no,no,no,False
102192772,METROPOLITAN NASHVILLE POLICE DEPT,20180906690,Davidson,Not in City Limit,10/28/2018 2:56:00 PM,2,0,0,35.996870,-86.689890,NOLENSVILLE PKE,,,,0.00,,,CONCORD RD,,,,0.00,Y,Four-Way, ,,None,,,         ,FELIKS,ABRAHAMYAN,,,no,no,no,no,no,False
102192781,METROPOLITAN NASHVILLE POLICE DEPT,20180906675,Davidson,Not in City Limit,10/28/2018 3:12:00 PM,1,1,0,36.030080,-86.997230,OLD HARDING PKE,,,,0.00,,,HIGHWAY 100,,,,0.00,Y,Y-Intersection,N,Intersection-Related,None,,,         ,Adam,Reese,Clear,Not Collision with Motor Vehicle in Transport,no,no,no,no,no,False
102192783,METROPOLITAN NASHVILLE POLICE DEPT,20180906689,Davidson,Nashville,10/28/2018 2:25:00 PM,2,1,0,36.148290,-86.777790,I 40,,,,0.00,,,,,,,210.00,N,Not at Intersection,Y,Entrance/Exit Ramp Related,None,,,         ,John,Roberson,Clear,"Sideswipe, Same Direction",no,no,no,no,no,False
102192784,METROPOLITAN NASHVILLE POLICE DEPT,20180906798,Davidson,Not in City Limit,10/28/2018 3:38:00 PM,2,0,0,35.996870,-86.689890,NOLENSVILLE PKE,,,,0.00,,,CONCORD RD,,,,0.00,Y,Four-Way, ,,None,,,         ,FELIKS,ABRAHAMYAN,,,no,no,no,no,no,False
102192801,METROPOLITAN NASHVILLE POLICE DEPT,20180906834,Davidson,Nashville,10/28/2018 4:39:00 PM,2,0,0,36.176040,-86.769800,I24 W EXT RAMP,,,,0.00,Feet,East,SPRING ST,,,,0.00,N,Not at Intersection,N,Non-Junction,None,,,         ,Cody,Jaworski,Clear,Front to Rear,no,no,no,no,no,False
102192809,METROPOLITAN NASHVILLE POLICE DEPT,20180906793,Davidson,Nashville,10/28/2018 4:10:00 PM,2,0,0,36.164810,-86.819890,I40 W EXT RAMP,,,,0.00,,,28TH AVN,,,,0.00,Y,OTHER, ,Entrance/Exit Ramp Related,None,,,         ,Timothy,Skopek,Clear,Front to Rear,no,no,no,no,no,False
102192823,METROPOLITAN NASHVILLE POLICE DEPT,20180906851,Davidson,Nashville,10/28/2018 4:53:00 PM,3,2,0,36.202420,-86.739150,LITTON AV,,,,0.00,,,GALLATIN PKE,,,,0.00,Y,T-Intersection,N,Non-Junction,None,,,         ,Marc,Kozen,Clear,Front to Rear,no,no,no,no,no,False
102192844,METROPOLITAN NASHVILLE POLICE DEPT,20180906998,Davidson,Not in City Limit,10/28/2018 6:36:00 PM,2,0,0,36.054190,-86.950190,OLD HARDING PKE,,,,128.00,Feet,East,POPLAR CREEK RD,,,,0.00,N,Not at Intersection, ,Non-Junction,None,,,         ,Adam,Reese,Clear,Front to Rear,no,no,no,no,no,False
102192845,METROPOLITAN NASHVILLE POLICE DEPT,20180907000,Davidson,Nashville,10/28/2018 6:38:00 PM,2,0,0,36.041670,-86.721950,STEFFISBURG DR,,,,365.00,Feet,West,LAUSANNE DR,,,,0.00,N,Not at Intersection,N,Non-Junction,None,,,         ,FELIKS,ABRAHAMYAN,Clear,Angle,no,no,no,no,yes,False
102192855,METROPOLITAN NASHVILLE POLICE DEPT,20180906808,Davidson,Nashville,10/28/2018 4:25:00 PM,3,0,0,36.167110,-86.765260,I 24,,,,0.00,,,,,,,48.90,N,Not at Intersection, ,Non-Junction,None,,,         ,Joseph,Bingham,Clear,Front to Rear,no,no,no,no,no,False
102192859,METROPOLITAN NASHVILLE POLICE DEPT,20180906943,Davidson,Not in City Limit,10/28/2018 6:00:00 PM,3,6,0,36.261000,-86.765580,BELLSHIRE DR,,,,0.00,,,WESTCHESTER DR,,,,0.00,Y,Four-Way,N,Non-Junction,None,,,         ,Peter,Vaught,Clear,Angle,no,no,no,no,no,False
102192860,METROPOLITAN NASHVILLE POLICE DEPT,20180906956,Davidson,Nashville,10/28/2018 6:07:00 PM,2,0,0,36.177630,-86.760140,N 8TH ST,,,,317.00,Feet,South,SMILEY ST,,,,0.00,N,Not at Intersection, ,Non-Junction,None,,,         ,Christopher,Valdez,Clear,Front to Rear,no,no,no,no,yes,False
102192955,METROPOLITAN NASHVILLE POLICE DEPT,20180907072,Davidson,Nashville,10/28/2018 7:21:00 PM,2,2,0,36.062320,-86.904630,HIGHWAY 100,,,,0.00,Feet,,OLD HICKORY BLVD,,,,0.00,Y,T-Intersection,Y,Intersection,None,,,         ,Laura,Williams,Clear,HeadOn,no,no,no,no,no,False
102192964,METROPOLITAN NASHVILLE POLICE DEPT,20180907174,Davidson,Nashville,10/28/2018 8:24:00 PM,2,0,0,36.129140,-86.772860,I 65,,,,0.00,,,,,,,81.00,N,Not at Intersection,N,Non-Junction,None,,,         ,FELIKS,ABRAHAMYAN,Clear,Angle,no,no,no,no,no,False
102192968,METROPOLITAN NASHVILLE POLICE DEPT,20180907114,Davidson,Nashville,10/28/2018 7:30:00 PM,2,0,0,36.112310,-86.733100,HARTFORD DR,,,,98.00,Feet,North,RICKETTS DR,,,,0.00,N,Not at Intersection,N,Non-Junction,None,,,         ,Ryan,Sherry,Clear,Angle,no,no,no,no,yes,False
102193003,METROPOLITAN NASHVILLE POLICE DEPT,20180907234,Davidson,Nashville,10/28/2018 8:45:00 PM,1,0,0,36.098190,-86.772020,FRANKLIN PKE,,,,542.00,Feet,North,MORRISWOOD DR,,,,0.00,N,Not at Intersection, ,Non-Junction,None,,,         ,Austin,Kendrick,Clear,Not Collision with Motor Vehicle in Transport,no,no,no,no,no,False
102193028,METROPOLITAN NASHVILLE POLICE DEPT,20180907116,Davidson,Nashville,10/28/2018 12:00:00 AM,2,0,0,36.158100,-86.783950,BROADWAY,,,,181.00,Feet,West,9TH AVS,,,,0.00,N,Not at Intersection, ,Non-Junction,None,,,         ,Trevor,Taylor,Clear,Angle,no,no,no,no,no,False
102193060,METROPOLITAN NASHVILLE POLICE DEPT,20180907274,Davidson,Nashville,10/28/2018 8:35:00 PM,2,0,0,36.092790,-86.735940,NOLENSVILLE PKE,,,,208.00,Feet,South,MCNALLY DR,,,,0.00,N,Not at Intersection,N,Non-Junction,None,,,         ,Ryan,Sherry,Clear,Front to Rear,no,no,no,no,no,False
102193061,METROPOLITAN NASHVILLE POLICE DEPT,20180907297,Davidson,Nashville,10/28/2018 8:05:00 PM,2,0,0,36.219650,-86.794070,MACLAURIN CT,,,,170.00,Feet,West,OLD MATTHEWS RD,,,,0.00,N,Not at Intersection, ,Non-Junction,None,,,         ,Janelle,Keslar,Clear,Other,no,no,no,no,no,False
102193079,METROPOLITAN NASHVILLE POLICE DEPT,20180907359,Davidson,Nashville,10/28/2018 10:31:00 PM,2,1,0,36.110940,-86.745220,THOMPSON LN,,,,0.00,,,NOLENSVILLE PKE,,,,0.00,Y,Four-Way,N,Intersection,None,,,         ,FELIKS,ABRAHAMYAN,Clear,Angle,no,no,no,no,yes,False
102193086,METROPOLITAN NASHVILLE POLICE DEPT,20180906902,Davidson,Nashville,10/28/2018 12:00:00 AM,1,1,0,36.053790,-86.898280,OLD HICKORY BLVD,,,,131.00,Feet,East,GAUCHO ROAD PVTDR,,,,0.00,N,Not at Intersection,N,Non-Junction,None,,,         ,Kelby,Dumond,Clear,Not Collision with Motor Vehicle in Transport,no,no,no,no,no,False
102193105,METROPOLITAN NASHVILLE POLICE DEPT,20180906751,Davidson,Nashville,10/28/2018 3:59:00 PM,2,1,0,36.068470,-86.674320,RICHARDS RD,,,,0.00,Feet,,ARTELIA DR,,,,0.00,Y,T-Intersection,N,Intersection,None,,,         ,Shelby,Hughes,Clear,Front to Rear,no,no,no,no,yes,False
102193107,BELLE MEADE POLICE DEPT,18-0301,Davidson,Belle Meade,10/28/2018 5:11:00 PM,2,0,0,36.113270,-86.862950,JACKSON BLVD,,,,0.00,,,HARDING PKE,,,,0.00,Y,T-Intersection, ,Intersection,None,,,         ,Mark,Hill,Cloudy,Front to Rear,no,no,no,no,no,False
102193108,METROPOLITAN NASHVILLE POLICE DEPT,20180907372,Davidson,Nashville,10/28/2018 7:53:00 PM,2,0,0,36.129980,-86.901130,CHARLOTTE PKE,,,,110.00,Feet,West,CABOT DR,,,,0.00,N,Not at Intersection, ,Non-Junction,None,,,         ,Joanna,D'Agostino,Clear,Front to Rear,no,no,no,no,no,False
102193114,BELLE MEADE POLICE DEPT,18-0302,Davidson,Belle Meade,10/28/2018 5:51:00 PM,1,0,0,36.112670,-86.863480,HARDING,RD,SR100,,100.00,Feet,West,JACKSON,BLVD,,,0.00,N,Not at Intersection,N,Non-Junction,None,,,         ,Mark,Hill,Cloudy,Not Collision with Motor Vehicle in Transport,no,no,no,no,no,False
102193119,METROPOLITAN NASHVILLE POLICE DEPT,20180907399,Davidson,Nashville,10/28/2018 10:30:00 PM,2,0,0,36.072050,-86.677000,HONOLULU RD,,,,100.00,Feet,East,HONOLULU CT,,,,0.00,N,Not at Intersection,N,Non-Junction,None,,,         ,Shelby,Hughes,Clear,Front to Rear,no,no,no,yes,yes,False
102193136,METROPOLITAN NASHVILLE POLICE DEPT,20180907509,Davidson,Not in City Limit,10/28/2018 11:51:00 PM,1,1,0,36.286450,-86.807890,I 24,,,,0.00,,,,,,,39.80,N,Not at Intersection, ,Non-Junction,None,,,         ,Ashton,Hill,Clear,Not Collision with Motor Vehicle in Transport,no,no,no,no,no,False
102193147,METROPOLITAN NASHVILLE POLICE DEPT,20180907499,Davidson,Nashville,10/28/2018 9:08:00 PM,2,0,0,36.045740,-86.674350,BELL RD,,,,0.00,,,BLUE HOLE RD,,,,0.00,Y,Four-Way,N,Non-Junction,None,,,         ,Daryn,Yentes,Clear,"Sideswipe, Same Direction",no,no,no,no,yes,False
102193148,METROPOLITAN NASHVILLE POLICE DEPT,20180907498,Davidson,Nashville,10/28/2018 8:20:00 PM,2,0,0,36.045370,-86.713260,NOLENSVILLE PKE,,,,0.00,Feet,,OLD HICKORY BLVD,,,,0.00,Y,Four-Way,N,Intersection,None,,,         ,Sharissa,Perez,Clear,Front to Rear,no,no,no,no,no,False
102193149,METROPOLITAN NASHVILLE POLICE DEPT,20180905689,Davidson,Nashville,10/28/2018 2:30:00 AM,1,0,0,36.187950,-86.607770,OLD LEBANON DIRT RD,,,,0.00,,,ANDREW JACKSON PKWY,,,,0.00,Y,Four-Way,N,Unknown,None,,,         ,Joao,Pinho,Cloudy,Not Collision with Motor Vehicle in Transport,no,no,no,yes,no,False
102193196,METROPOLITAN NASHVILLE POLICE DEPT,20180907560,Davidson,Nashville,10/28/2018 11:49:00 PM,2,0,0,36.154420,-86.760960,I 40,,,,0.00,,,,,,,210.90,N,Not at Intersection, ,Non-Junction,Construction Zone,,,         ,Kyle,Berkheiser,Clear,Front to Rear,no,no,no,no,no,False
102193216,METROPOLITAN NASHVILLE POLICE DEPT,20180907120,Davidson,Nashville,10/28/2018 7:31:00 PM,2,0,0,36.120480,-86.905740,RODNEY DR,,,,857.00,Feet,South,SHAWNEE DR,,,,0.00,N,Not at Intersection,N,Non-Junction,None,,,         ,Adam,Reese,Clear,"Sideswipe, Opposite Direction",no,no,no,no,no,False
102193622,METROPOLITAN NASHVILLE POLICE DEPT,20180901812,Davidson,Nashville,10/26/2018 1:07:00 PM,2,2,0,36.081100,-86.758360,HARDING PL,,,,0.00,,,TROUSDALE DR,,,,0.00,Y,Four-Way,N,Intersection,None,,,         ,Kevin,Coleman,Rain,Angle,no,no,no,no,no,False
102193632,Nashville Airport Police,18-04263,Davidson,Nashville,10/21/2018 9:30:00 AM,2,0,0,36.126300,-86.677400,TERMINAL DRIVE,,SR1,,0.00,,,TERMINAL DRIVE,DR,SRONE,ONE,0.00,Y,T-Intersection, ,Intersection,None,,,         ,Jerry,Lovell,Clear,Front to Rear,no,no,no,no,yes,False
102193994,THP District 9 - Administrative,318070649,Davidson,Nashville,10/25/2018 6:50:00 AM,2,0,0,36.144380,-86.696620,I 40,,,,0.00,,,,,,,214.90,N,Not at Intersection,N,Non-Junction,None,,,         ,Steve,Sakarapanee,Cloudy,Front to Rear,no,no,no,no,no,False
102194127,VANDERBILT UNIVERSITY POLICE,20180909252,Davidson,Nashville,10/24/2018 1:45:00 PM,2,0,0,36.141090,-86.773110,CHESTNUT ST,,,,429.00,Feet,West,FORT NEGLEY BLVD,,,,0.00,N,Not at Intersection, ,Non-Junction,None,,,         ,Mark,Clear,Clear,HeadOn,no,no,no,yes,yes,False
102194406,VANDERBILT UNIVERSITY POLICE,18-0907480,Davidson,Nashville,10/28/2018 12:00:00 AM,1,0,0,36.140160,-86.801160,MEDICAL CENTER DR,,,,0.00,,,,,,,0.00,,, ,,None,,,         ,Martin,Hill,,,no,no,no,yes,no,Campus
102194650,METROPOLITAN NASHVILLE POLICE DEPT,20180906456,Davidson,Nashville,10/28/2018 12:00:00 AM,2,0,0,36.170270,-86.772860,N 1ST ST,,,,0.00,,,MAIN ST,,,,0.00,Y,OTHER,N,Non-Junction,None,,,         ,Gregory,Julia,Clear,Unknown,no,no,no,yes,yes,False
102195331,METROPOLITAN NASHVILLE POLICE DEPT,20180895851,Davidson,Nashville,10/24/2018 2:37:00 PM,2,3,0,36.044850,-86.668370,BELL RD,,,,0.00,,,ARBOR COMMON,,,,0.00,Y,Four-Way,N,Intersection,None,,,         ,Brian,Theriac,Clear,Angle,no,no,no,no,no,False
102195769,THP District 9 - Administrative,318070724,Davidson,Nashville,10/25/2018 1:13:00 PM,2,0,0,36.168160,-86.785860,JAMES ROBERTSON PKWY,,,,178.00,Feet,East,7TH AVN,,,,0.00,N,Not at Intersection, ,Non-Junction,None,,,         ,Brian,Carmouche,Clear,Front to Rear,no,no,no,no,no,False
102196004,VANDERBILT UNIVERSITY POLICE,2018003545,Davidson,Nashville,10/27/2018 11:04:00 AM,1,0,0,36.139700,-86.798880,SOUTH DR,,,,154.00,Feet,West,VILLAGE AT VANDERBILT,,,,0.00,N,Not at Intersection,N,Non-Junction,None,,,         ,Marsha,Hayes,Cloudy,Not Collision with Motor Vehicle in Transport,no,no,no,yes,yes,Campus
102204642,METROPOLITAN NASHVILLE POLICE DEPT,20180896509,Davidson,Nashville,10/24/2018 6:45:00 PM,1,1,0,36.153180,-86.779350,8TH AVS,,,,63.00,Feet,North,CANNERY ROW,,,,0.00,N,Not at Intersection,N,Non-Junction,None,,,         ,Christopher,Augustin,Clear,Not Collision with Motor Vehicle in Transport,yes,no,no,no,no,False
102205144,THP District 3 - Nashville,318070424,Davidson,Nashville,10/24/2018 7:00:00 AM,2,0,0,36.105990,-86.767560,I 65,,,,0.00,,,,,,,79.50,N,Not at Intersection, ,Non-Junction,None,,,         ,Alexander,Campbell,Clear,Front to Rear,no,no,no,no,yes,False
102229805,TENNESSEE STATE UNIVERSITY ,18-TSU60959,Davidson,Nashville,10/25/2018 1:00:00 PM,2,0,0,36.164650,-86.827100,ALAMEDA ST,,,,212.00,Feet,West,33RD AVN,,,,0.00,N,Not at Intersection, ,Non-Junction,None,,,         ,Lionel,Butler,Clear,Angle,no,no,no,yes,no,False
102468981,Nashville Airport Police,2018-04271,Davidson,Nashville,10/22/2018 5:16:00 AM,2,0,0,36.136160,-86.667550,TERMINAL,DR,,,0.50,Miles,South,,,216A RAM,,216.00,,Not at Intersection, ,AccelDecelLane,None,,,         ,Dana,Folmar,Fog,Front to Rear,no,no,no,no,no,False
102193157,METROPOLITAN NASHVILLE POLICE DEPT,20180907703,Davidson,Nashville,10/29/2018 12:55:00 AM,2,0,0,36.089260,-86.617070,SMITH SPRINGS RD,,,,0.00,Feet,East,BUTLER RD,,,,0.00,N,Not at Intersection,N,Non-Junction,None,,,         ,Bradley,Pope,Clear,Front to Rear,no,no,no,no,no,False
102193188,METROPOLITAN NASHVILLE POLICE DEPT,20180907908,Davidson,Nashville,10/29/2018 3:04:00 AM,1,0,0,36.211810,-86.891630,ASHLAND CITY HWY,,,,1142.00,Feet,East,WWCR AV,,,,0.00,N,Not at Intersection,N,Non-Junction,None,,,         ,Abigail,Malone,Clear,Not Collision with Motor Vehicle in Transport,no,no,no,no,no,False
102193263,METROPOLITAN NASHVILLE POLICE DEPT,20180908075,Davidson,Nashville,10/29/2018 4:46:00 AM,2,0,0,36.133750,-86.895910,I 40,,,,0.00,,,,,,,201.35,N,Not at Intersection, ,Non-Junction,None,,,         ,Laura,Mullin,Clear,Not Collision with Motor Vehicle in Transport,no,no,no,no,no,False