master_record_number,agency,agency_tracking_number,county,city,collision_date,vehicles_involved,number_injured,number_dead,latitude,longitude,roadway_name,roadway_suffix,roadway_number,roadway_local_id,distance_from_reference,miles-feet_indicator,direction_from_reference,intersection_road_name,intersection_road_name_suffix,intersection_road_number,intersection_local_id,mile_marker,intersection_indicator,intersect_type,interchange_related_indicator,relation_to_junction,work_zone_type,construction_maintenance_zone,construction_maintenance_zone_location,fatal_case_number,officer_first_name,officer_last_name,weather_condition(s),manner_of_crash,pedestrian,bicycle,scooter,parking,hitrun,mou
102196751,METROPOLITAN NASHVILLE POLICE DEPT,20180918047,Davidson,Nashville,11/1/2018 7:40:00 AM,2,0,0,36.155650,-86.789720,14TH AVS,,,,0.00,,,BROADWAY,,,,0.00,Y,Four-Way, ,Intersection,None,,,         ,David,Lang,Rain,"Sideswipe, Same Direction",no,no,no,no,no,False
102196758,METROPOLITAN NASHVILLE POLICE DEPT,20180918098,Davidson,Nashville,11/1/2018 7:55:00 AM,3,0,0,36.124670,-86.906570,I 40,,,,0.00,,,,,,,200.50,N,Not at Intersection, ,Non-Junction,None,,,         ,Curtis,Rich,Rain,Front to Rear,no,no,no,no,no,False
102196761,METROPOLITAN NASHVILLE POLICE DEPT,20180918023,Davidson,Nashville,11/1/2018 7:25:00 AM,2,0,0,36.055070,-86.900730,OLD HICKORY BLVD,,,,733.00,Feet,West,GAUCHO ROAD PVTDR,,,,0.00,N,Not at Intersection,N,Non-Junction,None,,,         ,Wesley,Tilley,Rain,Angle,no,no,no,no,no,False
102196762,METROPOLITAN NASHVILLE POLICE DEPT,20180917936,Davidson,Nashville,11/1/2018 6:40:00 AM,2,0,0,36.045570,-86.673620,BELL RD,,,,222.00,Feet,East,BLUE HOLE RD,,,,0.00,N,Not at Intersection, ,Non-Junction,None,,,         ,Gerald,Gomes,Rain,"Sideswipe, Same Direction",no,no,no,no,no,False
102196765,METROPOLITAN NASHVILLE POLICE DEPT,20180918179,Davidson,Nashville,11/1/2018 8:31:00 AM,2,0,0,36.193950,-86.831680,CLARKSVILLE PKE,,,,174.00,Feet,West,BUENA VISTA PKE,,,,0.00,N,Not at Intersection, ,Non-Junction,None,,,         ,Wesley,Young,Rain,Front to Rear,no,no,no,no,no,False
102196766,METROPOLITAN NASHVILLE POLICE DEPT,20180918146,Davidson,Nashville,11/1/2018 7:51:00 AM,2,0,0,36.186530,-86.632430,LEBANON PKE,,,,0.00,,,STONES RIVER RD,,,,0.00,Y,Four-Way, ,Intersection-Related,None,,,         ,Tien,Nguyen,Rain,Front to Rear,no,no,no,no,no,False
102196772,METROPOLITAN NASHVILLE POLICE DEPT,20180918231,Davidson,Nashville,11/1/2018 9:00:00 AM,1,0,0,36.170260,-86.883360,COCKRILL BEND BLVD,,,,1122.00,Feet,East,TUFTING CT,,,,0.00,N,Not at Intersection, ,Non-Junction,None,,,         ,George,Spencer,Rain,Not Collision with Motor Vehicle in Transport,no,no,no,no,no,False
102196778,METROPOLITAN NASHVILLE POLICE DEPT,20180918007,Davidson,Nashville,11/1/2018 7:24:00 AM,2,1,0,36.089510,-86.622170,RURAL HILL RD,,,,39.00,Feet,South,SMITH SPRINGS RD,,,,0.00,N,Not at Intersection,N,Non-Junction,None,,,         ,Jason,Milyaro Lucas,Rain,Angle,no,no,no,no,no,False
102196781,METROPOLITAN NASHVILLE POLICE DEPT,20180918224,Davidson,Nashville,11/1/2018 8:58:00 AM,1,0,0,36.169220,-86.606600,I40 E EXT RAMP,,,,0.00,Feet,East,I 40,,,,0.00,N,Not at Intersection,N,Entrance/Exit Ramp Related,None,,,         ,Kelsey,Hemminger,Rain,Not Collision with Motor Vehicle in Transport,no,no,no,no,no,False
102196802,METROPOLITAN NASHVILLE POLICE DEPT,20180918238,Davidson,Nashville,11/1/2018 9:00:00 AM,3,0,0,36.118000,-86.773550,I 65,,,,0.00,,,,,,,80.30,N,Not at Intersection,N,Non-Junction,None,,,         ,Justin,Pinkelton,Rain,Front to Rear,no,no,no,no,yes,False
102196803,METROPOLITAN NASHVILLE POLICE DEPT,20180918175,Davidson,Nashville,11/1/2018 8:36:00 AM,1,1,0,36.166420,-86.611460,I40 E EXT RAMP,,,,0.00,Feet,East,I 40,,,,0.00,N,Not at Intersection,N,Entrance/Exit Ramp Related,None,,,         ,Zachary,Plese,Rain,Not Collision with Motor Vehicle in Transport,no,no,no,no,no,False
102196804,METROPOLITAN NASHVILLE POLICE DEPT,20180918199,Davidson,Nashville,11/1/2018 8:05:00 AM,2,0,0,36.110190,-86.770430,I 65,,,,0.00,,,,,,,79.75,N,Not at Intersection, ,Non-Junction,None,,,         ,Jon,Mcvey,Rain,Front to Rear,no,no,no,no,no,False
102196805,METROPOLITAN NASHVILLE POLICE DEPT,20180918105,Davidson,Nashville,11/1/2018 8:05:00 AM,3,0,0,36.110270,-86.770490,I 65,,,,0.00,,,,,,,79.75,N,Not at Intersection, ,Non-Junction,None,,,         ,Jon,Mcvey,Rain,Front to Rear,no,no,no,no,no,False
102196807,METROPOLITAN NASHVILLE POLICE DEPT,20180918132,Davidson,Nashville,11/1/2018 8:15:00 AM,2,0,0,36.153960,-86.818220,28TH AVN,,,,0.00,,,CHARLOTTE AV,,,,0.00,Y,Four-Way,N,Intersection,None,,,         ,David,Lang,Rain,Front to Rear,no,no,no,no,yes,False
102196808,METROPOLITAN NASHVILLE POLICE DEPT,20180918357,Davidson,Nashville,11/1/2018 10:05:00 AM,2,0,0,36.118860,-86.774590,FRANKLIN PKE,,,,0.00,,,BERRY RD,,,,0.00,Y,Four-Way, ,Intersection,None,,,         ,Nathan,Kemp,Rain,Front to Rear,no,no,no,no,no,False
102196819,METROPOLITAN NASHVILLE POLICE DEPT,20180918150,Davidson,Nashville,11/1/2018 8:48:00 AM,2,0,0,36.097310,-86.708950,I 24,,,,0.00,,,,,,,54.80,N,Not at Intersection, ,Non-Junction,None,,,         ,Jessie,Meadows,Rain,Front to Rear,no,no,no,no,no,False
102196829,METROPOLITAN NASHVILLE POLICE DEPT,20180918290,Davidson,Nashville,11/1/2018 9:30:00 AM,1,0,0,36.119430,-86.701740,BRILEY PKWY S EXT RAMP,,,,0.00,,,MURFREESBORO PKE,,,,0.00,Y,Four-Way,N,Entrance/Exit Ramp Related,None,,,         ,Jason,Hees,Rain,Not Collision with Motor Vehicle in Transport,no,no,no,no,no,False
102196836,METROPOLITAN NASHVILLE POLICE DEPT,20180918360,Davidson,Not in City Limit,11/1/2018 10:00:00 AM,2,0,0,36.313560,-86.866560,OLD CLARKSVILLE PKE,,,,525.00,Feet,West,WHITES CREEK PKE,,,,0.00,N,Not at Intersection, ,Non-Junction,None,,,         ,Wesley,Young,Rain,Front to Rear,no,no,no,no,no,False
102196848,METROPOLITAN NASHVILLE POLICE DEPT,20180916443,Davidson,Nashville,10/31/2018 5:44:00 PM,2,0,0,36.166560,-86.820430,28TH AVN,,,,18.00,Feet,South,MEHARRY BLVD,,,,0.00,N,Not at Intersection,N,Non-Junction,None,,,         ,Charles,Holmes,Clear,Angle,no,no,no,no,no,False
102196869,METROPOLITAN NASHVILLE POLICE DEPT,20180918368,Davidson,Nashville,11/1/2018 10:05:00 AM,2,0,0,36.040280,-86.768370,OLD HICKORY BLVD,,,,0.00,Feet,East,SEVEN SPRINGS WAY,,,,0.00,N,Not at Intersection, ,,None,,,         ,Gregory,Scott,,,no,no,no,no,no,False
102196872,METROPOLITAN NASHVILLE POLICE DEPT,20180918249,Davidson,Nashville,11/1/2018 9:11:00 AM,2,1,0,36.082900,-86.646900,MURFREESBORO PKE,,,,77.00,Feet,North,SHUMATE LN,,,,0.00,N,Not at Intersection,N,Non-Junction,None,,,         ,Jessie,Meadows,Rain,Angle,no,no,no,no,no,False
102196873,METROPOLITAN NASHVILLE POLICE DEPT,20180918305,Davidson,Nashville,11/1/2018 9:34:00 AM,2,0,0,36.144210,-86.816540,31ST AVN,,,,243.00,Feet,North,HEDRICK ST,,,,0.00,N,Not at Intersection,N,Non-Junction,None,,,         ,David,Lang,Rain,Angle,no,no,no,no,no,Campus
102196875,METROPOLITAN NASHVILLE POLICE DEPT,20180918142,Davidson,Nashville,11/1/2018 8:25:00 AM,2,2,0,36.192970,-86.801830,ATHENS WAY,,,,0.00,Feet,,ROSA L PARKS BLVD,,,,0.00,Y,Four-Way,N,Intersection,None,,,         ,Isaac,Wood,Rain,Angle,no,no,no,no,no,False
102196883,THP District 3 - Nashville,318072099,Davidson,Nashville,10/31/2018 5:03:00 PM,2,0,0,36.015730,-86.622250,I 24,,,,0.00,,,,,,,62.45,N,Not at Intersection, ,Non-Junction,None,,,         ,Kristopher,Krasnow,Rain,Front to Rear,no,no,no,no,no,False
102196889,METROPOLITAN NASHVILLE POLICE DEPT,20180918390,Davidson,Nashville,11/1/2018 10:30:00 AM,1,0,0,36.075650,-86.725110,NOLENSVILLE PKE,,,,221.00,Feet,North,FLORA MAXWELL RD,,,,0.00,N,Not at Intersection, ,OtherLocation,None,,,         ,Charles,Coe,Cloudy,Not Collision with Motor Vehicle in Transport,no,no,no,yes,no,False
102196890,METROPOLITAN NASHVILLE POLICE DEPT,20180918433,Davidson,Nashville,11/1/2018 10:43:00 AM,1,0,0,36.073410,-86.692150,I 24,,,,0.00,,,,,,,56.70,N,Not at Intersection,N,Non-Junction,None,,,         ,Jessie,Meadows,Rain,Not Collision with Motor Vehicle in Transport,no,no,no,no,no,False
102196894,METROPOLITAN NASHVILLE POLICE DEPT,20180918470,Davidson,Nashville,11/1/2018 10:47:00 AM,2,0,0,36.151120,-86.769690,I 40,,,,0.00,,,,,,,210.45,N,Not at Intersection, ,Non-Junction,None,,,         ,Johnathan,Carlisle,Rain,Front to Rear,no,no,no,no,no,False
102196895,METROPOLITAN NASHVILLE POLICE DEPT,20180918546,Davidson,Nashville,11/1/2018 10:50:00 AM,2,0,0,36.135470,-86.797140,18TH AVS,,,,27.00,Feet,South,MAGNOLIA BLVD,,,,0.00,N,Not at Intersection, ,Non-Junction,None,,,         ,David,Crisman,Cloudy,Front to Rear,no,no,no,no,no,False
102196896,METROPOLITAN NASHVILLE POLICE DEPT,20180918182,Davidson,Nashville,11/1/2018 8:18:00 AM,3,3,0,36.166350,-86.780690,4TH AVN,,,,0.00,,,CHARLOTTE AV,,,,0.00,Y,Four-Way,N,Intersection,None,,,         ,Byron,Carter,Rain,Angle,no,no,no,no,no,False
102196897,METROPOLITAN NASHVILLE POLICE DEPT,20180918511,Davidson,Nashville,11/1/2018 11:17:00 AM,2,0,0,36.168620,-86.766010,I 24,,,,0.00,,,,,,,48.80,N,Not at Intersection,N,Non-Junction,None,,,         ,Nicholas,Smith,Cloudy,Front to Rear,no,no,no,no,no,False
102196909,METROPOLITAN NASHVILLE POLICE DEPT,20180918443,Davidson,Nashville,11/1/2018 10:46:00 AM,2,2,0,36.056200,-86.815680,GRANNY WHITE PKE,,,,76.00,Feet,South,RADNOR GLEN DR,,,,0.00,N,Not at Intersection,N,Non-Junction,None,,,         ,Jon,Mcvey,Cloudy,HeadOn,no,no,no,no,no,False
102196932,METROPOLITAN NASHVILLE POLICE DEPT,20180918572,Davidson,Nashville,11/1/2018 11:44:00 AM,1,0,0,36.217760,-86.803160,WHITES CREEK PKE,,,,169.00,Feet,South,MOORMANS ARM RD,,,,0.00,N,Not at Intersection,N,Non-Junction,None,,,         ,Wesley,Young,Cloudy,Not Collision with Motor Vehicle in Transport,no,no,no,no,yes,False
102196933,METROPOLITAN NASHVILLE POLICE DEPT,20180918668,Davidson,Nashville,11/1/2018 12:26:00 PM,2,0,0,36.147550,-86.758650,LAFAYETTE ST,,,,0.00,,,LEWIS ST,,,,0.00,Y,Four-Way,N,Non-Junction,None,,,         ,Alex,Moore,Cloudy,"Sideswipe, Same Direction",no,no,no,no,yes,False
102196935,METROPOLITAN NASHVILLE POLICE DEPT,20180918669,Davidson,Nashville,11/1/2018 12:28:00 PM,1,0,0,36.161300,-86.598430,BELL RD,,,,383.00,Feet,West,OLD HICKORY BLVD,,,,0.00,N,Not at Intersection,N,Non-Junction,None,,,         ,Tien,Nguyen,Cloudy,Not Collision with Motor Vehicle in Transport,no,no,no,no,no,False
102196938,GOODLETTSVILLE POLICE DEPT,18-38509,Davidson,Goodlettsville,11/1/2018 8:04:00 AM,2,1,0,36.301180,-86.710510,I 65,,,,0.00,,,,,,,95.25,N,Not at Intersection,N,Non-Junction,None,,,         ,Daniel,Knalls,Rain,Angle,no,no,no,no,no,False
102196945,METROPOLITAN NASHVILLE POLICE DEPT,20180918724,Davidson,Nashville,11/1/2018 12:33:00 PM,2,0,0,36.140310,-86.823530,I440 E EXT RAMP,,,,0.00,,,I 440,,,,0.00,Y,T-Intersection,N,Entrance/Exit Ramp Related,None,,,         ,Curtis,Rich,Rain,Front to Rear,no,no,no,no,no,False
102196952,METROPOLITAN NASHVILLE POLICE DEPT,20180918673,Davidson,Nashville,11/1/2018 12:29:00 PM,2,0,0,36.159080,-86.825050,CLIFTON AV,,,,0.00,,,33RD AVN,,,,0.00,Y,T-Intersection,N,Intersection,None,,,         ,Wesley,Young,Cloudy,HeadOn,no,no,no,no,yes,False
102196972,METROPOLITAN NASHVILLE POLICE DEPT,20180918540,Davidson,Nashville,11/1/2018 11:25:00 AM,1,0,0,36.213640,-86.872400,BRILEY PKWYS,,,,138.00,Feet,North,BRILEY PKWYN,,,,0.00,N,Not at Intersection, ,Non-Junction,None,,,         ,Victor,Alexander,Cloudy,Not Collision with Motor Vehicle in Transport,no,no,no,no,no,False
102197002,METROPOLITAN NASHVILLE POLICE DEPT,20180918766,Davidson,Nashville,11/1/2018 1:02:00 PM,2,0,0,36.184410,-86.610170,ANDREW JACKSON PKWY,,,,317.00,Feet,North,OLD HICKORY BLVD,,,,0.00,N,Not at Intersection, ,Non-Junction,None,,,         ,Thomas,Odom,Rain,Front to Rear,no,no,no,no,no,False
102197005,METROPOLITAN NASHVILLE POLICE DEPT,20180918699,Davidson,Nashville,11/1/2018 11:29:00 AM,1,0,0,36.170290,-86.765540,S 4TH ST,,,,0.00,,,RUSSELL ST,,,,0.00,Y,OTHER,N,Non-Junction,None,,,         ,Jonathan,Phipps,Rain,Not Collision with Motor Vehicle in Transport,no,no,no,no,yes,False
102197038,METROPOLITAN NASHVILLE POLICE DEPT,2018-0918665,Davidson,Nashville,11/1/2018 12:59:00 PM,1,1,0,36.135230,-86.858310,WHITE BRIDGE PKE,,,,0.00,,,VINE RIDGE DR,,,,0.00,Y,T-Intersection,N,Intersection-Related,None,,,         ,Douglas,Meringer,Rain,Not Collision with Motor Vehicle in Transport,yes,no,no,no,no,False
102197073,METROPOLITAN NASHVILLE POLICE DEPT,20180918735,Davidson,Nashville,11/1/2018 1:05:00 PM,2,0,0,36.086940,-86.693480,HARDING PL,,,,414.00,Feet,West,ANTIOCH PKE,,,,0.00,N,Not at Intersection,N,Non-Junction,None,,,         ,Jessie,Meadows,Clear,Angle,no,no,no,no,no,False
102197074,METROPOLITAN NASHVILLE POLICE DEPT,20180918879,Davidson,Nashville,11/1/2018 2:10:00 PM,2,1,0,36.069270,-86.690870,I24 E EXT RAMP,,,,0.00,Feet,East,I 24,,,,0.00,N,Not at Intersection,N,Non-Junction,None,,,         ,Jessie,Meadows,Clear,Front to Rear,no,no,no,no,no,False
102197080,METROPOLITAN NASHVILLE POLICE DEPT,20180918802,Davidson,Nashville,11/1/2018 1:25:00 PM,2,0,0,36.193340,-86.752680,ELLINGTON PKWYN,,,,0.00,,,ELLINGTON PKWY N EXT RAMP,,,,0.00,Y,OTHER,N,Non-Junction,None,,,         ,David,Collins,Rain,"Sideswipe, Same Direction",no,no,no,no,no,False
102197089,METROPOLITAN NASHVILLE POLICE DEPT,20180918844,Davidson,Nashville,11/1/2018 1:36:00 PM,2,1,0,36.201340,-86.624950,BONNAFIELD DR,,,,211.00,Feet,West,BONNASPRING DR,,,,0.00,N,Not at Intersection,N,Non-Junction,None,,,         ,Zachary,Plese,Clear,Angle,no,no,no,no,no,False
102197098,METROPOLITAN NASHVILLE POLICE DEPT,20180918944,Davidson,Nashville,11/1/2018 2:07:00 PM,2,0,0,36.181300,-86.806050,CEPHAS ST,,,,403.00,Feet,North,BUCHANAN ST,,,,0.00,N,Not at Intersection,N,Non-Junction,None,,,         ,Kevin,Reynolds,Rain,"Sideswipe, Same Direction",no,no,no,no,yes,False
102197115,METROPOLITAN NASHVILLE POLICE DEPT,20180918963,Davidson,Nashville,11/1/2018 2:27:00 PM,2,0,0,36.149100,-86.625580,BELL RD,,,,644.00,Feet,North,TRAILS CIR,,,,0.00,N,Not at Intersection,N,Non-Junction,None,,,         ,Thomas,Odom,Rain,Angle,no,no,no,no,no,False
102197116,METROPOLITAN NASHVILLE POLICE DEPT,20180919010,Davidson,Nashville,11/1/2018 2:23:00 PM,2,0,0,36.153370,-86.751090,HERMITAGE AV,,,,0.00,Feet,,KEITH ST,,,,0.00,Y,T-Intersection,N,Intersection,None,,,         ,Thomas,Odom,Rain,Front to Rear,no,no,no,no,no,False
102197117,METROPOLITAN NASHVILLE POLICE DEPT,20180918931,Davidson,Nashville,11/1/2018 2:11:00 PM,1,0,0,36.044620,-86.659490,I24 E ENT RAMP,,,,0.00,,,BELL RD,,,,0.00,Y,Y-Intersection,N,Entrance/Exit Ramp Related,None,,,         ,Alex,Moore,Cloudy,Not Collision with Motor Vehicle in Transport,no,no,no,no,no,False
102197121,METROPOLITAN NASHVILLE POLICE DEPT,20180918989,Davidson,Nashville,11/1/2018 2:20:00 PM,2,0,0,36.119170,-86.836020,ESTES RD,,,,230.00,Feet,North,CRESCENT RD,,,,0.00,N,Not at Intersection, ,Non-Junction,None,,,         ,Jeremy,Spears,Cloudy,Front to Rear,no,no,no,no,no,False
102197141,METROPOLITAN NASHVILLE POLICE DEPT,20180918993,Davidson,Nashville,11/1/2018 2:48:00 PM,2,0,0,36.158760,-86.798280,CHARLOTTE AV,,,,36.00,Feet,West,17TH AVN,,,,0.00,N,Not at Intersection, ,Non-Junction,None,,,         ,Melvin,Taylor,Clear,Front to Rear,no,no,no,no,no,False
102197173,METROPOLITAN NASHVILLE POLICE DEPT,20180919117,Davidson,Nashville,11/1/2018 2:45:00 PM,2,0,0,36.230810,-86.724970,GALLATIN PKE,,,,161.00,Feet,South,HAYSBORO AV,,,,0.00,N,Not at Intersection, ,Non-Junction,None,,,         ,Alexander,Georgeson,Cloudy,"Sideswipe, Same Direction",no,no,no,no,no,False
102197176,METROPOLITAN NASHVILLE POLICE DEPT,20180919140,Davidson,Not in City Limit,11/1/2018 3:44:00 PM,2,0,0,36.262210,-86.712210,GALLATIN PKES,,,,0.00,,,E OLD HICKORY BLVD,,,,0.00,Y,Four-Way, ,,None,,,         ,Christopher,Littles,,,no,no,no,no,no,False
102197184,METROPOLITAN NASHVILLE POLICE DEPT,20180919107,Davidson,Nashville,11/1/2018 4:08:00 PM,2,1,0,36.095430,-86.707430,I 24,,,,0.00,,,,,,,54.95,N,Not at Intersection,N,Non-Junction,None,,,         ,Aimee,Ortiz,Rain,"Sideswipe, Opposite Direction",no,no,no,no,yes,False
102197187,METROPOLITAN NASHVILLE POLICE DEPT,20180919268,Davidson,Nashville,11/1/2018 4:21:00 PM,2,0,0,36.112860,-86.797700,WOODMONT BLVD,,,,690.00,Feet,East,BELMONT BLVD,,,,0.00,N,Not at Intersection, ,Non-Junction,None,,,         ,Ryan,Coll,Rain,Front to Rear,no,no,no,no,no,False
102197192,METROPOLITAN NASHVILLE POLICE DEPT,20180919155,Davidson,Nashville,11/1/2018 3:30:00 PM,2,0,0,36.144430,-86.813320,WEST END AV,,,,75.00,Feet,West,29TH AVN,,,,0.00,N,Not at Intersection,N,Non-Junction,None,,,         ,Gary,Peters,Cloudy,Angle,no,no,no,yes,yes,Campus
102197199,METROPOLITAN NASHVILLE POLICE DEPT,20180919281,Davidson,Nashville,11/1/2018 4:36:00 PM,2,1,0,36.081360,-86.714650,HARDING PL,,,,154.00,Feet,East,HUMBER DR,,,,0.00,N,Not at Intersection,N,Non-Junction,None,,,         ,Benny,Pittman,Rain,Front to Rear,no,no,no,no,no,False
102197209,METROPOLITAN NASHVILLE POLICE DEPT,20180919288,Davidson,Nashville,11/1/2018 4:30:00 PM,2,0,0,36.169480,-86.682440,FAIRWAY DR,,,,152.00,Feet,North,LEBANON PKE,,,,0.00,N,Not at Intersection, ,Non-Junction,None,,,         ,Corey,Ethridge,Cloudy,Front to Rear,no,no,no,no,no,False
102197210,METROPOLITAN NASHVILLE POLICE DEPT,20180919311,Davidson,Nashville,11/1/2018 4:18:00 PM,2,0,0,36.251720,-86.743130,DUE WEST AVN,,,,472.00,Feet,North,OLD DUE WEST AV,,,,0.00,N,Not at Intersection,N,Non-Junction,None,,,         ,Christopher,Littles,Cloudy,Angle,no,no,no,yes,yes,False
102197211,METROPOLITAN NASHVILLE POLICE DEPT,20180919272,Davidson,Nashville,11/1/2018 4:15:00 PM,2,1,0,36.064170,-86.629130,HAMILTON CHURCH RD,,,,298.00,Feet,South,MURFREESBORO PKE,,,,0.00,N,Not at Intersection,N,Non-Junction,None,,,         ,Arend,Groeneweg,Rain,Front to Rear,no,no,no,no,no,False
102197215,METROPOLITAN NASHVILLE POLICE DEPT,20180919290,Davidson,Nashville,11/1/2018 4:33:00 PM,3,1,0,36.044830,-86.662670,BELL RD,,,,338.00,Feet,West,CANE RIDGE RD,,,,0.00,N,Not at Intersection,N,Non-Junction,None,,,         ,Nathaniel,Myers,Rain,Angle,no,no,no,no,no,False
102197219,METROPOLITAN NASHVILLE POLICE DEPT,20180919273,Davidson,Nashville,11/1/2018 4:33:00 PM,1,0,0,36.193490,-86.776790,I 65,,,,0.00,,,,,,,86.50,N,Not at Intersection,N,Non-Junction,None,,,         ,Melvin,Taylor,Clear,Not Collision with Motor Vehicle in Transport,no,no,no,no,no,False
102197220,METROPOLITAN NASHVILLE POLICE DEPT,20180919300,Davidson,Nashville,11/1/2018 4:30:00 PM,2,0,0,36.143950,-86.691630,I 40,,,,0.00,,,,,,,215.20,N,Not at Intersection,N,Non-Junction,None,,,         ,Brady,Reynolds,Rain,"Sideswipe, Same Direction",no,no,no,no,yes,False
102197223,METROPOLITAN NASHVILLE POLICE DEPT,20180919314,Davidson,Nashville,11/1/2018 4:49:00 PM,1,1,0,36.146970,-86.776230,FORT NEGLEY BLVD,,,,257.00,Feet,West,BASS ST,,,,0.00,N,Not at Intersection,N,Non-Junction,None,,,         ,FELIKS,ABRAHAMYAN,Rain,Not Collision with Motor Vehicle in Transport,no,no,no,no,no,False
102197224,METROPOLITAN NASHVILLE POLICE DEPT,20180919332,Davidson,Nashville,11/1/2018 5:01:00 PM,1,1,0,36.142810,-86.683000,I 40,,,,0.00,,,,,,,215.70,N,Not at Intersection,N,Non-Junction,None,,,         ,Allyson,Reis,Rain,Not Collision with Motor Vehicle in Transport,no,no,no,no,no,False
102197228,METROPOLITAN NASHVILLE POLICE DEPT,20180919244,Davidson,Nashville,11/1/2018 4:15:00 PM,2,0,0,36.109920,-86.723550,I24 E EXT RAMP,,,,234.00,Feet,North,I 24,,,,0.00,N,Not at Intersection,N,Non-Junction,None,,,         ,Eric,Wegener,Rain,"Sideswipe, Same Direction",no,no,no,no,yes,False
102197229,METROPOLITAN NASHVILLE POLICE DEPT,20180919034,Davidson,Not in City Limit,11/1/2018 3:05:00 PM,2,2,0,36.119300,-86.974580,OLD CHARLOTTE PKE,,,,200.00,Feet,West,OLD CHARLOTTE PKE PVTDR,,,,0.00,N,Not at Intersection,N,Non-Junction,None,,,         ,Jeremy,Huffine,Rain,Angle,no,no,no,no,no,False
102197234,VANDERBILT UNIVERSITY POLICE,2018-0919368,Davidson,Nashville,11/1/2018 5:00:00 PM,2,0,0,36.106540,-86.764560,POWELL AV,,,,0.00,,,POWELL PL,,,,0.00,Y,Four-Way, ,OtherLocation,None,,,         ,William,Amburn,Rain,Other,no,no,no,no,no,False
102197245,METROPOLITAN NASHVILLE POLICE DEPT,20180919321,Davidson,Nashville,11/1/2018 4:51:00 PM,1,0,0,36.053270,-86.775540,I 65,,,,0.00,,,,,,,74.75,N,Not at Intersection,N,Non-Junction,None,,,         ,Nicholas,Carroll,Rain,Not Collision with Motor Vehicle in Transport,no,no,no,no,no,False
102197248,METROPOLITAN NASHVILLE POLICE DEPT,20180919324,Davidson,Nashville,11/1/2018 4:48:00 PM,5,0,0,36.100980,-86.712200,I 24,,,,0.00,,,,,,,54.50,N,Not at Intersection, ,Non-Junction,None,,,         ,Andrew,Brazee,Cloudy,Front to Rear,no,no,no,no,no,False
102197255,METROPOLITAN NASHVILLE POLICE DEPT,20180919318,Davidson,Nashville,11/1/2018 4:10:00 PM,2,0,0,36.229840,-86.723650,RICHMOND DR,,,,415.00,Feet,East,GALLATIN PKE,,,,0.00,N,Not at Intersection, ,Non-Junction,None,,,         ,Alexander,Georgeson,Rain,Front to Rear,no,no,no,no,no,False
102197256,METROPOLITAN NASHVILLE POLICE DEPT,20180919312,Davidson,Nashville,11/1/2018 4:49:00 PM,2,2,0,36.073140,-86.691990,I 24,,,,0.00,,,,,,,56.70,N,Not at Intersection,N,Non-Junction,None,,,         ,Marcus,Darden,Rain,Angle,no,no,no,no,no,False
102197258,METROPOLITAN NASHVILLE POLICE DEPT,20180919466,Davidson,Goodlettsville,11/1/2018 6:12:00 PM,2,0,0,36.296910,-86.699160,GALLATIN PKEN,,,,0.00,,,RIVERGATE PKWY,,,,0.00,Y,Four-Way, ,Intersection,None,,,         ,Christopher,Littles,Cloudy,Front to Rear,no,no,no,no,no,False
102197260,METROPOLITAN NASHVILLE POLICE DEPT,20180919325,Davidson,Nashville,11/1/2018 4:00:00 PM,2,0,0,36.082510,-86.758120,TROUSDALE DR,,,,491.00,Feet,South,TIMBERHILL DR,,,,0.00,N,Not at Intersection,N,Non-Junction,None,,,         ,Garrett,Reingardt,Rain,"Sideswipe, Same Direction",no,no,no,no,yes,False
102197269,METROPOLITAN NASHVILLE POLICE DEPT,2018-0919928,Davidson,Nashville,11/1/2018 3:05:00 PM,4,0,0,36.182190,-86.814400,SEIFRIED ST,,,,0.00,,,23RD AVN,,,,0.00,Y,Four-Way,N,Intersection,None,,,         ,Ryan,Allen,Rain,Angle,no,no,no,no,yes,False
102197271,METROPOLITAN NASHVILLE POLICE DEPT,20180919377,Davidson,Nashville,11/1/2018 5:15:00 PM,2,1,0,36.087810,-86.649250,MURFREESBORO PKE,,,,368.00,Feet,North,RANSOM PL,,,,0.00,N,Not at Intersection,N,Non-Junction,None,,,         ,Tyler,Hall,Clear,Front to Rear,no,no,no,no,no,False
102197273,METROPOLITAN NASHVILLE POLICE DEPT,20180919423,Davidson,Nashville,11/1/2018 4:13:00 PM,2,0,0,36.107120,-86.768680,I 65,,,,0.00,,,,,,,79.50,N,Not at Intersection, ,Non-Junction,None,,,         ,Austin,Kendrick,Cloudy,Front to Rear,no,no,no,no,no,False
102197276,METROPOLITAN NASHVILLE POLICE DEPT,20180919378,Davidson,Nashville,11/1/2018 5:23:00 PM,2,2,0,36.045900,-86.684570,BELL RD,,,,261.00,Feet,South,BRENTRIDGE DR,,,,0.00,N,Not at Intersection,N,Non-Junction,None,,,         ,Jonathan,Watch,Rain,Angle,no,no,no,no,no,False
102197277,METROPOLITAN NASHVILLE POLICE DEPT,20180919473,Davidson,Nashville,11/1/2018 5:15:00 PM,2,0,0,36.182950,-86.744960,N 14TH ST,,,,180.00,Feet,South,EASTLAND AV,,,,0.00,N,Not at Intersection, ,Non-Junction,None,,,         ,Michael,Fitch,Cloudy,Front to Rear,no,no,no,no,no,False