master_record_number,agency,agency_tracking_number,county,city,collision_date,vehicles_involved,number_injured,number_dead,latitude,longitude,roadway_name,roadway_suffix,roadway_number,roadway_local_id,distance_from_reference,miles-feet_indicator,direction_from_reference,intersection_road_name,intersection_road_name_suffix,intersection_road_number,intersection_local_id,mile_marker,intersection_indicator,intersect_type,interchange_related_indicator,relation_to_junction,work_zone_type,construction_maintenance_zone,construction_maintenance_zone_location,fatal_case_number,officer_first_name,officer_last_name,weather_condition(s),manner_of_crash,pedestrian,bicycle,scooter,parking,hitrun,mou
102199637,METROPOLITAN NASHVILLE POLICE DEPT,20180924536,Davidson,Nashville,11/3/2018 2:48:00 PM,2,0,0,36.165210,-86.778360,3RD AVN,,,,149.00,Feet,South,UNION ST,,,,0.00,N,Not at Intersection, ,Non-Junction,None,,,         ,Seth,Quiles,Clear,Angle,no,no,no,no,no,False
102199647,METROPOLITAN NASHVILLE POLICE DEPT,20180924550,Davidson,Nashville,11/3/2018 3:50:00 PM,2,0,0,36.163360,-86.798430,CLINTON ST,,,,50.00,Feet,East,16TH AVN,,,,0.00,N,Not at Intersection,N,Non-Junction,None,,,         ,Amery,Milligan,Clear,Angle,no,no,no,no,no,False
102199650,METROPOLITAN NASHVILLE POLICE DEPT,20180924491,Davidson,Nashville,11/3/2018 12:08:00 PM,2,1,0,36.215600,-86.587500,LEBANON PKE,,,,306.00,Feet,East,BIG HORN DR,,,,0.00,N,Not at Intersection, ,Non-Junction,None,,,         ,Zachariah,Bush,Clear,"Sideswipe, Opposite Direction",no,no,no,no,yes,False
102199679,METROPOLITAN NASHVILLE POLICE DEPT,20180924565,Davidson,Nashville,11/3/2018 4:45:00 PM,2,0,0,36.154600,-86.786200,DEMONBREUN ST,,,,0.00,,,12TH AVS,,,,0.00,Y,Four-Way, ,Non-Junction,None,,,         ,Seth,Quiles,Clear,"Sideswipe, Opposite Direction",no,no,no,no,no,False
102199689,METROPOLITAN NASHVILLE POLICE DEPT,20180924686,Davidson,Nashville,11/3/2018 5:44:00 PM,2,1,0,36.093880,-86.624860,HARBOR LIGHTS DR,,,,0.00,,,BELL RD,,,,0.00,Y,T-Intersection,N,Intersection,None,,,         ,Gabriel,Vasquez,Clear,Front to Rear,no,no,no,no,no,False
102199690,METROPOLITAN NASHVILLE POLICE DEPT,20180924758,Davidson,Antioch,11/3/2018 12:04:00 PM,1,0,0,36.051110,-86.589980,PIN OAK DR,,,,15.00,Feet,South,PARK TRAIL PT,,,,0.00,N,Not at Intersection,N,Non-Junction,None,,,         ,Nathaniel,Myers,Clear,Not Collision with Motor Vehicle in Transport,no,no,no,no,no,False
102199691,METROPOLITAN NASHVILLE POLICE DEPT,20180924767,Davidson,Nashville,11/3/2018 6:24:00 PM,2,2,0,36.135540,-86.797170,MAGNOLIA BLVD,,,,0.00,,,17TH AVS,,,,0.00,Y,T-Intersection,N,Intersection,None,,,         ,FELIKS,ABRAHAMYAN,Clear,Angle,no,no,no,no,no,False
102199692,METROPOLITAN NASHVILLE POLICE DEPT,20180924816,Davidson,Nashville,11/3/2018 6:45:00 PM,2,0,0,36.136160,-86.788670,WEDGEWOOD AV,,,,0.00,,,12TH AVS,,,,0.00,Y,Four-Way,Y,Intersection,None,,,         ,Conor,Cronin,Clear,Angle,no,no,no,no,no,False
102199696,METROPOLITAN NASHVILLE POLICE DEPT,20180924860,Davidson,Nashville,11/3/2018 7:11:00 PM,2,0,0,36.193340,-86.830700,CLARKSVILLE PKE,,,,190.00,Feet,East,BUENA VISTA PKE,,,,0.00,N,Not at Intersection, ,Non-Junction,None,,,         ,Andrey,Volfson,Clear,"Sideswipe, Same Direction",no,no,no,no,no,False
102199710,METROPOLITAN NASHVILLE POLICE DEPT,20180924786,Davidson,Nashville,11/3/2018 6:30:00 PM,2,1,0,36.064410,-86.628060,MURFREESBORO PKE,,,,185.00,Feet,South,HAMILTON CHURCH RD,,,,0.00,N,Not at Intersection,N,Non-Junction,None,,,         ,Arend,Groeneweg,Clear,Front to Rear,no,no,no,no,yes,False
102199739,METROPOLITAN NASHVILLE POLICE DEPT,20180924891,Davidson,Nashville,11/3/2018 7:05:00 PM,2,0,0,36.151190,-86.801790,21ST AVN,,,,108.00,Feet,South,HAYES ST,,,,0.00,N,Not at Intersection, ,"Driveway, Alley Access, etc",None,,,         ,John,Roberson,Clear,"Sideswipe, Same Direction",no,no,no,no,no,Campus
102199753,METROPOLITAN NASHVILLE POLICE DEPT,20180924862,Davidson,Nashville,11/3/2018 7:11:00 PM,3,2,0,36.125660,-86.713030,EAST THOMPSON LN,,,,141.00,Feet,East,LAWNDALE DR,,,,0.00,N,Not at Intersection,N,Non-Junction,None,,,         ,YUNUS,ADAK,Clear,Front to Rear,no,no,no,no,no,False
102199774,METROPOLITAN NASHVILLE POLICE DEPT,20180924789,Davidson,Nashville,11/3/2018 6:17:00 PM,2,0,0,36.185510,-86.612960,OLD HICKORY BLVD,,,,979.00,Feet,North,DODSON CHAPEL RD,,,,0.00,N,Not at Intersection, ,,None,,,         ,Tony,Mingsing,,,no,no,no,no,no,False
102199798,METROPOLITAN NASHVILLE POLICE DEPT,20180924700,Davidson,Nashville,11/3/2018 5:43:00 PM,2,1,0,36.075200,-86.711470,FAULKNER DR,,,,555.00,Feet,North,LEOPOLE RD,,,,0.00,N,Not at Intersection,N,Non-Junction,None,,,         ,Jedidayah,Merriweather,Cloudy,Angle,no,no,no,no,no,False
102199817,METROPOLITAN NASHVILLE POLICE DEPT,20180924802,Davidson,Not in City Limit,11/3/2018 6:35:00 PM,2,0,0,36.259400,-86.684900,WARRIOR RD,,,,0.00,,,LARKIN SPRINGS RD,,,,0.00,Y,T-Intersection,N,Non-Junction,None,,,         ,Jacob,Krispin,Clear,Angle,no,no,no,no,no,False
102199860,BELLE MEADE POLICE DEPT,18-0303,Davidson,Belle Meade,10/29/2018 7:40:00 PM,2,0,0,36.107120,-86.859980,PARK HL,,,,232.00,Feet,South,CARRIAGE HL,,,,0.00,N,Not at Intersection, ,,None,,,         ,Doris,Howell,,,no,no,no,no,no,False
102199877,METROPOLITAN NASHVILLE POLICE DEPT,20180925032,Davidson,Nashville,11/3/2018 8:29:00 PM,2,3,0,36.049980,-86.649500,BELL RD,,,,0.00,,,MT VIEW RD,,,,0.00,Y,Four-Way,N,Intersection,None,,,         ,Nathaniel,Myers,Clear,Angle,no,no,no,no,no,False
102199879,METROPOLITAN NASHVILLE POLICE DEPT,20180925209,Davidson,Nashville,11/3/2018 9:35:00 PM,2,0,0,36.025470,-86.713120,BRADFORD HILLS DR,,,,0.00,,,LENOX VILLAGE DR,,,,0.00,Y,Four-Way, ,,None,,,         ,FELIKS,ABRAHAMYAN,,,no,no,no,no,no,False
102199880,METROPOLITAN NASHVILLE POLICE DEPT,20180925141,Davidson,Nashville,11/3/2018 7:46:00 PM,2,0,0,36.073780,-86.687300,RADER DR,,,,0.00,,,OVERBY DR,,,,0.00,Y,T-Intersection,N,Intersection-Related,None,,,         ,Marcus,Darden,Clear,Front to Rear,no,no,no,no,yes,False
102199881,METROPOLITAN NASHVILLE POLICE DEPT,20180925186,Davidson,Nashville,11/3/2018 9:03:00 PM,2,0,0,36.097690,-86.924880,OLD HICKORY BLVD,,,,97.00,Feet,North,RIDGELAKE PKWY,,,,0.00,N,Not at Intersection, ,Non-Junction,None,,,         ,Jeremy,Spoonemore,Clear,Front to Rear,no,no,no,no,no,False
102199882,METROPOLITAN NASHVILLE POLICE DEPT,20180924399,Davidson,Goodlettsville,11/3/2018 2:17:00 PM,2,0,0,36.296250,-86.698660,MYATT DR,,,,112.00,Feet,North,RIVERGATE STATION PVTDR,,,,0.00,N,Not at Intersection, ,Non-Junction,None,,,         ,Peter,Vaught,Clear,Angle,no,no,no,no,no,False
102199883,BERRY HILL POLICE DEPT,18-3942,Davidson,Berry Hill,11/3/2018 7:05:00 PM,2,0,0,36.122970,-86.776000,FRANKLIN PKE,,,,210.00,Feet,North,HORNER AV,,,,0.00,N,Not at Intersection,N,Non-Junction,None,,,         ,Monty,Sands,Clear,Angle,no,no,no,no,no,False
102199886,METROPOLITAN NASHVILLE POLICE DEPT,20180924747,Davidson,Nashville,11/3/2018 4:15:00 PM,2,0,0,36.084200,-86.705900,LINBAR DR,,,,13.00,Feet,North,HARDING PL,,,,0.00,N,Not at Intersection,N,Non-Junction,None,,,         ,Jesse,Cox,Clear,Angle,no,no,no,no,yes,False
102199895,METROPOLITAN NASHVILLE POLICE DEPT,20180922879,Davidson,Nashville,11/2/2018 6:00:00 PM,2,0,0,36.132610,-86.893540,I40 E ENT RAMP,,,,0.00,Feet,East,I 40,,,,0.00,N,Not at Intersection, ,Non-Junction,None,,,         ,Alexander,Donald,Clear,Other,no,no,no,yes,yes,False
102199989,METROPOLITAN NASHVILLE POLICE DEPT,20180925354,Davidson,Nashville,11/3/2018 12:00:00 AM,1,1,0,36.160990,-86.758390,DAVIDSON ST,,,,0.00,,,,,,,0.00,,,N,Non-Junction,None,,,         ,Ryan,Allen,Clear,Not Collision with Motor Vehicle in Transport,no,no,no,yes,yes,False
102199993,METROPOLITAN NASHVILLE POLICE DEPT,20180925502,Davidson,Antioch,11/3/2018 11:35:00 PM,1,0,0,36.008210,-86.613830,I 24,,,,0.00,,,,,,,63.10,N,Not at Intersection,N,Non-Junction,None,,,         ,Sandra,Fly,Clear,Not Collision with Motor Vehicle in Transport,no,no,no,no,no,False
102199996,METROPOLITAN NASHVILLE POLICE DEPT,20180925574,Davidson,Nashville,11/4/2018 12:24:00 AM,1,0,0,36.142520,-86.883130,PREMIER DR,,,,494.00,Feet,North,THUNDERBIRD DR,,,,0.00,N,Not at Intersection,N,Non-Junction,None,,,         ,Cesar,Rocha,Clear,Not Collision with Motor Vehicle in Transport,no,no,no,no,yes,False
102200019,METROPOLITAN NASHVILLE POLICE DEPT,20180925507,Davidson,Nashville,11/4/2018 12:00:00 AM,3,0,0,36.177140,-86.746070,WOODLAND ST,,,,86.00,Feet,West,S 14TH ST,,,,0.00,N,Not at Intersection,N,Non-Junction,None,,,         ,Colin,Bleem,Clear,"Sideswipe, Same Direction",no,no,no,no,yes,False
102200036,METROPOLITAN NASHVILLE POLICE DEPT,20180925636,Davidson,Nashville,11/4/2018 1:14:00 AM,2,0,0,36.183340,-86.748580,GALLATIN AV,,,,5.00,Feet,South,W EASTLAND AV,,,,0.00,N,Not at Intersection,N,Non-Junction,None,,,         ,Reginald,Pierre-Paul,Clear,"Sideswipe, Same Direction",no,no,no,no,no,False
102200042,METROPOLITAN NASHVILLE POLICE DEPT,20180925657,Davidson,Nashville,11/4/2018 1:28:00 AM,1,0,0,36.101410,-86.923020,OLD HICKORY BLVD,,,,1551.00,Feet,North,BELLE VALLEY DR,,,,0.00,N,Not at Intersection, ,Non-Junction,None,,,         ,Cesar,Rocha,Clear,Not Collision with Motor Vehicle in Transport,no,no,no,no,no,False
102200046,METROPOLITAN NASHVILLE POLICE DEPT,20180925664,Davidson,Nashville,11/4/2018 1:30:00 AM,2,0,0,36.187990,-86.821560,CLARKSVILLE PKE,,,,0.00,,,ROSA L PARKS BLVD,,,,0.00,Y,Four-Way,N,Intersection,None,,,         ,Ian,Ward,Clear,Angle,no,no,no,no,no,False
102200047,METROPOLITAN NASHVILLE POLICE DEPT,20180925338,Davidson,Nashville,11/3/2018 9:55:00 PM,1,0,0,36.079510,-86.904610,HIGHWAY 70S,,,,185.00,Feet,West,MONTVIEW PVTDR,,,,0.00,N,Not at Intersection,N,Non-Junction,None,,,         ,Micah,Wright,Clear,Not Collision with Motor Vehicle in Transport,no,no,no,no,no,False
102200049,METROPOLITAN NASHVILLE POLICE DEPT,20180925471,Davidson,Nashville,11/4/2018 12:26:00 AM,3,0,0,36.228120,-86.826100,BUENAVIEW BLVD,,,,66.00,Feet,East,TRUMPET CIR,,,,0.00,N,Not at Intersection,N,Non-Junction,None,,,         ,James,Murphy,Clear,Front to Rear,no,no,no,no,no,False
102200051,METROPOLITAN NASHVILLE POLICE DEPT,2018-925697,Davidson,Nashville,11/4/2018 12:00:00 AM,1,0,0,36.146730,-86.584740,S NEW HOPE RD,,,,1053.00,Feet,South,BREAKWATER BAY,,,,0.00,N,Not at Intersection,N,Non-Junction,None,,,         ,Joshua,McGarvey,Cloudy,Unknown,no,no,no,no,yes,False
102200053,METROPOLITAN NASHVILLE POLICE DEPT,20180925710,Davidson,Nashville,11/4/2018 1:45:00 AM,3,0,0,36.229710,-86.761070,EWING DR,,,,541.00,Feet,West,BROADMOOR DR,,,,0.00,N,Not at Intersection,N,Non-Junction,None,,,         ,Shaquille,Graham,Clear,Unknown,no,no,no,yes,yes,False
102200054,METROPOLITAN NASHVILLE POLICE DEPT,20180925672,Davidson,Nashville,11/4/2018 1:40:00 AM,1,0,0,36.136460,-86.727210,I24 E EXT RAMP,,,,0.00,,,I 24,,,,0.00,Y,OTHER,Y,Entrance/Exit Ramp Related,None,,,         ,David,Smith,Clear,Not Collision with Motor Vehicle in Transport,no,no,no,no,no,False
102200055,METROPOLITAN NASHVILLE POLICE DEPT,20180925734,Davidson,Nashville,11/4/2018 2:06:00 AM,1,1,0,36.127440,-86.727550,I 440,,,,0.00,,,,,,,7.60,N,Not at Intersection,Y,Entrance/Exit Ramp Related,None,,,         ,Robert,Erickson,Clear,Not Collision with Motor Vehicle in Transport,no,no,no,no,yes,False
102200057,METROPOLITAN NASHVILLE POLICE DEPT,20180925284,Davidson,Nashville,11/3/2018 10:47:00 PM,2,1,0,36.159990,-86.795340,CHARLOTTE AV,,,,20.00,Feet,East,15TH AVN,,,,0.00,N,Not at Intersection,N,Non-Junction,None,,,         ,Brian,Warstadt,Clear,Angle,no,no,no,no,no,False
102200069,GOODLETTSVILLE POLICE DEPT,18-38868,Davidson,Goodlettsville,11/4/2018 2:23:00 AM,2,1,0,36.297700,-86.713880,I 65,,,,0.00,,,,,,,95.00,N,Not at Intersection,N,Non-Junction,None,,,         ,Zachary,Goodwin,Clear,Front to Rear,no,no,no,no,yes,False
102200080,METROPOLITAN NASHVILLE POLICE DEPT,20180925647,Davidson,Nashville,11/3/2018 9:53:00 PM,2,0,0,36.044860,-86.670430,BELL RD,,,,0.00,,,HICKORY PARK DR,,,,0.00,Y,T-Intersection,N,Intersection,None,,,         ,Sandra,Fly,Clear,Front to Rear,no,no,no,no,yes,False
102200085,METROPOLITAN NASHVILLE POLICE DEPT,20180925754,Davidson,Nashville,11/4/2018 2:20:00 AM,2,1,0,36.140120,-86.723230,I 40,,,,0.00,,,,,,,213.50,N,Not at Intersection,Y,Entrance/Exit Ramp Related,None,,,         ,Bradley,Pope,Clear,"Sideswipe, Same Direction",no,no,no,no,yes,False
102200086,METROPOLITAN NASHVILLE POLICE DEPT,20180925854,Davidson,Nashville,11/4/2018 2:26:00 AM,1,0,0,36.070020,-86.702690,HAYWOOD LN,,,,341.00,Feet,West,HAYWOOD CT,,,,0.00,N,Not at Intersection,N,Non-Junction,None,,,         ,Ryan,Allen,Clear,Not Collision with Motor Vehicle in Transport,no,no,no,no,yes,False
102200096,METROPOLITAN NASHVILLE POLICE DEPT,20180925902,Davidson,Nashville,11/4/2018 4:36:00 AM,1,0,0,36.123590,-86.908300,I 40,,,,0.00,,,,,,,200.40,N,Not at Intersection, ,,None,,,         ,Micah,Wright,,,no,no,no,no,no,False
102200105,METROPOLITAN NASHVILLE POLICE DEPT,20180925876,Davidson,Nashville,11/4/2018 12:00:00 AM,1,0,0,36.145320,-86.751900,MURFREESBORO PKE,,,,200.00,Feet,East,LESTER AV,,,,0.00,N,Not at Intersection,N,Non-Junction,None,,,         ,Zachary,Lang,Clear,Not Collision with Motor Vehicle in Transport,no,no,no,no,no,False
102200112,METROPOLITAN NASHVILLE POLICE DEPT,20180925739,Davidson,Nashville,11/4/2018 2:15:00 AM,1,0,0,36.170740,-86.812440,HEIMAN ST,,,,0.00,,,23RD AVN,,,,0.00,Y,T-Intersection,N,Intersection-Related,None,,,         ,Christopher,Royer,Clear,Not Collision with Motor Vehicle in Transport,no,no,no,no,no,False
102200165,METROPOLITAN NASHVILLE POLICE DEPT,20180925089,Davidson,Not in City Limit,11/3/2018 8:50:00 PM,1,0,0,36.077300,-87.012170,I 40,,,,0.00,,,,,,,193.00,N,Not at Intersection, ,Non-Junction,None,,,         ,Jeremy,Spoonemore,Clear,Not Collision with Motor Vehicle in Transport,no,no,no,no,no,False
102200166,METROPOLITAN NASHVILLE POLICE DEPT,20180925870,Davidson,Not in City Limit,11/4/2018 3:50:00 AM,1,0,0,36.360930,-86.909160,BAXTER RD,,,,48.00,Feet,South,SUGAR LN PVTDR,,,,0.00,N,Not at Intersection,N,Non-Junction,None,,,         ,Jean,McCormack,Clear,Not Collision with Motor Vehicle in Transport,no,no,no,no,yes,False
102200194,METROPOLITAN NASHVILLE POLICE DEPT,20180926184,Davidson,Nashville,11/4/2018 8:20:00 AM,2,0,0,36.097270,-86.875750,HARDING PKE,,,,49.00,Feet,East,OLD HARDING PKE,,,,0.00,N,Not at Intersection, ,Non-Junction,None,,,         ,Douglas,Atwood,Clear,Front to Rear,no,no,no,no,no,False
102200195,WILLIAMSON CO SHERIFFS OFFICE,1826384,Davidson,Nashville,11/3/2018 5:25:00 AM,1,0,0,36.035150,-86.874890,HILLSBORO VALLEY RD,,,,474.00,Feet,West,HILLSBORO RD,,,,0.00,N,Not at Intersection,N,Non-Junction,None,,,         ,Joshua,Jeter,Clear,Not Collision with Motor Vehicle in Transport,no,no,no,no,no,False
102200200,METROPOLITAN NASHVILLE POLICE DEPT,20180926227,Davidson,Nashville,11/4/2018 9:03:00 AM,1,1,0,36.158550,-86.760450,I 24,,,,0.00,,,,,,,49.55,N,Not at Intersection,N,Non-Junction,None,,,         ,Robert,Schohn,Clear,Not Collision with Motor Vehicle in Transport,no,no,no,no,no,False
102200260,METROPOLITAN NASHVILLE POLICE DEPT,20180926272,Davidson,Nashville,11/4/2018 9:31:00 AM,2,0,0,36.042310,-86.640350,MT VIEW RD,,,,0.00,,,,,,,0.00,,, ,Non-Junction,None,,,         ,Jason,Kedzierski,Clear,Angle,no,no,no,yes,no,False
102200270,METROPOLITAN NASHVILLE POLICE DEPT,20180926245,Davidson,Nashville,11/4/2018 9:14:00 AM,2,0,0,36.219750,-86.693350,BRILEY PKWYS,,,,34.00,Feet,South,BRILEY PKWY S EXT RAMP,,,,0.00,N,Not at Intersection,N,Non-Junction,None,,,         ,John,Frazier,Clear,Other,no,no,no,no,no,False
102200280,METROPOLITAN NASHVILLE POLICE DEPT,20180926378,Davidson,Nashville,11/3/2018 3:30:00 PM,2,0,0,36.069320,-86.633360,MURFREESBORO PKE,,,,932.00,Feet,North,FOREST VIEW DR,,,,0.00,N,Not at Intersection,N,"Driveway, Alley Access, etc",None,,,         ,Ryan,Allen,Clear,HeadOn,no,no,no,yes,yes,False
102200286,METROPOLITAN NASHVILLE POLICE DEPT,20180926392,Davidson,Nashville,11/4/2018 10:57:00 AM,2,0,0,36.170860,-86.601360,I40 W EXT RAMP,,,,0.00,,East,I 40,,,,0.00,N,Not at Intersection, ,Entrance/Exit Ramp Related,None,,,         ,Jeffrey,Mullins,Cloudy,Front to Rear,no,no,no,no,no,False
102200356,METROPOLITAN NASHVILLE POLICE DEPT,20180926534,Davidson,Nashville,11/4/2018 12:30:00 PM,2,0,0,36.201460,-86.776840,I 65,,,,0.00,,,,,,,87.00,N,Not at Intersection, ,Non-Junction,None,,,         ,Jonathon,Sheppard,Clear,"Sideswipe, Same Direction",no,no,no,no,yes,False
102200396,METROPOLITAN NASHVILLE POLICE DEPT,20180926469,Davidson,Nashville,11/4/2018 11:59:00 AM,2,0,0,36.162700,-86.761200,I 24,,,,0.00,,,,,,,49.30,N,Not at Intersection, ,Non-Junction,None,,,         ,Michael,Agee,Cloudy,Other,no,no,no,no,no,False
102200429,METROPOLITAN NASHVILLE POLICE DEPT,20180926519,Davidson,Nashville,11/4/2018 3:30:00 AM,2,0,0,36.067760,-86.652340,BRIDGECREST DR,,,,366.00,Feet,South,EDENCREST DR,,,,0.00,N,Not at Intersection,N,Non-Junction,None,,,         ,Brandon,Vance,Clear,"Sideswipe, Opposite Direction",no,no,no,no,yes,False
102200451,METROPOLITAN NASHVILLE POLICE DEPT,20180926487,Davidson,Nashville,11/4/2018 12:17:00 PM,2,0,0,36.129310,-86.714480,MURFREESBORO PKE,,,,90.00,Feet,East,MILLWOOD DR,,,,0.00,N,Not at Intersection,N,Non-Junction,None,,,         ,Richard,Luellen,Cloudy,Front to Rear,no,no,no,no,no,False
102200499,METROPOLITAN NASHVILLE POLICE DEPT,20180926559,Davidson,Nashville,11/4/2018 1:00:00 PM,2,0,0,36.142370,-86.681230,I 40,,,,0.00,,,,,,,215.80,N,Not at Intersection,N,Non-Junction,None,,,         ,Zachary,Scott,Cloudy,Angle,no,no,no,no,no,False
102200553,METROPOLITAN NASHVILLE POLICE DEPT,20180926683,Davidson,Nashville,11/4/2018 2:52:00 PM,2,0,0,36.046060,-86.657890,BELL RD,,,,19.00,Feet,East,COLLINS PARK DR,,,,0.00,N,Not at Intersection, ,Non-Junction,None,,,         ,Nathaniel,Myers,Rain,Front to Rear,no,no,no,no,no,False
102200563,METROPOLITAN NASHVILLE POLICE DEPT,20180926697,Davidson,Nashville,11/4/2018 12:00:00 AM,2,0,0,36.071570,-86.683950,ANTIOCH PKE,,,,140.00,Feet,North,HAYSTACK LN,,,,0.00,N,Not at Intersection, ,Non-Junction,None,,,         ,Madison,Meiss,Rain,Front to Rear,no,no,no,no,no,False
102200572,METROPOLITAN NASHVILLE POLICE DEPT,20180926655,Davidson,Nashville,11/4/2018 2:45:00 PM,2,0,0,36.083560,-86.727540,NOLENSVILLE PKE,,,,62.00,Feet,North,WELCH RD,,,,0.00,N,Not at Intersection, ,Non-Junction,None,,,         ,Ryan,Sherry,Rain,Front to Rear,no,no,no,no,no,False
102200582,METROPOLITAN NASHVILLE POLICE DEPT,20180926743,Davidson,Nashville,11/4/2018 3:37:00 PM,1,1,0,36.214680,-86.867170,CATO RD,,,,774.00,Feet,West,BRILEY PKWY N ENT RAMP,,,,0.00,N,Not at Intersection,N,Non-Junction,None,,,         ,Andrey,Volfson,Rain,Not Collision with Motor Vehicle in Transport,no,no,no,no,no,False
102200587,BERRY HILL POLICE DEPT,18-3951,Davidson,Berry Hill,11/4/2018 3:23:00 PM,2,0,0,36.120690,-86.775220,FRANKLIN PKE,,,,0.00,,,KIRKWOOD AV,,,,0.00,Y,T-Intersection, ,,None,,,         ,Roy,Morris,,,no,no,no,no,no,False
102200596,METROPOLITAN NASHVILLE POLICE DEPT,20180926817,Davidson,Nashville,11/4/2018 4:12:00 PM,2,0,0,36.072580,-86.636860,MURFREESBORO PKE,,,,328.00,Feet,North,BELL RD,,,,0.00,N,Not at Intersection, ,Non-Junction,None,,,         ,Devonte,Coleman,Rain,Front to Rear,no,no,no,no,no,False
102200597,METROPOLITAN NASHVILLE POLICE DEPT,20180926771,Davidson,Nashville,11/4/2018 3:50:00 PM,2,0,0,36.135730,-86.763280,WINGROVE ST,,,,0.00,,,BYRUM AV,,,,0.00,Y,Four-Way, ,Intersection-Related,None,,,         ,FELIKS,ABRAHAMYAN,Rain,HeadOn,no,no,no,no,no,False
102200604,METROPOLITAN NASHVILLE POLICE DEPT,20180926814,Davidson,Nashville,11/4/2018 4:07:00 PM,1,0,0,36.114620,-86.772260,I440 W ENT RAMP,,,,305.00,Feet,North,I 65,,,,0.00,N,Not at Intersection,N,Non-Junction,None,,,         ,FELIKS,ABRAHAMYAN,Rain,Not Collision with Motor Vehicle in Transport,no,no,no,no,no,False
102200626,METROPOLITAN NASHVILLE POLICE DEPT,20180926723,Davidson,Nashville,11/4/2018 3:32:00 PM,2,0,0,36.113340,-86.922880,OLD HICKORY BLVD,,,,320.00,Feet,North,I40 W EXT RAMP,,,,0.00,N,Not at Intersection, ,Non-Junction,None,,,         ,Douglas,Atwood,Rain,Angle,no,no,no,no,no,False
102200627,METROPOLITAN NASHVILLE POLICE DEPT,20180926657,Davidson,Nashville,11/4/2018 2:53:00 PM,1,1,0,36.192110,-86.779880,I65 S ENT RAMP,,,,0.00,Feet,East,I 65,,,,0.00,N,Not at Intersection,N,Non-Junction,None,,,         ,Sara,Lober,Rain,Not Collision with Motor Vehicle in Transport,no,no,no,no,no,False
102200651,METROPOLITAN NASHVILLE POLICE DEPT,20180926831,Davidson,Nashville,11/4/2018 3:40:00 PM,2,0,0,36.154810,-86.788080,13TH AVS,,,,58.00,Feet,South,MCGAVOCK ST,,,,0.00,N,Not at Intersection, ,Non-Junction,None,,,         ,Brent,Morris,Rain,Front to Rear,no,no,no,no,no,False
102200661,METROPOLITAN NASHVILLE POLICE DEPT,20180926894,Davidson,Nashville,11/4/2018 4:38:00 PM,2,0,0,36.194410,-86.622520,LEBANON PKE,,,,455.00,Feet,South,BONNAFORD DR,,,,0.00,N,Not at Intersection, ,Non-Junction,None,,,         ,Zachariah,Bush,Rain,"Sideswipe, Same Direction",no,no,no,no,no,False
102200668,METROPOLITAN NASHVILLE POLICE DEPT,20180926920,Davidson,Nashville,11/4/2018 5:13:00 PM,2,1,0,36.188540,-86.793240,I 65,,,,0.00,,,,,,,85.55,N,Not at Intersection,N,Non-Junction,None,,,         ,Kayla,Castro,Rain,Angle,no,no,no,no,no,False
102200676,METROPOLITAN NASHVILLE POLICE DEPT,20180926926,Davidson,Not in City Limit,11/4/2018 5:12:00 PM,1,1,0,36.117730,-86.959940,OLD CHARLOTTE PKE,,,,961.00,Feet,West,OLD CHARLOTTE PVTDR,,,,0.00,N,Not at Intersection,N,Non-Junction,None,,,         ,Robert,Crow,Rain,Not Collision with Motor Vehicle in Transport,no,no,no,no,no,False
102200680,METROPOLITAN NASHVILLE POLICE DEPT,20180926928,Davidson,Nashville,11/4/2018 5:15:00 PM,2,0,0,36.066120,-86.629870,MURFREESBORO PKE,,,,180.00,Feet,North,HAMILTON CROSSINGS,,,,0.00,N,Not at Intersection,N,Non-Junction,None,,,         ,Eric,Wegener,Rain,HeadOn,no,no,no,no,no,False
102200683,METROPOLITAN NASHVILLE POLICE DEPT,20180927048,Davidson,Nashville,11/4/2018 6:08:00 PM,2,0,0,36.193660,-86.831220,CLARKSVILLE PKE,,,,0.00,,,S HAMILTON RD,,,,0.00,Y,Four-Way, ,Intersection-Related,None,,,         ,Andrey,Volfson,Rain,Front to Rear,no,no,no,no,no,False
102200686,METROPOLITAN NASHVILLE POLICE DEPT,20180926907,Davidson,Nashville,11/4/2018 5:07:00 PM,2,0,0,36.153790,-86.794410,17TH AVS,,,,0.00,,,WEST END AV,,,,0.00,Y,Four-Way, ,,None,,,         ,FELIKS,ABRAHAMYAN,,,no,no,no,no,no,False
102200689,METROPOLITAN NASHVILLE POLICE DEPT,20180927039,Davidson,Nashville,11/4/2018 12:00:00 AM,2,1,0,36.143040,-86.684570,I 40,,,,0.00,,,,,,,215.60,N,Not at Intersection,Y,Non-Junction,None,,,         ,Alexander,Spradling,Rain,Front to Rear,no,no,no,no,no,False
102200693,METROPOLITAN NASHVILLE POLICE DEPT,20180926849,Davidson,Nashville,11/4/2018 4:28:00 PM,1,1,0,36.164790,-86.784370,CHARLOTTE AV,,,,0.00,,,7TH AVN,,,,0.00,Y,Four-Way,N,Intersection,None,,,         ,Roy,Sain Jr.,Rain,Not Collision with Motor Vehicle in Transport,yes,no,no,no,no,False
102200696,METROPOLITAN NASHVILLE POLICE DEPT,20180927066,Davidson,Nashville,11/4/2018 6:10:00 PM,2,0,0,36.134240,-86.776370,I65 S ENT RAMP,,,,0.00,,,I65 S EXT RAMP,,,,0.00,Y,Four-Way, ,Intersection,None,,,         ,Conor,Cronin,Rain,Angle,no,no,no,no,no,False