master_record_number,agency,agency_tracking_number,county,city,collision_date,vehicles_involved,number_injured,number_dead,latitude,longitude,roadway_name,roadway_suffix,roadway_number,roadway_local_id,distance_from_reference,miles-feet_indicator,direction_from_reference,intersection_road_name,intersection_road_name_suffix,intersection_road_number,intersection_local_id,mile_marker,intersection_indicator,intersect_type,interchange_related_indicator,relation_to_junction,work_zone_type,construction_maintenance_zone,construction_maintenance_zone_location,fatal_case_number,officer_first_name,officer_last_name,weather_condition(s),manner_of_crash,pedestrian,bicycle,scooter,parking,hitrun,mou
102204445,METROPOLITAN NASHVILLE POLICE DEPT,20180938710,Davidson,Nashville,11/8/2018 1:40:00 PM,2,0,0,36.175230,-86.783850,JEFFERSON ST,,,,70.00,Feet,West,2ND AVN,,,,0.00,N,Not at Intersection, ,Non-Junction,None,,,         ,Tony,Folad,Cloudy,Front to Rear,no,no,no,no,no,False
102204473,METROPOLITAN NASHVILLE POLICE DEPT,20180938763,Davidson,Nashville,11/8/2018 2:00:00 PM,2,0,0,36.215150,-86.601800,LEBANON PKE,,,,1219.00,Feet,West,ANDREW JACKSON PKWY,,,,0.00,N,Not at Intersection, ,Non-Junction,None,,,         ,Thomas,Odom,Clear,Front to Rear,no,no,no,no,no,False
102204517,METROPOLITAN NASHVILLE POLICE DEPT,20180937851,Davidson,Nashville,11/8/2018 6:55:00 AM,2,2,0,36.239650,-86.780760,BRILEY PKWY W EXT RAMP,,,,0.00,,,BRICK CHURCH PKE,,,,0.00,Y,T-Intersection,N,Entrance/Exit Ramp Related,None,,,         ,Peter,Lynch,Cloudy,Front to Rear,no,no,no,no,no,False
102204566,METROPOLITAN NASHVILLE POLICE DEPT,20180932570,Davidson,Nashville,11/6/2018 3:53:00 PM,2,0,0,36.158120,-86.769000,KOREAN VETERANS BLVD,,,,0.00,,,KOREAN VETERANS BLVD,,,,0.00,Y,Four-Way,N,Non-Junction,None,,,         ,Michael,Douglas,Clear,Front to Rear,no,no,no,no,no,False
102204567,METROPOLITAN NASHVILLE POLICE DEPT,20180938922,Davidson,Nashville,11/8/2018 3:22:00 PM,2,1,0,36.143360,-86.793130,EDGEHILL AV,,,,0.00,,,16TH AVS,,,,0.00,Y,Four-Way,N,Intersection,None,,,         ,FELIKS,ABRAHAMYAN,Clear,Angle,no,no,no,no,no,False
102204586,METROPOLITAN NASHVILLE POLICE DEPT,20180938840,Davidson,Nashville,11/8/2018 1:10:00 PM,2,0,0,36.157210,-86.769990,HERMITAGE AV,,,,179.00,Feet,East,PEABODY ST,,,,0.00,N,Not at Intersection,N,Non-Junction,None,,,         ,Thomas,Broatch,Cloudy,Angle,no,no,no,no,no,False
102204590,BELLE MEADE POLICE DEPT,18-0312,Davidson,Belle Meade,11/8/2018 10:04:00 AM,2,0,0,36.118360,-86.853850,BELLE MEADE BLVD,,,,555.00,Feet,South,HARDING PKE,,,,0.00,N,Not at Intersection, ,OtherLocation,None,,,         ,Katelyn,Cloxton,Clear,Angle,no,no,no,yes,no,False
102204598,METROPOLITAN NASHVILLE POLICE DEPT,20180938893,Davidson,Nashville,11/8/2018 2:57:00 PM,2,0,0,36.215120,-86.597670,LEBANON PKE,,,,0.00,,,ANDREW JACKSON PKWY,,,,0.00,Y,Four-Way,N,Intersection,None,,,         ,Thomas,Odom,Clear,Angle,no,no,no,no,no,False
102204608,GOODLETTSVILLE POLICE DEPT,18-39352,Davidson,Goodlettsville,11/8/2018 10:00:00 AM,1,0,0,36.324450,-86.708770,E CEDAR ST,,,,550.00,Feet,West,CARTWRIGHT ST,,,,0.00,N,Not at Intersection, ,Non-Junction,None,,,         ,Charles,Hauskin,Clear,Not Collision with Motor Vehicle in Transport,no,no,no,no,no,False
102204614,METROPOLITAN NASHVILLE POLICE DEPT,20180939098,Davidson,Nashville,11/8/2018 4:11:00 PM,2,0,0,36.207710,-86.819830,BUENA VISTA PKE,,,,8.00,Feet,North,TAIGANS CT,,,,0.00,N,Not at Intersection, ,,None,,,         ,Kayla,Castro,,,no,no,no,no,no,False
102204620,METROPOLITAN NASHVILLE POLICE DEPT,20180939081,Davidson,Nashville,11/8/2018 4:15:00 PM,2,0,0,36.125310,-86.805610,HILLSBORO PKE,,,,0.00,,,ENCLAVE AT HILLSBORO VILLAGE P,,,,0.00,Y,Four-Way, ,Intersection,None,,,         ,FELIKS,ABRAHAMYAN,Clear,Angle,no,no,no,no,yes,False
102204640,BERRY HILL POLICE DEPT,18-3994,Davidson,Berry Hill,11/8/2018 12:00:00 AM,2,0,0,36.120230,-86.765780,BRANSFORD AV,,,,118.00,Feet,North,MELROSE AV,,,,0.00,N,Not at Intersection, ,Non-Junction,None,,,         ,John,Gleixner,Cloudy,Front to Rear,no,no,no,no,no,False
102204641,METROPOLITAN NASHVILLE POLICE DEPT,20180939083,Davidson,Nashville,11/8/2018 4:18:00 PM,2,0,0,36.153090,-86.855690,I40 W EXT RAMP,,,,0.00,Feet,East,I 40,,,,0.00,N,Not at Intersection,N,Non-Junction,None,,,         ,Laura,Williams,Cloudy,Front to Rear,no,no,no,no,no,False
102204644,METROPOLITAN NASHVILLE POLICE DEPT,20180939021,Davidson,Nashville,11/8/2018 3:43:00 PM,2,0,0,36.168560,-86.813380,I40 E EXT RAMP,,,,0.00,,,I 40,,,,0.00,Y,T-Intersection, ,Entrance/Exit Ramp Related,None,,,         ,Kevin,Frei,Clear,Front to Rear,no,no,no,no,no,False
102204662,METROPOLITAN NASHVILLE POLICE DEPT,20180929943,Davidson,Nashville,11/5/2018 5:40:00 PM,2,0,0,36.101360,-86.870640,HARDING PKE,,,,319.00,Feet,South,HARDING PL,,,,0.00,N,Not at Intersection,N,Non-Junction,None,,,         ,Alexander,Donald,Clear,Front to Rear,no,no,no,no,yes,False
102204663,METROPOLITAN NASHVILLE POLICE DEPT,20180938944,Davidson,Nashville,11/8/2018 2:32:00 PM,2,0,0,36.106060,-86.814970,ABBOTT MARTIN RD,,,,305.00,Feet,East,BANDYWOOD DR,,,,0.00,N,Not at Intersection, ,Non-Junction,None,,,         ,Alexander,Donald,Cloudy,"Sideswipe, Same Direction",no,no,no,no,no,False
102204665,METROPOLITAN NASHVILLE POLICE DEPT,20180939286,Davidson,Nashville,11/8/2018 5:11:00 PM,2,1,0,36.140780,-86.732400,I 40,,,,0.00,,,,,,,213.00,N,Not at Intersection,N,Non-Junction,None,,,         ,Samuel,Sundra,Clear,Front to Rear,no,no,no,no,no,False
102204666,METROPOLITAN NASHVILLE POLICE DEPT,20180939127,Davidson,Nashville,11/8/2018 3:00:00 PM,2,1,0,36.112510,-86.811100,HILLSBORO PKE,,,,475.00,Feet,North,GRAYBAR LN,,,,0.00,N,Not at Intersection, ,Non-Junction,None,,,         ,Jeremy,Spears,Clear,Front to Rear,no,no,no,no,no,False
102204668,METROPOLITAN NASHVILLE POLICE DEPT,20180939233,Davidson,Nashville,11/8/2018 5:18:00 PM,1,0,0,36.157270,-86.634830,STEWARTS FERRY PKE,,,,323.00,Feet,East,MCCRORY CREEK RD,,,,0.00,N,Not at Intersection, ,,None,,,         ,Trenton,Searcy,,,no,no,no,no,no,False
102204674,METROPOLITAN NASHVILLE POLICE DEPT,20180939293,Davidson,Nashville,11/8/2018 5:22:00 PM,2,0,0,36.140860,-86.658480,I 40,,,,0.00,,,,,,,217.90,N,Not at Intersection, ,Non-Junction,None,,,         ,Brady,Reynolds,Clear,Front to Rear,no,no,no,no,no,False
102204678,METROPOLITAN NASHVILLE POLICE DEPT,20180939335,Davidson,Nashville,11/8/2018 5:55:00 PM,2,0,0,36.070710,-86.769740,I 65,,,,0.00,,,,,,,77.00,N,Not at Intersection,N,Non-Junction,None,,,         ,FELIKS,ABRAHAMYAN,Clear,Front to Rear,no,no,no,no,no,False
102204680,METROPOLITAN NASHVILLE POLICE DEPT,20180939150,Davidson,Nashville,11/8/2018 4:43:00 PM,2,0,0,36.160270,-86.792730,I 40,,,,0.00,,,,,,,208.80,N,Not at Intersection,N,Non-Junction,None,,,         ,Thomas,Broatch,Cloudy,Front to Rear,no,no,no,no,no,False
102204685,METROPOLITAN NASHVILLE POLICE DEPT,20180939222,Davidson,Nashville,11/8/2018 12:00:00 AM,2,2,0,36.165010,-86.865760,MORROW RD,,,,0.00,Feet,East,63RD AVN,,,,0.00,N,Not at Intersection,Y,Non-Junction,None,,,         ,Laura,Williams,Clear,"Sideswipe, Opposite Direction",no,no,no,no,no,False
102204693,METROPOLITAN NASHVILLE POLICE DEPT,20180939382,Davidson,Nashville,11/8/2018 6:09:00 PM,2,0,0,36.171660,-86.765220,WOODLAND ST,,,,153.00,Feet,West,S 5TH ST,,,,0.00,N,Not at Intersection, ,,None,,,         ,Barrett,Teague,,,no,no,no,no,no,False
102204703,METROPOLITAN NASHVILLE POLICE DEPT,20180939404,Davidson,Nashville,11/8/2018 6:08:00 PM,2,1,0,36.097340,-86.763180,I 65,,,,0.00,,,,,,,78.85,N,Not at Intersection,N,Non-Junction,None,,,         ,FELIKS,ABRAHAMYAN,Clear,Front to Rear,no,no,no,no,no,False
102204706,METROPOLITAN NASHVILLE POLICE DEPT,20180939313,Davidson,Not in City Limit,11/8/2018 5:38:00 PM,2,0,0,36.263070,-86.711920,STATE RT 45,,,,0.00,Feet,,GALLATIN PKEN,,,,0.00,Y,T-Intersection,N,Intersection,None,,,         ,Robert,Fondren,Cloudy,Angle,no,no,no,no,yes,False
102204712,METROPOLITAN NASHVILLE POLICE DEPT,20180939432,Davidson,Nashville,11/8/2018 6:04:00 PM,2,1,0,36.115690,-86.747640,NOLENSVILLE PKE,,,,79.00,Feet,North,WHITSETT RD,,,,0.00,N,Not at Intersection,N,Non-Junction,None,,,         ,Ryan,Coll,Clear,"Sideswipe, Same Direction",no,no,no,no,no,False
102204714,METROPOLITAN NASHVILLE POLICE DEPT,20180939219,Davidson,Nashville,11/8/2018 5:00:00 PM,2,0,0,36.155300,-86.802230,20TH AVN,,,,0.00,,,PATTERSON ST,,,,0.00,Y,Four-Way, ,Intersection-Related,None,,,         ,Eric,Burford,Clear,"Sideswipe, Same Direction",no,no,no,no,no,False
102204720,METROPOLITAN NASHVILLE POLICE DEPT,20180939493,Davidson,Nashville,11/8/2018 7:00:00 PM,2,0,0,36.100990,-86.819200,HOBBS RD,,,,138.00,Feet,West,HILLSBORO PKE,,,,0.00,N,Not at Intersection, ,Non-Junction,None,,,         ,Jeremy,Spears,Clear,Front to Rear,no,no,no,no,no,False
102204725,METROPOLITAN NASHVILLE POLICE DEPT,20180938847,Davidson,Nashville,11/8/2018 5:30:00 AM,2,0,0,36.167100,-86.611190,I 40,,,,0.00,,,I40 W ENT RAMP,,,,0.00,Y,Y-Intersection, ,Non-Junction,None,,,         ,Jessie,Loy,Clear,"Sideswipe, Same Direction",no,no,no,no,no,False
102204726,METROPOLITAN NASHVILLE POLICE DEPT,20180939377,Davidson,Nashville,11/8/2018 5:30:00 PM,1,0,0,36.174100,-86.647440,LEBANON PKE,,,,149.00,Feet,North,YMCA CNCTR,,,,0.00,N,Not at Intersection, ,Non-Junction,None,,,         ,John,Kelley,Clear,Not Collision with Motor Vehicle in Transport,no,no,no,no,no,False
102204736,METROPOLITAN NASHVILLE POLICE DEPT,20180939349,Davidson,Hermitage,11/8/2018 4:39:00 PM,2,0,0,36.177940,-86.605000,OLD HICKORY BLVD,,,,0.00,,,I40 E EXT RAMP,,,,0.00,Y,OTHER, ,Intersection-Related,None,,,         ,Russell,Ward,Clear,Front to Rear,no,no,no,no,no,False
102204737,METROPOLITAN NASHVILLE POLICE DEPT,20180939373,Davidson,Nashville,11/8/2018 6:08:00 PM,1,0,0,36.173420,-86.648230,LEBANON PKE,,,,189.00,Feet,West,YMCA CNCTR,,,,0.00,N,Not at Intersection, ,Non-Junction,None,,,         ,Russell,Ward,Clear,Not Collision with Motor Vehicle in Transport,no,no,no,no,no,False
102204738,METROPOLITAN NASHVILLE POLICE DEPT,20180938909,Davidson,Nashville,11/8/2018 3:15:00 PM,2,0,0,36.231690,-86.624620,OLD HICKORY BLVD,,,,288.00,Feet,South,SHUTE LN,,,,0.00,N,Not at Intersection,N,Non-Junction,None,,,         ,Craig,Gentry,Clear,Front to Rear,no,no,no,no,yes,False
102204751,METROPOLITAN NASHVILLE POLICE DEPT,20180939386,Davidson,Nashville,11/8/2018 5:30:00 PM,2,0,0,36.152290,-86.690470,ELM HILL PKE,,,,0.00,,,BRILEY PKWY N EXT RAMP,,,,0.00,Y,Four-Way, ,,None,,,         ,Darci,Stechman,,,no,no,no,no,no,False
102204766,METROPOLITAN NASHVILLE POLICE DEPT,20180939001,Davidson,Nashville,11/8/2018 3:49:00 PM,2,1,0,36.060440,-86.673350,ANTIOCH PKE,,,,98.00,Feet,East,GOODWIN RD,,,,0.00,N,Not at Intersection,N,Non-Junction,None,,,         ,Andrew,Brazee,Cloudy,Front to Rear,no,no,no,no,yes,False
102204767,METROPOLITAN NASHVILLE POLICE DEPT,20180939250,Davidson,Not in City Limit,11/8/2018 5:24:00 PM,2,1,0,36.268860,-86.792770,I 24,,,,0.00,,,,,,,41.20,N,Not at Intersection,N,Non-Junction,None,,,         ,Christopher,Littles,Clear,Front to Rear,no,no,no,no,no,False
102204768,METROPOLITAN NASHVILLE POLICE DEPT,20180939330,Davidson,Nashville,11/8/2018 5:52:00 PM,2,0,0,36.199300,-86.740830,GALLATIN PKE,,,,97.00,Feet,North,DELMAS AV,,,,0.00,N,Not at Intersection,N,Non-Junction,None,,,         ,Brandon,Harbaugh,Clear,Front to Rear,no,no,no,no,no,False
102204769,METROPOLITAN NASHVILLE POLICE DEPT,20180939607,Davidson,Not in City Limit,11/8/2018 7:01:00 PM,2,0,0,36.261240,-86.712530,GALLATIN PKES,,,,0.00,,,MAPLE ST,,,,0.00,Y,T-Intersection,N,Intersection,None,,,         ,Christopher,Littles,Clear,Angle,no,no,no,no,no,False
102204774,METROPOLITAN NASHVILLE POLICE DEPT,20180939363,Davidson,Nashville,11/8/2018 6:05:00 PM,2,0,0,36.079070,-86.764900,I 65,,,,0.00,,,,,,,77.60,N,Not at Intersection,N,Non-Junction,None,,,         ,Brandon,Hughes,Clear,Front to Rear,no,no,no,no,no,False
102204775,METROPOLITAN NASHVILLE POLICE DEPT,20180938926,Davidson,Nashville,11/8/2018 3:22:00 PM,2,0,0,36.150310,-86.797250,LYLE AV,,,,0.00,,,BROADWAY,,,,0.00,Y,Four-Way, ,,None,,,         ,Akira,McSwain,,,no,no,no,no,no,False
102204776,METROPOLITAN NASHVILLE POLICE DEPT,20180939087,Davidson,Nashville,11/8/2018 3:58:00 PM,2,0,0,36.038510,-86.784130,I65 S EXT RAMP,,,,0.00,Feet,East,OLD HICKORY BLVD,,,,0.00,N,Not at Intersection, ,,None,,,         ,Akira,McSwain,,,no,no,no,no,no,False
102204777,METROPOLITAN NASHVILLE POLICE DEPT,20180939321,Davidson,Nashville,11/8/2018 5:10:00 PM,2,0,0,36.037570,-86.785290,OLD HICKORY BLVD,,,,53.00,Feet,West,I65 S ENT RAMP,,,,0.00,N,Not at Intersection, ,Non-Junction,None,,,         ,Akira,McSwain,Clear,Front to Rear,no,no,no,no,no,False
102204778,METROPOLITAN NASHVILLE POLICE DEPT,20180939394,Davidson,Nashville,11/8/2018 5:26:00 PM,2,0,0,36.148790,-86.774930,I 40,,,,0.00,,,,,,,210.10,N,Not at Intersection, ,,None,,,         ,Akira,McSwain,,,no,no,no,no,no,False
102204796,METROPOLITAN NASHVILLE POLICE DEPT,20180939433,Davidson,Nashville,11/8/2018 6:31:00 PM,3,0,0,36.032290,-86.640260,I 24,,,,0.00,,,,,,,60.80,N,Not at Intersection,N,Non-Junction,None,,,         ,Andrew,Brazee,Clear,Front to Rear,no,no,no,no,yes,False
102204799,METROPOLITAN NASHVILLE POLICE DEPT,20180939416,Davidson,Not in City Limit,11/8/2018 6:25:00 PM,4,3,0,36.264690,-86.737510,I65 N ENT RAMP,,,,66.00,Feet,South,OLD HICKORY BLVDW,,,,0.00,N,Not at Intersection,N,Non-Junction,None,,,         ,Robert,Fondren,Cloudy,Front to Rear,no,no,no,no,no,False
102204800,METROPOLITAN NASHVILLE POLICE DEPT,20180939279,Davidson,Nashville,11/8/2018 5:28:00 PM,2,0,0,36.182190,-86.799670,I 65,,,,0.00,,,,,,,85.15,N,Not at Intersection, ,Non-Junction,None,,,         ,Kayla,Castro,Clear,"Sideswipe, Same Direction",no,no,no,no,no,False
102204803,METROPOLITAN NASHVILLE POLICE DEPT,20180938958,Davidson,Nashville,11/8/2018 3:30:00 PM,1,0,0,36.167200,-86.765320,I 24,,,,0.00,,,,,,,48.90,N,Not at Intersection, ,Non-Junction,None,,,         ,Brandon,O'Guin,Cloudy,Not Collision with Motor Vehicle in Transport,no,no,no,no,no,False
102204820,METROPOLITAN NASHVILLE POLICE DEPT,20180939637,Davidson,Nashville,11/8/2018 7:23:00 PM,1,0,0,36.219080,-86.782150,BRICK CHURCH PKE,,,,318.00,Feet,South,FERNCO DR,,,,0.00,N,Not at Intersection, ,,None,,,         ,Kayla,Castro,,,no,no,no,no,no,False
102204825,METROPOLITAN NASHVILLE POLICE DEPT,20180939539,Davidson,Nashville,11/8/2018 12:00:00 AM,4,0,0,36.089180,-86.702640,I 24,,,,0.00,,,,,,,55.45,N,Not at Intersection,N,Non-Junction,None,,,         ,Ryan,Sherry,Clear,Front to Rear,no,no,no,no,no,False
102204826,METROPOLITAN NASHVILLE POLICE DEPT,20180939328,Davidson,Nashville,11/8/2018 4:03:00 PM,2,0,0,36.131805,-86.895511,CHARLOTTE PK,,,,0.00,,,OLD CHARLOTTE PK,,,,0.00,Y,Four-Way,N,Intersection,None,,,         ,Jeremy,Huffine,Clear,Angle,no,no,no,no,no,False
102204828,METROPOLITAN NASHVILLE POLICE DEPT,20180939504,Davidson,Nashville,11/8/2018 5:47:00 PM,2,0,0,36.113930,-86.724300,I 24,,,,0.00,,,,,,,53.35,N,Not at Intersection, ,Non-Junction,None,,,         ,Taylor,Hurley,Clear,Front to Rear,no,no,no,no,no,False
102204833,METROPOLITAN NASHVILLE POLICE DEPT,20180939811,Davidson,Nashville,11/8/2018 8:30:00 PM,2,0,0,36.196000,-86.757170,ROSEDALE AV,,,,0.00,,,CROCKETT ST,,,,0.00,Y,Four-Way,N,Non-Junction,None,,,         ,Riley,Brewer,Clear,Unknown,no,no,no,no,yes,False
102204863,METROPOLITAN NASHVILLE POLICE DEPT,20180939697,Davidson,Nashville,11/8/2018 8:17:00 PM,2,0,0,36.193170,-86.830430,CLARKSVILLE PKE,,,,292.00,Feet,East,BUENA VISTA PKE,,,,0.00,N,Not at Intersection, ,,None,,,         ,Kayla,Castro,,,no,no,no,no,no,False
102204864,METROPOLITAN NASHVILLE POLICE DEPT,20180939757,Davidson,Nashville,11/8/2018 8:30:00 PM,2,0,0,36.140620,-86.724900,I 40,,,,0.00,,,,,,,213.40,N,Not at Intersection, ,,Construction Zone,,,         ,Darci,Stechman,,,no,no,no,no,no,False
102204867,METROPOLITAN NASHVILLE POLICE DEPT,20180938873,Davidson,Nashville,11/8/2018 3:10:00 PM,2,0,0,36.158710,-86.790010,CHURCH ST,,,,209.00,Feet,East,GEORGE L DAVIS BLVD,,,,0.00,N,Not at Intersection, ,"Driveway, Alley Access, etc",None,,,         ,Timothy,Mead,Cloudy,Angle,no,no,no,no,no,False
102204868,METROPOLITAN NASHVILLE POLICE DEPT,20180939690,Davidson,Nashville,11/8/2018 8:02:00 PM,2,0,0,36.115790,-86.782460,I 440,,,,0.00,,,,,,,4.40,N,Not at Intersection, ,Non-Junction,None,,,         ,FELIKS,ABRAHAMYAN,Clear,"Sideswipe, Same Direction",no,no,no,no,no,False
102204869,METROPOLITAN NASHVILLE POLICE DEPT,20180939746,Davidson,Nashville,11/8/2018 2:46:00 PM,2,0,0,36.044690,-86.714730,BRENTWOOD EAST DR,,,,191.00,Feet,South,OLD HICKORY BLVD,,,,0.00,N,Not at Intersection, ,,None,,,         ,Akira,McSwain,,,no,no,no,no,no,False
102204879,METROPOLITAN NASHVILLE POLICE DEPT,20180939596,Davidson,Nashville,11/8/2018 7:41:00 PM,2,0,0,36.094420,-86.653390,FRANKLIN LIMESTONE RD,,,,0.00,,,MURFREESBORO PKE,,,,0.00,Y,T-Intersection,N,Intersection,None,,,         ,Je-Marc,Sears,Clear,Front to Rear,no,no,no,no,no,False
102204881,METROPOLITAN NASHVILLE POLICE DEPT,20180939258,Davidson,Nashville,11/8/2018 5:18:00 PM,4,0,0,36.124390,-86.741120,I 440,,,,0.00,,,,,,,6.80,N,Not at Intersection,N,Non-Junction,None,,,         ,Jesse,Cox,Clear,Front to Rear,no,no,no,no,yes,False
102204883,METROPOLITAN NASHVILLE POLICE DEPT,20180939780,Davidson,Nashville,11/8/2018 5:56:00 PM,2,0,0,36.045360,-86.713340,OLD HICKORY BLVD,,,,25.00,Feet,West,NOLENSVILLE PKE,,,,0.00,N,Not at Intersection, ,Non-Junction,None,,,         ,Andrew,Brazee,Clear,"Sideswipe, Same Direction",no,no,no,no,no,False
102204898,METROPOLITAN NASHVILLE POLICE DEPT,20180939807,Davidson,Nashville,11/8/2018 7:30:00 PM,2,0,0,36.081110,-86.755400,HARDING PL,,,,4.00,Feet,West,TIMBERHILL DR,,,,0.00,N,Not at Intersection,N,Non-Junction,None,,,         ,Garrett,Reingardt,Clear,"Sideswipe, Same Direction",no,no,no,no,no,False
102204899,METROPOLITAN NASHVILLE POLICE DEPT,20180939968,Davidson,Nashville,11/8/2018 9:27:00 PM,1,0,0,36.153370,-86.686400,ELM HILL PKE,,,,98.00,Feet,East,ERMAC DR,,,,0.00,N,Not at Intersection,N,Non-Junction,None,,,         ,Jessica,Johann,Clear,Not Collision with Motor Vehicle in Transport,no,no,no,no,no,False
102204932,METROPOLITAN NASHVILLE POLICE DEPT,20180939889,Davidson,Not in City Limit,11/8/2018 7:00:00 PM,1,0,0,36.108730,-86.548980,HOBSON PKE,,,,0.00,,,GRANNY WRIGHT LN,,,,0.00,Y,T-Intersection,N,Non-Junction,None,,,         ,Wesley,Carver,Cloudy,Not Collision with Motor Vehicle in Transport,no,no,no,no,no,False
102205017,METROPOLITAN NASHVILLE POLICE DEPT,20180940219,Davidson,Nashville,11/9/2018 12:06:00 AM,1,0,0,36.142190,-86.764940,HOUSTON ST,,,,0.00,,,4TH AVS,,,,0.00,Y,Y-Intersection,Y,Rail Grade Crossing,None,,,         ,Ronald,Raynore,Cloudy,Not Collision with Motor Vehicle in Transport,no,no,no,no,no,False
102205032,METROPOLITAN NASHVILLE POLICE DEPT,20180940433,Davidson,Nashville,11/9/2018 1:56:00 AM,1,0,0,36.170980,-86.803980,I40 W ENT RAMP,,,,0.00,Feet,East,I 40,,,,0.00,N,Not at Intersection,N,Entrance/Exit Ramp Related,None,,,         ,Corey,Oakley,Cloudy,Not Collision with Motor Vehicle in Transport,no,no,no,no,no,False
102205036,METROPOLITAN NASHVILLE POLICE DEPT,20180940496,Davidson,Nashville,11/9/2018 2:20:00 AM,1,0,0,36.223960,-86.774540,I 65,,,,0.00,,,,,,,88.55,N,Not at Intersection,N,Non-Junction,None,,,         ,Christopher,Royer,Cloudy,Not Collision with Motor Vehicle in Transport,no,no,no,no,no,False
102205105,METROPOLITAN NASHVILLE POLICE DEPT,20180940674,Davidson,Not in City Limit,11/9/2018 4:30:00 AM,1,1,0,36.078870,-86.961570,I 40,,,,0.00,,,,,,,196.00,N,Not at Intersection,N,Non-Junction,None,,,         ,Kevin,McGinniss,Rain,Not Collision with Motor Vehicle in Transport,no,no,no,no,no,False
102205107,METROPOLITAN NASHVILLE POLICE DEPT,20180940735,Davidson,Nashville,11/9/2018 4:58:00 AM,1,0,0,36.159520,-86.760050,I 24,,,,0.00,,,,,,,49.50,N,Not at Intersection,N,Non-Junction,None,,,         ,Joshua,Whitworth,Rain,Not Collision with Motor Vehicle in Transport,no,no,no,no,no,False
102205110,METROPOLITAN NASHVILLE POLICE DEPT,20180940761,Davidson,Nashville,11/9/2018 5:19:00 AM,2,1,0,36.157290,-86.759790,I24 W ENT RAMP,,,,0.00,Feet,East,I 24,,,,0.00,N,Not at Intersection,N,Non-Junction,None,,,         ,Joseph,Patricio,Rain,Front to Rear,no,no,no,no,no,False
102205113,METROPOLITAN NASHVILLE POLICE DEPT,20180940783,Davidson,Nashville,11/9/2018 5:30:00 AM,1,0,0,36.154670,-86.831510,I 40,,,,0.00,,,,,,,205.40,N,Not at Intersection,N,Non-Junction,None,,,         ,Michael,Griggs,Rain,Not Collision with Motor Vehicle in Transport,no,no,no,no,no,False
102205145,METROPOLITAN NASHVILLE POLICE DEPT,20180940820,Davidson,Nashville,11/9/2018 5:55:00 AM,2,0,0,36.200270,-86.776680,I 65,,,,0.00,,,,,,,86.90,N,Not at Intersection, ,Non-Junction,None,,,         ,Charles,Duke,Rain,Front to Rear,no,no,no,no,no,False
102205152,METROPOLITAN NASHVILLE POLICE DEPT,20180940837,Davidson,Nashville,11/9/2018 6:06:00 AM,2,0,0,36.067260,-86.770560,I 65,,,,0.00,,,,,,,76.75,N,Not at Intersection,N,Non-Junction,None,,,         ,Bryce,Hatten,Rain,Other,no,no,no,no,no,False
102205154,METROPOLITAN NASHVILLE POLICE DEPT,20180940838,Davidson,Nashville,11/9/2018 5:55:00 AM,2,1,0,36.066860,-86.687930,APACHE TRL,,,,53.00,Feet,West,VILLAS OF BAVARIA PVTDR,,,,0.00,N,Not at Intersection,N,Non-Junction,None,,,         ,William,Williams,Rain,Angle,no,no,no,no,no,False
102205155,METROPOLITAN NASHVILLE POLICE DEPT,20180940780,Davidson,Nashville,11/9/2018 5:20:00 AM,2,0,0,36.083650,-86.647220,MURFREESBORO PKE,,,,0.00,,,BROOKSBORO PL,,,,0.00,Y,Four-Way,N,Intersection,None,,,         ,Joshua,McGarvey,Rain,Front to Rear,no,no,no,no,no,False
102205165,METROPOLITAN NASHVILLE POLICE DEPT,20180940891,Davidson,Nashville,11/9/2018 6:45:00 AM,1,0,0,36.130970,-86.706480,PATRICIA DR,,,,102.00,Feet,South,HAROLD DR,,,,0.00,N,Not at Intersection,N,Non-Junction,None,,,         ,Kelsey,Hemminger,Rain,Not Collision with Motor Vehicle in Transport,no,no,no,no,no,False
102205174,METROPOLITAN NASHVILLE POLICE DEPT,20180940926,Davidson,Nashville,11/9/2018 7:10:00 AM,2,0,0,36.160830,-86.792880,I 40,,,,0.00,,,I 40,,,,0.00,Y,Y-Intersection,N,Non-Junction,None,,,         ,Kyle,Eicholtz,Rain,"Sideswipe, Same Direction",no,no,no,no,no,False
102205180,METROPOLITAN NASHVILLE POLICE DEPT,20180940458,Davidson,Not in City Limit,11/9/2018 2:13:00 AM,2,0,0,36.081640,-86.957010,HIGHWAY 70S,,,,36.00,Feet,East,I40 W EXT RAMP,,,,0.00,N,Not at Intersection,N,Unknown,None,,,         ,Aaron,Wigginton,Rain,Angle,no,no,no,no,no,False
102205191,METROPOLITAN NASHVILLE POLICE DEPT,20180940865,Davidson,Nashville,11/9/2018 6:15:00 AM,1,0,0,36.045920,-86.660580,I24 E EXT RAMP,,,,0.00,Feet,East,I 24,,,,0.00,N,Not at Intersection,Y,Entrance/Exit Ramp Related,None,,,         ,Jonathan,Sharp,Rain,Not Collision with Motor Vehicle in Transport,no,no,no,no,no,False
102205192,METROPOLITAN NASHVILLE POLICE DEPT,20180940946,Davidson,Antioch,11/9/2018 7:20:00 AM,2,1,0,36.004920,-86.621820,OLD HICKORY BLVD,,,,0.00,Feet,,BURKITT RD,,,,0.00,Y,T-Intersection,N,Intersection,None,,,         ,Brian,Lamb,Rain,Angle,no,no,no,no,no,False