master_record_number,agency,agency_tracking_number,county,city,collision_date,vehicles_involved,number_injured,number_dead,latitude,longitude,roadway_name,roadway_suffix,roadway_number,roadway_local_id,distance_from_reference,miles-feet_indicator,direction_from_reference,intersection_road_name,intersection_road_name_suffix,intersection_road_number,intersection_local_id,mile_marker,intersection_indicator,intersect_type,interchange_related_indicator,relation_to_junction,work_zone_type,construction_maintenance_zone,construction_maintenance_zone_location,fatal_case_number,officer_first_name,officer_last_name,weather_condition(s),manner_of_crash,pedestrian,bicycle,scooter,parking,hitrun,mou
102205197,METROPOLITAN NASHVILLE POLICE DEPT,20180940982,Davidson,Nashville,11/9/2018 12:00:00 AM,2,0,0,36.080990,-86.643690,SLEEPY HOLLOW DR,,,,148.00,Feet,East,BROADVIEW DR,,,,0.00,N,Not at Intersection, ,Non-Junction,None,,,         ,John,Frazier,Rain,Other,no,no,no,no,yes,False
102205201,METROPOLITAN NASHVILLE POLICE DEPT,20180940973,Davidson,Nashville,11/9/2018 7:00:00 AM,2,0,0,36.048990,-86.665040,I 24,,,,0.00,,,,,,,59.00,N,Not at Intersection, ,Non-Junction,None,,,         ,Carey,Steel,Rain,"Sideswipe, Same Direction",no,no,no,no,yes,False
102205214,METROPOLITAN NASHVILLE POLICE DEPT,20180941061,Davidson,Nashville,11/9/2018 8:00:00 AM,2,0,0,36.154450,-86.842330,46TH AVN,,,,0.00,,,DELAWARE AV,,,,0.00,Y,Four-Way, ,Intersection,None,,,         ,Curtis,Rich,Rain,Front to Rear,no,no,no,no,yes,False
102205218,METROPOLITAN NASHVILLE POLICE DEPT,20180941098,Davidson,Nashville,11/9/2018 8:00:00 AM,1,0,0,36.233600,-86.746810,ELLINGTON PKWYN,,,,325.00,Feet,North,I65 N ENT RAMP,,,,0.00,N,Not at Intersection, ,Non-Junction,None,,,         ,Cyretha,Frazier,Rain,Not Collision with Motor Vehicle in Transport,no,no,no,no,no,False
102205222,METROPOLITAN NASHVILLE POLICE DEPT,20180941091,Davidson,Nashville,11/9/2018 8:11:00 AM,2,0,0,36.034680,-86.642970,I 24,,,,0.00,,,,,,,60.60,N,Not at Intersection, ,Non-Junction,None,,,         ,Joseph,Simon,Cloudy,Front to Rear,no,no,no,no,no,False
102205224,METROPOLITAN NASHVILLE POLICE DEPT,20180941076,Davidson,Nashville,11/9/2018 8:05:00 AM,2,0,0,36.158790,-86.792320,14TH AVN,,,,64.00,Feet,South,I40 E EXT RAMP,,,,0.00,N,Not at Intersection, ,Non-Junction,None,,,         ,David,Crisman,Rain,"Sideswipe, Same Direction",no,no,no,no,no,False
102205236,METROPOLITAN NASHVILLE POLICE DEPT,20180941145,Davidson,Nashville,11/9/2018 8:40:00 AM,2,0,0,36.111510,-86.791690,WOODMONT BLVD,,,,265.00,Feet,East,GRANNY WHITE PKE,,,,0.00,N,Not at Intersection, ,,None,,,         ,Randy,Puckett,,,no,no,no,no,no,False
102205245,METROPOLITAN NASHVILLE POLICE DEPT,20180940921,Davidson,Nashville,11/9/2018 7:08:00 AM,2,1,0,36.130730,-86.719700,HAVENHILL DR,,,,482.00,Feet,West,FOOTHILL CT,,,,0.00,N,Not at Intersection,N,Non-Junction,None,,,         ,Edward,Starke,Rain,Other,no,no,no,yes,no,False
102205246,METROPOLITAN NASHVILLE POLICE DEPT,20180940880,Davidson,Nashville,11/9/2018 5:40:00 AM,2,0,0,36.137210,-86.699680,BRILEY PKWY,,,,0.00,,,GLASTONBURY RD,,,,0.00,Y,T-Intersection, ,Intersection,None,,,         ,Donald,Davidson,Rain,Front to Rear,no,no,no,no,no,False
102205247,METROPOLITAN NASHVILLE POLICE DEPT,20180941059,Davidson,Nashville,11/9/2018 8:00:00 AM,2,0,0,36.199920,-86.758550,JONES AV,,,,101.00,Feet,South,ONEIDA AV,,,,0.00,N,Not at Intersection,N,Non-Junction,None,,,         ,Erik,Nash,Rain,Not Collision with Motor Vehicle in Transport,no,no,no,no,no,False
102205251,GOODLETTSVILLE POLICE DEPT,18-39163,Davidson,Goodlettsville,11/6/2018 4:20:00 PM,4,1,0,36.306237,-86.700434,VIETNAM VETERANS,BLVD,SR386,,50.00,Feet,West,VIETNAM VETERANS,BLVD,SR386,,0.80,N,Not at Intersection,N,Non-Junction,None,,,         ,Charles,Hauskin,Clear,Front to Rear,no,no,no,no,no,False
102205269,METROPOLITAN NASHVILLE POLICE DEPT,20180941182,Davidson,Nashville,11/9/2018 9:05:00 AM,2,0,0,36.145890,-86.741540,I 40,,,,0.00,,,,,,,212.20,N,Not at Intersection,N,Non-Junction,None,,,         ,Samuel,Fredericks,Rain,Front to Rear,no,no,no,no,no,False
102205282,METROPOLITAN NASHVILLE POLICE DEPT,2018 0941173,Davidson,Nashville,11/9/2018 8:45:00 AM,1,0,0,36.150330,-86.857220,CHARLOTTE PKE,,,,46.00,Feet,East,ORLANDO AV,,,,0.00,N,Not at Intersection, ,Non-Junction,None,,,         ,Paul,Junkmann,Rain,Not Collision with Motor Vehicle in Transport,no,no,no,yes,no,False
102205284,METROPOLITAN NASHVILLE POLICE DEPT,20180941212,Davidson,Madison,11/9/2018 9:26:00 AM,2,0,0,36.272120,-86.689560,ANDERSON LN,,,,0.00,,,MYATT DR,,,,0.00,Y,Four-Way,N,Intersection-Related,None,,,         ,William,Monaghan,Rain,Front to Rear,no,no,no,no,yes,False
102205287,METROPOLITAN NASHVILLE POLICE DEPT,20180941204,Davidson,Nashville,11/9/2018 9:20:00 AM,2,0,0,36.163870,-86.793900,I40 E EXT RAMP,,,,0.00,Feet,East,I 40,,,,0.00,N,Not at Intersection, ,Non-Junction,None,,,         ,Jonathon,Sheppard,Rain,Front to Rear,no,no,no,no,no,False
102205289,METROPOLITAN NASHVILLE POLICE DEPT,20180941023,Davidson,Nashville,11/9/2018 7:50:00 AM,2,0,0,36.211000,-86.838930,CLARKSVILLE PKE,,,,0.00,,,NORTHSIDE STATION PVTDR,,,,0.00,Y,Four-Way,N,Intersection,None,,,         ,Luke,Steigerwalt,Rain,HeadOn,no,no,no,no,yes,False
102205295,METROPOLITAN NASHVILLE POLICE DEPT,20180941120,Davidson,Nashville,11/9/2018 8:37:00 AM,2,0,0,36.037280,-86.782790,I 65,,,,0.00,,,,,,,74.45,N,Not at Intersection,N,Non-Junction,None,,,         ,Raymond,Flaherty,Cloudy,Front to Rear,no,no,no,no,no,False
102205297,METROPOLITAN NASHVILLE POLICE DEPT,20180941022,Davidson,Nashville,11/9/2018 7:50:00 AM,3,0,0,36.115270,-86.773300,I 65,,,,0.00,,,,,,,80.15,N,Not at Intersection, ,Non-Junction,None,,,         ,Jon,Mcvey,Rain,Front to Rear,no,no,no,no,no,False
102205298,METROPOLITAN NASHVILLE POLICE DEPT,20180941126,Davidson,Nashville,11/9/2018 8:35:00 AM,2,1,0,36.114170,-86.772750,I 65,,,,0.00,,,,,,,80.05,N,Not at Intersection,N,Non-Junction,None,,,         ,Jon,Mcvey,Cloudy,Front to Rear,no,no,no,no,no,False
102205311,METROPOLITAN NASHVILLE POLICE DEPT,20180941074,Davidson,Not in City Limit,11/9/2018 8:05:00 AM,1,0,0,36.288620,-86.879760,CLARKSVILLE PKE,,,,100.00,Feet,North,ST LAWRENCE DR,,,,0.00,N,Not at Intersection, ,Non-Junction,None,,,         ,Jeanine,Sarno,Rain,Not Collision with Motor Vehicle in Transport,no,no,no,no,no,False
102205317,METROPOLITAN NASHVILLE POLICE DEPT,20180940945,Davidson,Antioch,11/9/2018 7:20:00 AM,2,1,0,36.049310,-86.600000,PIN HOOK RD,,,,0.00,,,HOBSON PKE,,,,0.00,Y,Four-Way,N,Non-Junction,None,,,         ,Steven,Williams,Rain,Front to Rear,no,no,no,no,no,False
102205327,METROPOLITAN NASHVILLE POLICE DEPT,20180941222,Davidson,Nashville,11/9/2018 9:30:00 AM,2,0,0,36.098300,-86.711490,ANTIOCH PKE,,,,135.00,Feet,West,MCILLWAIN PL,,,,0.00,N,Not at Intersection,N,Non-Junction,None,,,         ,James,Thomas,Rain,Front to Rear,no,no,no,no,no,False
102205352,METROPOLITAN NASHVILLE POLICE DEPT,20180941283,Davidson,Nashville,11/9/2018 8:20:00 AM,2,0,0,36.183880,-86.717750,PRESTON,DR,,1012,500.00,Feet,South,MITCHELL,RD,,,0.00,N,Not at Intersection, ,"Driveway, Alley Access, etc",None,,,         ,David,Collins,Rain,"Sideswipe, Same Direction",no,no,no,yes,yes,False
102205354,METROPOLITAN NASHVILLE POLICE DEPT,20180941225,Davidson,Nashville,11/9/2018 9:20:00 AM,1,0,0,36.153070,-86.730890,LEBANON PKE,,,,0.52,Miles,West,SPENCE LN,,,,0.00,N,Not at Intersection,N,Non-Junction,None,,,         ,Tyler,Geiger,Rain,Not Collision with Motor Vehicle in Transport,no,no,no,no,no,False
102205355,METROPOLITAN NASHVILLE POLICE DEPT,20180941269,Davidson,Nashville,11/9/2018 9:57:00 AM,2,0,0,36.139600,-86.701090,KAREN DR,,,,0.00,Feet,West,DABBS AV,,,,0.00,N,Not at Intersection, ,Non-Junction,None,,,         ,Jason,Milyaro Lucas,Rain,Angle,no,no,no,no,no,False
102205362,METROPOLITAN NASHVILLE POLICE DEPT,20180941156,Davidson,Nashville,11/9/2018 8:58:00 AM,2,0,0,36.241080,-86.755400,BRILEY PKWYE,,,,0.00,,,I65 S EXT RAMP,,,,0.00,Y,OTHER, ,Non-Junction,None,,,         ,Blake,McKay,Rain,"Sideswipe, Same Direction",no,no,no,no,no,False
102205376,METROPOLITAN NASHVILLE POLICE DEPT,20180941270,Davidson,Nashville,11/9/2018 9:02:00 AM,2,0,0,36.037610,-86.785120,I65 S ENT RAMP,,,,0.00,,,OLD HICKORY BLVD,,,,0.00,Y,T-Intersection, ,Intersection,None,,,         ,Raymond,Flaherty,Cloudy,"Sideswipe, Same Direction",no,no,no,no,no,False
102205392,METROPOLITAN NASHVILLE POLICE DEPT,20180941387,Davidson,Antioch,11/9/2018 10:26:00 AM,2,0,0,36.016550,-86.619950,OLD HICKORY BLVD,,,,110.00,Feet,South,FIRESTONE PKWY,,,,0.00,N,Not at Intersection, ,Non-Junction,None,,,         ,Edward,Starke,Rain,Front to Rear,no,no,no,no,no,False
102205398,METROPOLITAN NASHVILLE POLICE DEPT,20180941174,Davidson,Nashville,11/9/2018 9:05:00 AM,2,1,0,36.206620,-86.777900,W TRINITY LN,,,,0.00,,,BRICK CHURCH PKE,,,,0.00,Y,Four-Way,N,Intersection,None,,,         ,James,Wray,Rain,Angle,no,no,no,no,no,False
102205416,METROPOLITAN NASHVILLE POLICE DEPT,20180941395,Davidson,Nashville,11/9/2018 10:33:00 AM,1,0,0,36.167370,-86.610830,I40 W ENT RAMP,,,,0.00,Feet,East,I 40,,,,0.00,N,Not at Intersection,N,Non-Junction,None,,,         ,Zachary,Plese,Cloudy,Unknown,no,no,no,no,yes,False
102205417,METROPOLITAN NASHVILLE POLICE DEPT,20180941218,Davidson,Nashville,11/9/2018 9:05:00 AM,2,0,0,36.124980,-86.776670,INVERNESS AV,,,,0.00,,,FRANKLIN PKE,,,,0.00,Y,T-Intersection, ,Intersection,None,,,         ,Randy,Puckett,Rain,Angle,no,no,no,no,no,False
102205426,METROPOLITAN NASHVILLE POLICE DEPT,20180941464,Davidson,Nashville,11/9/2018 11:15:00 AM,1,1,0,36.153660,-86.845950,I 40,,,,0.00,,,,,,,204.60,N,Not at Intersection,N,Non-Junction,None,,,         ,Walter,Gray II,Cloudy,Not Collision with Motor Vehicle in Transport,yes,no,no,no,no,False
102205427,METROPOLITAN NASHVILLE POLICE DEPT,20180941135,Davidson,Not in City Limit,11/9/2018 8:30:00 AM,3,0,0,36.324760,-86.874000,I 24,,,,0.00,,,,,,,34.60,N,Not at Intersection, ,Non-Junction,None,,,         ,Jeanine,Sarno,Rain,Front to Rear,no,no,no,no,no,False
102205432,METROPOLITAN NASHVILLE POLICE DEPT,20180941154,Davidson,Nashville,11/9/2018 8:17:00 AM,2,1,0,36.054610,-86.756200,BRENTVIEW HILLS DR,,,,0.00,,,STALLWORTH DR,,,,0.00,Y,Four-Way,N,Intersection,None,,,         ,Phillip,Murphy,Rain,Angle,no,no,no,no,no,False
102205435,METROPOLITAN NASHVILLE POLICE DEPT,20180941504,Davidson,Not in City Limit,11/9/2018 11:48:00 AM,2,0,0,36.263810,-86.711660,GALLATIN PKEN,,,,0.00,,,OLD TIME VILLAGE PVTDR,,,,0.00,Y,OTHER, ,,None,,,         ,Cyretha,Frazier,,,no,no,no,no,no,False
102205449,METROPOLITAN NASHVILLE POLICE DEPT,2018-0941349,Davidson,Nashville,11/9/2018 10:24:00 AM,2,0,0,36.244370,-86.747700,I65 S EXT RAMP,,,,0.00,Feet,East,I 65,,,,0.00,N,Not at Intersection,N,Non-Junction,None,,,         ,Arthur,Hipp,Cloudy,"Sideswipe, Same Direction",no,no,no,no,yes,False
102205451,METROPOLITAN NASHVILLE POLICE DEPT,20180941405,Davidson,Nashville,11/9/2018 10:54:00 AM,1,0,0,36.152050,-86.781480,GLEAVES ST,,,,0.00,,,PINE ST,,,,0.00,Y,T-Intersection, ,Intersection-Related,None,,,         ,Kyle,Eicholtz,Clear,Not Collision with Motor Vehicle in Transport,no,no,no,no,no,False
102205476,METROPOLITAN NASHVILLE POLICE DEPT,20180941502,Davidson,Nashville,11/9/2018 11:45:00 AM,2,0,0,36.147220,-86.807880,WEST END AV,,,,167.00,Feet,East,25TH AVS,,,,0.00,N,Not at Intersection, ,Non-Junction,None,,,         ,Jon,Mcvey,Cloudy,Angle,no,no,no,no,no,Campus
102205478,METROPOLITAN NASHVILLE POLICE DEPT,20180941500,Davidson,Nashville,11/9/2018 11:45:00 AM,2,0,0,36.198440,-86.620270,LEBANON PKE,,,,0.00,,,OLD HICKORY BLVD,,,,0.00,Y,Four-Way, ,,None,,,         ,William,Mckay,,,no,no,no,no,no,False
102205494,METROPOLITAN NASHVILLE POLICE DEPT,20180940882,Davidson,Nashville,11/9/2018 6:10:00 AM,3,0,0,36.171590,-86.679520,PARK DR,,,,0.00,,,MCGAVOCK PKE,,,,0.00,Y,T-Intersection,N,Intersection,None,,,         ,Donald,Davidson,Rain,Front to Rear,no,no,no,no,no,False
102205497,METROPOLITAN NASHVILLE POLICE DEPT,20180941544,Davidson,Nashville,11/9/2018 12:05:00 PM,2,0,0,36.077470,-86.773100,FRANKLIN PKE,,,,0.00,,,TYNE BLVD,,,,0.00,Y,T-Intersection,N,Intersection,None,,,         ,Earl,Davis,Cloudy,Angle,no,no,no,no,no,False
102205506,METROPOLITAN NASHVILLE POLICE DEPT,20180941609,Davidson,Nashville,11/9/2018 12:32:00 PM,2,0,0,36.249390,-86.719410,E PALESTINE AV,,,,0.00,Feet,,GALLATIN PKES,,,,0.00,Y,Four-Way, ,Intersection,None,,,         ,Timothy,Kearney,Cloudy,Front to Rear,no,no,no,no,no,False
102205547,METROPOLITAN NASHVILLE POLICE DEPT,20180941371,Davidson,Nashville,11/9/2018 9:40:00 AM,2,0,0,36.125670,-86.709790,BOWWOOD CT,,,,0.00,,,MURFREESBORO PKE,,,,0.00,Y,OTHER, ,Non-Junction,None,,,         ,Nopel,Stella,Clear,Rear to Side,no,no,no,no,yes,False
102205551,METROPOLITAN NASHVILLE POLICE DEPT,20180941682,Davidson,Nashville,11/9/2018 1:10:00 PM,1,1,0,36.164380,-86.781360,UNION ST,,,,60.00,Feet,West,5TH AVN,,,,0.00,N,Not at Intersection,N,Non-Junction,None,,,         ,Kyle,Eicholtz,Clear,Not Collision with Motor Vehicle in Transport,yes,no,no,no,no,False
102205580,METROPOLITAN NASHVILLE POLICE DEPT,20180941618,Davidson,Nashville,11/9/2018 12:15:00 PM,2,0,0,36.155220,-86.764780,HERMITAGE AV,,,,0.00,,,ROLLING MILL HILL GRNWY,,,,0.00,Y,T-Intersection, ,Intersection,None,,,         ,Johnathan,Carlisle,Cloudy,Angle,no,no,no,no,no,False
102205588,METROPOLITAN NASHVILLE POLICE DEPT,20180941620,Davidson,Nashville,11/9/2018 12:35:00 PM,1,1,0,36.145350,-86.765680,3RD AVS,,,,0.00,,,,,,,0.00,,,N,Non-Junction,None,,,         ,Honorio,Canchola,Clear,Not Collision with Motor Vehicle in Transport,no,no,no,no,no,False
102205603,METROPOLITAN NASHVILLE POLICE DEPT,20180941750,Davidson,Nashville,11/9/2018 1:47:00 PM,2,1,0,36.123900,-86.789770,12TH AVS,,,,54.00,Feet,South,SWEETBRIAR AV,,,,0.00,N,Not at Intersection,N,Non-Junction,None,,,         ,Jon,Mcvey,Cloudy,Front to Rear,no,no,no,no,no,False
102205634,METROPOLITAN NASHVILLE POLICE DEPT,20180941735,Davidson,Nashville,11/9/2018 1:30:00 PM,2,2,0,36.169780,-86.667890,OLD LEBANON PKE,,,,321.00,Feet,East,OLD LEBANON PKE PVTDR,,,,0.00,N,Not at Intersection,N,Non-Junction,None,,,         ,Zachary,Scott,Cloudy,Front to Rear,no,no,no,no,no,False
102205675,METROPOLITAN NASHVILLE POLICE DEPT,20180941903,Davidson,Nashville,11/9/2018 11:00:00 AM,2,0,0,36.182760,-86.765110,LISCHEY AV,,,,137.00,Feet,North,GRACE ST,,,,0.00,N,Not at Intersection,N,Non-Junction,None,,,         ,Riley,Brewer,Clear,Unknown,no,no,no,no,yes,False
102205723,METROPOLITAN NASHVILLE POLICE DEPT,20180941934,Davidson,Nashville,11/9/2018 2:36:00 PM,2,0,0,36.183500,-86.610760,OLD HICKORY BLVD,,,,0.00,Feet,West,DODSON CHAPEL RD,,,,0.00,N,Not at Intersection, ,,None,,,         ,Tyler,Hall,,,no,no,no,no,no,False
102205756,METROPOLITAN NASHVILLE POLICE DEPT,20180939419,Davidson,Nashville,11/8/2018 6:18:00 PM,2,0,0,36.152890,-86.855450,I 40,,,,0.00,,,,,,,204.10,N,Not at Intersection, ,Non-Junction,None,,,         ,Alexander,Donald,Clear,"Sideswipe, Same Direction",no,no,no,no,no,False
102205784,METROPOLITAN NASHVILLE POLICE DEPT,20180942085,Davidson,Nashville,11/9/2018 4:05:00 PM,2,0,0,36.204740,-86.751700,E TRINITY LN,,,,162.00,Feet,West,PITTWAY DR,,,,0.00,N,Not at Intersection,N,Non-Junction,None,,,         ,Riley,Brewer,Clear,Front to Rear,no,no,no,no,yes,False
102205795,METROPOLITAN NASHVILLE POLICE DEPT,20180942017,Davidson,Nashville,11/9/2018 3:42:00 PM,2,0,0,36.153220,-86.803250,21ST AVN,,,,57.00,Feet,South,STATE ST,,,,0.00,N,Not at Intersection, ,,None,,,         ,FELIKS,ABRAHAMYAN,,,no,no,no,no,no,False
102205796,METROPOLITAN NASHVILLE POLICE DEPT,20180941877,Davidson,Nashville,11/9/2018 7:15:00 AM,1,1,0,36.078820,-86.656090,UNA ANTIOCH PKE,,,,371.00,Feet,East,OAKWOOD FOREST DR,,,,0.00,N,Not at Intersection,N,Non-Junction,None,,,         ,Jonathan,Nicholson,Rain,Not Collision with Motor Vehicle in Transport,yes,no,no,no,yes,False
102205798,METROPOLITAN NASHVILLE POLICE DEPT,20180941954,Davidson,Nashville,11/9/2018 2:30:00 PM,1,0,0,36.158870,-86.704930,LEBANON PKE,,,,269.00,Feet,West,QUINN CIR,,,,0.00,N,Not at Intersection,N,Non-Junction,None,,,         ,Darci,Stechman,Cloudy,Not Collision with Motor Vehicle in Transport,no,no,no,no,no,False
102205818,METROPOLITAN NASHVILLE POLICE DEPT,20180942069,Davidson,Nashville,11/9/2018 4:03:00 PM,2,0,0,36.143230,-86.814750,WEST END AV,,,,233.00,Feet,South,30TH AVN,,,,0.00,N,Not at Intersection, ,Non-Junction,None,,,         ,FELIKS,ABRAHAMYAN,Clear,Not Collision with Motor Vehicle in Transport,no,no,no,no,no,Campus
102205819,METROPOLITAN NASHVILLE POLICE DEPT,20180941983,Davidson,Nashville,11/9/2018 2:00:00 PM,2,0,0,36.110050,-86.811490,HILLSBORO PKE,,,,351.00,Feet,North,CRESTMOOR RD,,,,0.00,N,Not at Intersection, ,Non-Junction,None,,,         ,Kelby,Dumond,Cloudy,"Sideswipe, Same Direction",no,no,no,no,no,False
102205823,METROPOLITAN NASHVILLE POLICE DEPT,20180941912,Davidson,Nashville,11/9/2018 3:02:00 PM,2,0,0,36.160470,-86.775280,3RD AVS,,,,0.00,,,SHELBY ST PEDESTRIAN BRIDGE GR,,,,0.00,Y,T-Intersection, ,,None,,,         ,Michael,Douglas,,,no,no,no,no,no,False
102205825,METROPOLITAN NASHVILLE POLICE DEPT,20180941936,Davidson,Nashville,11/9/2018 3:10:00 PM,2,0,0,36.160250,-86.782960,COMMERCE ST,,,,0.00,,,ROSA L PARKS BLVD,,,,0.00,Y,Four-Way, ,Intersection,None,,,         ,Joseph,Bingham,Clear,Rear to Side,no,no,no,no,no,False
102205826,METROPOLITAN NASHVILLE POLICE DEPT,20180941988,Davidson,Nashville,11/9/2018 2:23:00 PM,2,0,0,36.154800,-86.831590,I 40,,,,0.00,,,,,,,205.40,N,Not at Intersection, ,Entrance/Exit Ramp Related,None,,,         ,Alan,Digruttolo,Cloudy,Front to Rear,no,no,no,no,no,False
102205843,METROPOLITAN NASHVILLE POLICE DEPT,2018094228,Davidson,Nashville,11/9/2018 4:55:00 PM,2,1,0,36.155690,-86.771140,2ND AVS,,,,50.00,Feet,North,LEA AV,,,,0.00,N,Not at Intersection, ,Non-Junction,None,,,         ,Joshua,Reece,Clear,Front to Rear,no,no,no,no,no,False
102205846,METROPOLITAN NASHVILLE POLICE DEPT,20180942153,Davidson,Nashville,11/9/2018 4:02:00 PM,2,0,0,36.171390,-86.800830,14TH AVN,,,,163.00,Feet,North,JEFFERSON ST,,,,0.00,N,Not at Intersection, ,Non-Junction,None,,,         ,Melvin,Taylor,Clear,"Sideswipe, Same Direction",no,no,no,no,no,False
102205851,METROPOLITAN NASHVILLE POLICE DEPT,20180942291,Davidson,Nashville,11/9/2018 5:06:00 PM,2,0,0,36.140570,-86.722730,I 40,,,,0.00,,,,,,,213.50,N,Not at Intersection,N,Non-Junction,None,,,         ,Trenton,Searcy,Clear,Front to Rear,no,no,no,no,no,False
102205853,METROPOLITAN NASHVILLE POLICE DEPT,20180942194,Davidson,Nashville,11/9/2018 4:54:00 PM,2,0,0,36.109570,-86.722440,I24 E ENT RAMP,,,,0.00,Feet,East,I 24,,,,0.00,N,Not at Intersection, ,Entrance/Exit Ramp Related,None,,,         ,Aimee,Ortiz,Cloudy,"Sideswipe, Same Direction",no,no,no,no,no,False
102205855,METROPOLITAN NASHVILLE POLICE DEPT,20180941850,Davidson,Nashville,11/9/2018 2:38:00 PM,2,0,0,36.154330,-86.743300,LEBANON PKE,,,,0.00,,,FESSLERS LN,,,,0.00,Y,Y-Intersection, ,,None,,,         ,Johnathan,Pannell,,,no,no,no,no,no,False
102205868,METROPOLITAN NASHVILLE POLICE DEPT,20180942121,Davidson,Nashville,11/9/2018 3:10:00 PM,2,0,0,36.215090,-86.595460,LEBANON PKE,,,,652.00,Feet,East,ANDREW JACKSON PKWY,,,,0.00,N,Not at Intersection,N,Non-Junction,None,,,         ,Marvis,Malone,Clear,Rear to Rear,no,no,no,yes,yes,False
102205869,METROPOLITAN NASHVILLE POLICE DEPT,20180942186,Davidson,Not in City Limit,11/9/2018 4:22:00 PM,2,0,0,36.258050,-86.738270,I 65,,,,0.00,,,,,,,91.80,N,Not at Intersection, ,Non-Junction,None,,,         ,Christopher,Littles,Cloudy,Angle,no,no,no,no,no,False
102205870,METROPOLITAN NASHVILLE POLICE DEPT,20180942325,Davidson,Nashville,11/9/2018 5:22:00 PM,3,0,0,36.238820,-86.778050,BRILEY PKWYE,,,,66.00,Feet,South,BRILEY PKWYW,,,,0.00,N,Not at Intersection, ,Non-Junction,None,,,         ,Christopher,Littles,Cloudy,Front to Rear,no,no,no,no,no,False
102205875,METROPOLITAN NASHVILLE POLICE DEPT,20180942239,Davidson,Nashville,11/9/2018 4:45:00 PM,2,1,0,36.050430,-86.647980,BELL RD,,,,333.00,Feet,West,HICKORY HOLLOW TER,,,,0.00,N,Not at Intersection,N,Non-Junction,None,,,         ,Ian,Swander,Clear,Front to Rear,no,no,no,no,no,False
102205881,METROPOLITAN NASHVILLE POLICE DEPT,20180942133,Davidson,Nashville,11/9/2018 4:22:00 PM,1,1,0,36.166890,-86.818470,27TH AVN,,,,32.00,Feet,North,MEHARRY BLVD,,,,0.00,N,Not at Intersection,N,Non-Junction,None,,,         ,Kayla,Castro,Clear,Not Collision with Motor Vehicle in Transport,yes,no,no,no,no,False
102205909,METROPOLITAN NASHVILLE POLICE DEPT,20180942391,Davidson,Nashville,11/9/2018 5:40:00 PM,2,0,0,36.141250,-86.666530,DONELSON PKE,,,,323.00,Feet,North,I40 W EXT RAMP,,,,0.00,N,Not at Intersection,N,Non-Junction,None,,,         ,Brady,Reynolds,Clear,"Sideswipe, Same Direction",no,no,no,no,no,False
102205910,METROPOLITAN NASHVILLE POLICE DEPT,20180942464,Davidson,Nashville,11/9/2018 5:25:00 PM,1,0,0,36.071150,-86.860640,CHICKERING LN,,,,1823.00,Feet,South,CHICKERING RD,,,,0.00,N,Not at Intersection, ,Non-Junction,None,,,         ,Broderick,Jones,Clear,Not Collision with Motor Vehicle in Transport,no,no,no,no,no,False
102205925,METROPOLITAN NASHVILLE POLICE DEPT,20180942336,Davidson,Nashville,11/9/2018 12:00:00 AM,3,0,0,36.162270,-86.768980,KOREAN VETERANS BLVD,,,,274.00,Feet,South,S 1ST ST,,,,0.00,N,Not at Intersection,Y,Non-Junction,None,,,         ,Trevor,Taylor,Clear,Front to Rear,no,no,no,no,no,False
102205927,METROPOLITAN NASHVILLE POLICE DEPT,20180942333,Davidson,Nashville,11/9/2018 5:20:00 PM,2,0,0,36.158810,-86.791540,I 40,,,,0.00,,,,,,,208.90,N,Not at Intersection, ,Non-Junction,None,,,         ,Evan,Grace,Clear,"Sideswipe, Same Direction",no,no,no,no,no,False
102205932,METROPOLITAN NASHVILLE POLICE DEPT,20180942557,Davidson,Nashville,11/9/2018 5:12:00 PM,2,0,0,36.089200,-86.749990,GRASSMERE PK,,,,234.00,Feet,East,TROUSDALE DR,,,,0.00,N,Not at Intersection, ,,None,,,         ,FELIKS,ABRAHAMYAN,,,no,no,no,no,no,False
102205933,METROPOLITAN NASHVILLE POLICE DEPT,20180942509,Davidson,Nashville,11/9/2018 5:20:00 PM,1,0,0,36.188800,-86.590720,OLD LEBANON DIRT RD,,,,322.00,Feet,East,LILI LN,,,,0.00,N,Not at Intersection, ,,None,,,         ,Marvis,Malone,,,no,no,no,no,no,False
102205946,METROPOLITAN NASHVILLE POLICE DEPT,20180942606,Davidson,Nashville,11/9/2018 6:02:00 PM,1,0,0,36.076860,-86.913800,HIGHWAY 70S,,,,508.00,Feet,West,FOREST PARK APT PVTDR,,,,0.00,N,Not at Intersection, ,Non-Junction,None,,,         ,Brandon,Pedigo,Clear,Unknown,no,no,no,no,no,False
102205948,METROPOLITAN NASHVILLE POLICE DEPT,20180942524,Davidson,Not in City Limit,11/9/2018 6:28:00 PM,3,0,0,36.301120,-86.812000,I 24,,,,0.00,,,,,,,38.70,N,Not at Intersection,N,Non-Junction,None,,,         ,Christopher,Littles,Cloudy,Front to Rear,no,no,no,no,no,False
102205966,METROPOLITAN NASHVILLE POLICE DEPT,20180941958,Davidson,Nashville,11/9/2018 3:10:00 PM,2,0,0,36.155800,-86.780140,CLARK PL,,,,0.00,,,8TH AVS,,,,0.00,Y,T-Intersection, ,Intersection,None,,,         ,Timothy,Mead,Cloudy,Angle,no,no,no,no,yes,False