master_record_number,agency,agency_tracking_number,county,city,collision_date,vehicles_involved,number_injured,number_dead,latitude,longitude,roadway_name,roadway_suffix,roadway_number,roadway_local_id,distance_from_reference,miles-feet_indicator,direction_from_reference,intersection_road_name,intersection_road_name_suffix,intersection_road_number,intersection_local_id,mile_marker,intersection_indicator,intersect_type,interchange_related_indicator,relation_to_junction,work_zone_type,construction_maintenance_zone,construction_maintenance_zone_location,fatal_case_number,officer_first_name,officer_last_name,weather_condition(s),manner_of_crash,pedestrian,bicycle,scooter,parking,hitrun,mou
102208562,METROPOLITAN NASHVILLE POLICE DEPT,20180948876,Davidson,Nashville,11/12/2018 10:11:00 AM,2,0,0,36.154350,-86.806830,MURPHY AV,,,,276.00,Feet,West,22ND AVN,,,,0.00,N,Not at Intersection, ,,None,,,         ,David,Lang,,,no,no,no,no,no,False
102208570,METROPOLITAN NASHVILLE POLICE DEPT,20180948938,Davidson,Nashville,11/12/2018 11:08:00 AM,1,1,0,36.080110,-86.696270,I 24,,,,0.00,,,,,,,56.20,N,Not at Intersection,N,Non-Junction,None,,,         ,Jessie,Meadows,Rain,Not Collision with Motor Vehicle in Transport,no,no,no,no,no,False
102208571,METROPOLITAN NASHVILLE POLICE DEPT,20180948946,Davidson,Nashville,11/12/2018 11:05:00 AM,2,0,0,36.078110,-86.837640,HILLSBORO PKE,,,,310.00,Feet,South,TYNE BLVD,,,,0.00,N,Not at Intersection, ,Non-Junction,None,,,         ,Raymond,Flaherty,Rain,Front to Rear,no,no,no,no,no,False
102208572,METROPOLITAN NASHVILLE POLICE DEPT,20180949001,Davidson,Nashville,11/12/2018 11:53:00 AM,2,0,0,36.089150,-86.627440,BELL RD,,,,3.00,Feet,North,NASHBORO BLVD,,,,0.00,N,Not at Intersection, ,Non-Junction,None,,,         ,John,Frazier,Rain,Other,no,no,no,no,no,False
102208574,METROPOLITAN NASHVILLE POLICE DEPT,20180948968,Davidson,Nashville,11/12/2018 10:25:00 AM,2,0,0,36.146070,-86.799550,SCARRITT PL,,,,0.00,Feet,East,21ST AVS,,,,0.00,N,Not at Intersection, ,,None,,,         ,Gregory,Scott,,,no,no,no,no,no,Campus
102208579,METROPOLITAN NASHVILLE POLICE DEPT,20180949045,Davidson,Nashville,11/12/2018 12:15:00 PM,2,0,0,36.082100,-86.761700,HARDING PL,,,,0.00,,,SIDCO DR,,,,0.00,Y,Four-Way, ,Intersection,None,,,         ,Justin,Pinkelton,Rain,Front to Rear,no,no,no,no,no,False
102208581,METROPOLITAN NASHVILLE POLICE DEPT,20180949046,Davidson,Nashville,11/12/2018 12:15:00 PM,2,0,0,36.142180,-86.666550,I40 W EXT RAMP,,,,0.00,,,I 40,,,,0.00,Y,Four-Way, ,,None,,,         ,Larry,Benz,,,no,no,no,no,no,False
102208602,METROPOLITAN NASHVILLE POLICE DEPT,2018-0948600,Davidson,Nashville,11/12/2018 8:28:00 AM,2,1,0,36.074350,-86.743260,TIMBERDALE DR,,,,12.00,Feet,South,BLACKMAN RD,,,,0.00,N,Not at Intersection,N,Non-Junction,None,,,         ,Sean,Williams,Rain,Front to Rear,no,no,no,no,no,False
102208621,METROPOLITAN NASHVILLE POLICE DEPT,20180948990,Davidson,Nashville,11/12/2018 11:45:00 AM,1,0,0,36.093280,-86.715660,BENITA DR,,,,44.00,Feet,East,SCOTWOOD DR,,,,0.00,N,Not at Intersection,N,Non-Junction,None,,,         ,Jessie,Meadows,Rain,Not Collision with Motor Vehicle in Transport,no,no,no,no,yes,False
102208626,TENNESSEE STATE UNIVERSITY ,18-TSU-64358,Davidson,Nashville,11/12/2018 8:45:00 AM,2,0,0,36.166240,-86.826740,33RD AVN,,,,0.00,,,CLOVER ST,,,,0.00,Y,OTHER,N,Non-Junction,None,,,         ,Harold,Taylor,Rain,Front to Rear,no,no,no,yes,no,False
102208631,METROPOLITAN NASHVILLE POLICE DEPT,20180949101,Davidson,Nashville,11/12/2018 12:42:00 PM,2,0,0,36.074640,-86.681820,ANTIOCH PKE,,,,754.00,Feet,East,RADER DR,,,,0.00,N,Not at Intersection,N,Non-Junction,None,,,         ,James,Jarvis,Rain,"Sideswipe, Opposite Direction",no,no,no,no,yes,False
102208633,METROPOLITAN NASHVILLE POLICE DEPT,20180949062,Davidson,Nashville,11/12/2018 12:31:00 PM,1,1,0,36.163940,-86.793740,I 40,,,,0.00,,,,,,,208.55,N,Not at Intersection,N,Non-Junction,None,,,         ,Patrick,Taylor,Rain,Not Collision with Motor Vehicle in Transport,no,no,no,no,no,False
102208643,METROPOLITAN NASHVILLE POLICE DEPT,20180949082,Davidson,Nashville,11/12/2018 12:42:00 PM,2,1,0,36.050720,-86.650720,MT VIEW RD,,,,170.00,Feet,East,CURTIS HOLLOW RD,,,,0.00,N,Not at Intersection,N,Non-Junction,None,,,         ,Craig,Oakley,Rain,Front to Rear,no,no,no,no,no,False
102208645,METROPOLITAN NASHVILLE POLICE DEPT,20180949083,Davidson,Nashville,11/12/2018 12:40:00 PM,2,0,0,36.154040,-86.807460,MURPHY AV,,,,494.00,Feet,West,22ND AVN,,,,0.00,N,Not at Intersection, ,,None,,,         ,David,Lang,,,no,no,no,no,no,False
102208646,METROPOLITAN NASHVILLE POLICE DEPT,20180929191,Davidson,Nashville,11/5/2018 1:30:00 PM,2,0,0,36.176930,-86.772000,I24 W EXT RAMP,,,,0.00,,,I 24,,,,0.00,Y,OTHER, ,Non-Junction,None,,,         ,Gregory,Julia,Clear,Front to Rear,no,no,no,no,no,False
102208648,METROPOLITAN NASHVILLE POLICE DEPT,20180949105,Davidson,Nashville,11/12/2018 11:30:00 AM,2,0,0,36.135630,-86.801000,21ST AVS,,,,1.00,Feet,North,ACKLEN AV,,,,0.00,N,Not at Intersection, ,,None,,,         ,Gregory,Scott,,,no,no,no,no,no,Campus
102208650,METROPOLITAN NASHVILLE POLICE DEPT,20180949069,Davidson,Nashville,11/12/2018 12:37:00 PM,2,0,0,36.151130,-86.769320,I 40,,,,0.00,,,,,,,210.45,N,Not at Intersection, ,Non-Junction,None,,,         ,Charles,Wakefield,Rain,Front to Rear,no,no,no,no,no,False
102208654,METROPOLITAN NASHVILLE POLICE DEPT,20180949097,Davidson,Not in City Limit,11/12/2018 12:55:00 PM,3,1,0,36.091680,-86.981190,HIGHWAY 70S,,,,0.00,,,CHARLOTTE PKE,,,,0.00,Y,Y-Intersection,N,Intersection,None,,,         ,Curtis,Rich,Rain,HeadOn,no,no,no,no,no,False
102208655,METROPOLITAN NASHVILLE POLICE DEPT,20180948912,Davidson,Nashville,11/12/2018 10:48:00 AM,2,0,0,36.151360,-86.751130,I 40,,,,0.00,,,,,,,211.50,N,Not at Intersection,Y,Entrance/Exit Ramp Related,None,,,         ,William,Coy,Rain,"Sideswipe, Same Direction",no,no,no,no,yes,False
102208656,METROPOLITAN NASHVILLE POLICE DEPT,20180949085,Davidson,Nashville,11/12/2018 12:35:00 PM,2,0,0,36.158900,-86.759980,I 24,,,,0.00,,,,,,,49.55,N,Not at Intersection, ,,None,,,         ,Erik,Nash,,,no,no,no,no,no,False
102208659,VANDERBILT UNIVERSITY POLICE,20180949100,Davidson,Nashville,11/12/2018 12:40:00 PM,2,0,0,36.139860,-86.804890,24TH AVS,,,,0.00,,,,,,,0.00,,, ,Non-Junction,None,,,         ,Gregory,Blocker,Rain,Rear to Side,no,no,no,yes,no,Campus
102208664,METROPOLITAN NASHVILLE POLICE DEPT,20180949088,Davidson,Not in City Limit,11/12/2018 12:48:00 PM,2,0,0,36.266900,-86.710910,DUPONT AV,,,,0.00,,,GALLATIN PKEN,,,,0.00,Y,T-Intersection, ,Intersection-Related,None,,,         ,Michelle,Steidl,Rain,Angle,no,no,no,no,no,False
102208673,METROPOLITAN NASHVILLE POLICE DEPT,20180949195,Davidson,Nashville,11/12/2018 1:47:00 PM,1,1,0,36.154650,-86.808920,23RD AVN,,,,0.00,,,LESLIE AV,,,,0.00,Y,Four-Way,N,Intersection,None,,,         ,David,Lang,Rain,Not Collision with Motor Vehicle in Transport,yes,no,no,no,no,False
102208688,METROPOLITAN NASHVILLE POLICE DEPT,20180949210,Davidson,Nashville,11/12/2018 1:39:00 PM,1,0,0,36.230900,-86.610400,SHUTE LN,,,,207.00,Feet,East,WILLOW BOUGH LN,,,,0.00,N,Not at Intersection,N,Non-Junction,None,,,         ,Cassandra,Del Bosco,Rain,Not Collision with Motor Vehicle in Transport,no,no,no,no,no,False
102208691,METROPOLITAN NASHVILLE POLICE DEPT,20180946741,Davidson,Nashville,11/11/2018 1:51:00 PM,2,1,0,36.104210,-86.715720,I 24,,,,0.00,,,,,,,54.20,N,Not at Intersection,N,Non-Junction,None,,,         ,Nopel,Stella,Clear,Front to Rear,no,no,no,no,yes,False
102208719,METROPOLITAN NASHVILLE POLICE DEPT,20180949153,Davidson,Nashville,11/12/2018 1:20:00 PM,1,0,0,36.152630,-86.804440,22ND AVN,,,,47.00,Feet,South,STATE ST,,,,0.00,N,Not at Intersection, ,,None,,,         ,Justan,Vance,,,no,no,no,yes,no,False
102208721,METROPOLITAN NASHVILLE POLICE DEPT,2018-0949167,Davidson,Nashville,11/12/2018 1:15:00 PM,2,0,0,36.110710,-86.745100,NOLENSVILLE PKE,,,,89.00,Feet,South,THOMPSON LN,,,,0.00,N,Not at Intersection, ,Non-Junction,None,,,         ,Sean,Williams,Rain,Angle,no,no,no,no,yes,False
102208733,METROPOLITAN NASHVILLE POLICE DEPT,20180949223,Davidson,Nashville,11/12/2018 2:05:00 PM,2,0,0,36.046360,-86.677200,BELL RD,,,,676.00,Feet,East,BRITTANY PARK DR,,,,0.00,N,Not at Intersection, ,Non-Junction,None,,,         ,Jessie,Meadows,Rain,"Sideswipe, Same Direction",no,no,no,no,no,False
102208759,METROPOLITAN NASHVILLE POLICE DEPT,20180949238,Davidson,Nashville,11/12/2018 1:40:00 PM,3,0,0,36.037400,-86.786570,FRANKLIN PKE,,,,0.00,,,OLD HICKORY BLVD,,,,0.00,Y,Four-Way,N,Intersection,None,,,         ,Justin,Pinkelton,Rain,Front to Rear,no,no,no,no,yes,False
102208760,METROPOLITAN NASHVILLE POLICE DEPT,20180949192,Davidson,Nashville,11/12/2018 1:43:00 PM,3,1,0,36.037430,-86.790510,OLD HICKORY BLVD,,,,141.00,Feet,East,S HILLVIEW DR,,,,0.00,N,Not at Intersection,N,Non-Junction,None,,,         ,Gary,Sneed,Rain,Front to Rear,no,no,no,no,no,False
102208777,BERRY HILL POLICE DEPT,18-4021,Davidson,Berry Hill,11/10/2018 12:00:00 AM,2,0,0,36.126970,-86.777350,FRANKLIN PKE,,,,0.00,,,HILLVIEW HTS,,,,0.00,Y,T-Intersection,Y,Intersection,None,,,         ,John,Gleixner,Clear,Angle,no,no,no,no,no,False
102208778,BERRY HILL POLICE DEPT,18-4022,Davidson,Berry Hill,11/10/2018 12:00:00 AM,2,0,0,36.121000,-86.775820,KIRKWOOD AV,,,,0.00,,,,,,,0.00,,Not at Intersection, ,Non-Junction,None,,,         ,John,Gleixner,Clear,Rear to Rear,no,no,no,yes,no,False
102208782,METROPOLITAN NASHVILLE POLICE DEPT,20180949276,Davidson,Nashville,11/12/2018 2:29:00 PM,2,1,0,36.150420,-86.857900,WHITE BRIDGE PKE,,,,75.00,Feet,North,CHARLOTTE PKE,,,,0.00,N,Not at Intersection,N,Non-Junction,None,,,         ,Andrew,McCarron,Rain,Front to Rear,no,no,no,no,no,False
102208793,METROPOLITAN NASHVILLE POLICE DEPT,20180949205,Davidson,Nashville,11/12/2018 1:30:00 PM,2,0,0,36.160760,-86.793690,14TH AVN,,,,0.00,Feet,,CHARLOTTE AV,,,,0.00,Y,Four-Way, ,Intersection-Related,None,,,         ,Justan,Vance,Rain,Angle,no,no,no,no,no,False
102208795,METROPOLITAN NASHVILLE POLICE DEPT,20180949309,Davidson,Nashville,11/12/2018 1:29:00 PM,1,0,0,36.089580,-86.642640,NASHBORO BLVD,,,,14.00,Feet,East,LONGHUNTER CT,,,,0.00,N,Not at Intersection,N,Non-Junction,None,,,         ,Cheri,Cox,Rain,Not Collision with Motor Vehicle in Transport,no,no,no,no,no,False
102208801,METROPOLITAN NASHVILLE POLICE DEPT,20180949424,Davidson,Nashville,11/12/2018 3:16:00 PM,2,0,0,36.097240,-86.707160,ANTIOCH PKE,,,,105.00,Feet,West,SPACE PARK SOUTH DR,,,,0.00,N,Not at Intersection, ,Non-Junction,None,,,         ,YUNUS,ADAK,Rain,"Sideswipe, Opposite Direction",no,no,no,no,no,False
102208852,METROPOLITAN NASHVILLE POLICE DEPT,20180949479,Davidson,Nashville,11/12/2018 4:07:00 PM,2,0,0,36.196600,-86.741630,CAHAL AV,,,,183.00,Feet,East,GALLATIN AV,,,,0.00,N,Not at Intersection,N,Non-Junction,None,,,         ,Marc,Kozen,Cloudy,"Sideswipe, Same Direction",no,no,no,yes,yes,False
102208872,METROPOLITAN NASHVILLE POLICE DEPT,20180949573,Davidson,Nashville,11/12/2018 4:45:00 PM,2,0,0,36.146810,-86.742990,I 40,,,,0.00,,,,,,,212.10,N,Not at Intersection, ,Non-Junction,None,,,         ,Johnathan,Pannell,Rain,Front to Rear,no,no,no,no,no,False
102208873,METROPOLITAN NASHVILLE POLICE DEPT,20180949448,Davidson,Nashville,11/12/2018 3:37:00 PM,2,0,0,36.080850,-86.723940,HARDING MALL DR,,,,0.00,,,HARDING MALL PVTDR,,,,0.00,Y,OTHER,N,Intersection,None,,,         ,Mary,Williams,Rain,Front to Rear,no,no,no,no,yes,False
102208877,METROPOLITAN NASHVILLE POLICE DEPT,20180949547,Davidson,Nashville,11/12/2018 4:45:00 PM,2,0,0,36.133900,-86.748430,POLK AV,,,,37.00,Feet,West,HACKWORTH ST,,,,0.00,N,Not at Intersection,N,Non-Junction,None,,,         ,Jarret,Sonnenberg,Rain,Front to Rear,no,no,no,no,no,False
102208881,METROPOLITAN NASHVILLE POLICE DEPT,20180949527,Davidson,Nashville,11/12/2018 4:38:00 PM,2,1,0,36.164090,-86.819860,28TH AVN,,,,56.00,Feet,South,ALBION ST,,,,0.00,N,Not at Intersection,N,Non-Junction,None,,,         ,Kayla,Castro,Rain,Front to Rear,no,no,no,no,no,False
102208882,METROPOLITAN NASHVILLE POLICE DEPT,20180949629,Davidson,Not in City Limit,11/11/2018 5:30:00 PM,2,0,0,36.270210,-86.710480,GARNER AV,,,,0.00,Feet,,GALLATIN PKEN,,,,0.00,Y,T-Intersection,N,Non-Junction,None,,,         ,Cecilia,Gomez,Cloudy,"Sideswipe, Same Direction",no,no,no,no,yes,False
102208884,METROPOLITAN NASHVILLE POLICE DEPT,20180949667,Davidson,Antioch,11/12/2018 5:30:00 PM,2,0,0,36.017780,-86.624540,I 24,,,,0.00,,,,,,,62.25,N,Not at Intersection,N,Non-Junction,None,,,         ,Eric,Wegener,Rain,"Sideswipe, Same Direction",no,no,no,no,yes,False
102208887,METROPOLITAN NASHVILLE POLICE DEPT,20180949581,Davidson,Nashville,11/12/2018 5:05:00 PM,2,1,0,36.237470,-86.734740,BRILEY PKWYE,,,,264.00,Feet,South,BRILEY PKWYW,,,,0.00,N,Not at Intersection,N,Non-Junction,None,,,         ,Christopher,Valdez,Rain,Front to Rear,no,no,no,no,no,False
102208891,METROPOLITAN NASHVILLE POLICE DEPT,20180949640,Davidson,Nashville,11/12/2018 5:25:00 PM,4,0,0,36.122920,-86.750760,I 440,,,,0.00,,,,,,,6.30,N,Not at Intersection,N,Non-Junction,None,,,         ,Ryan,Storm,Rain,Unknown,no,no,no,no,yes,False
102208893,METROPOLITAN NASHVILLE POLICE DEPT,20180949446,Davidson,Nashville,11/12/2018 1:15:00 PM,2,0,0,36.177360,-86.688420,MAPLECREST DR,,,,0.00,Feet,,DENNYWOOD DR,,,,0.00,Y,T-Intersection,Y,Intersection,None,,,         ,Jessica,Johann,Rain,Angle,no,no,no,no,yes,False
102208900,METROPOLITAN NASHVILLE POLICE DEPT,20180949679,Davidson,Nashville,11/12/2018 5:20:00 PM,2,0,0,36.199260,-86.763310,GATEWOOD AV,,,,164.00,Feet,East,STAINBACK AV,,,,0.00,N,Not at Intersection,N,Non-Junction,None,,,         ,Wade,Johnson,Rain,"Sideswipe, Opposite Direction",no,no,no,no,yes,False
102208901,METROPOLITAN NASHVILLE POLICE DEPT,20180949678,Davidson,Nashville,11/12/2018 5:12:00 PM,2,0,0,36.131670,-86.756690,NOLENSVILLE PKE,,,,363.00,Feet,North,WOODYCREST AV,,,,0.00,N,Not at Intersection, ,Non-Junction,None,,,         ,Je-Marc,Sears,Rain,Front to Rear,no,no,no,no,no,False
102208913,METROPOLITAN NASHVILLE POLICE DEPT,20180949576,Davidson,Nashville,11/12/2018 4:59:00 PM,3,0,0,36.101470,-86.737130,ANTIOCH PKE,,,,18.00,Feet,East,WALLER ST,,,,0.00,N,Not at Intersection,N,Non-Junction,None,,,         ,Andrew,Brazee,Rain,Front to Rear,no,no,no,no,yes,False
102208914,METROPOLITAN NASHVILLE POLICE DEPT,20180949708,Davidson,Nashville,11/12/2018 5:35:00 PM,2,0,0,36.086860,-86.695950,HARDING PL,,,,0.00,,,METROPLEX DR,,,,0.00,Y,Four-Way, ,Intersection,None,,,         ,Taylor,Hurley,Rain,Angle,no,no,no,no,yes,False
102208915,METROPOLITAN NASHVILLE POLICE DEPT,20180949734,Davidson,Goodlettsville,11/12/2018 6:20:00 PM,2,0,0,36.290960,-86.704340,ALTUS AV,,,,0.00,,,RIVERGATE SQUARE PVTDR,,,,0.00,Y,T-Intersection,N,Intersection,None,,,         ,Christopher,Littles,Rain,Angle,no,no,no,no,no,False
102208917,METROPOLITAN NASHVILLE POLICE DEPT,20180949677,Davidson,Nashville,11/12/2018 5:23:00 PM,2,0,0,36.193420,-86.754000,DOUGLAS AV,,,,0.00,Feet,East,MCFERRIN AV,,,,0.00,N,Not at Intersection,N,Non-Junction,None,,,         ,Cody,Jaworski,Rain,Front to Rear,no,no,no,no,no,False
102208918,METROPOLITAN NASHVILLE POLICE DEPT,20180949631,Davidson,Nashville,11/12/2018 5:23:00 PM,2,2,0,36.074080,-86.625910,ANDERSON RD,,,,309.00,Feet,West,CREEKVIEW DR,,,,0.00,N,Not at Intersection,N,Non-Junction,None,,,         ,Deandera,Payne,Rain,HeadOn,no,no,no,no,no,False
102208923,METROPOLITAN NASHVILLE POLICE DEPT,20180949720,Davidson,Nashville,11/12/2018 6:06:00 PM,2,0,0,36.189620,-86.627280,LEBANON PKE,,,,788.00,Feet,East,HICKORY HILL LN,,,,0.00,N,Not at Intersection,N,Non-Junction,None,,,         ,Zachariah,Bush,Rain,HeadOn,no,no,no,no,no,False
102208927,METROPOLITAN NASHVILLE POLICE DEPT,20180949714,Davidson,Nashville,11/12/2018 5:30:00 PM,2,0,0,36.071040,-86.723260,NOLENSVILLE PKE,,,,163.00,Feet,South,BASS AV,,,,0.00,N,Not at Intersection,N,Non-Junction,None,,,         ,Andrew,Brazee,Rain,Front to Rear,no,no,no,no,yes,False
102208929,METROPOLITAN NASHVILLE POLICE DEPT,20180949689,Davidson,Antioch,11/12/2018 5:45:00 PM,2,1,0,36.027280,-86.589290,MURFREESBORO PKE,,,,413.00,Feet,North,HICKORY WOODS DR,,,,0.00,N,Not at Intersection,N,Non-Junction,None,,,         ,Ryan,Sherry,Rain,Angle,no,no,no,no,no,False
102208930,GOODLETTSVILLE POLICE DEPT,18-39953,Davidson,Goodlettsville,11/12/2018 6:05:00 PM,2,0,0,36.309450,-86.695590,VIETNAM VETERANS BLVD SB EXT R,,,,0.00,,,CONFERENCE DR,,,,0.00,Y,T-Intersection,N,Entrance/Exit Ramp Related,None,,,         ,William,Hunter,Rain,Front to Rear,no,no,no,no,yes,False
102208931,METROPOLITAN NASHVILLE POLICE DEPT,20180949735,Davidson,Nashville,11/12/2018 5:30:00 PM,2,0,0,36.065600,-86.685720,I 24,,,,0.00,,,,,,,57.35,N,Not at Intersection,N,Non-Junction,None,,,         ,Eric,Wegener,Rain,Front to Rear,no,no,no,no,yes,False
102208937,METROPOLITAN NASHVILLE POLICE DEPT,20180949757,Davidson,Nashville,11/12/2018 6:23:00 PM,2,1,0,36.044830,-86.668590,BELL RD,,,,63.00,Feet,West,BEECHWOOD TER,,,,0.00,N,Not at Intersection, ,Non-Junction,None,,,         ,William,Durham,Rain,Front to Rear,no,no,no,no,no,False
102208942,METROPOLITAN NASHVILLE POLICE DEPT,20180949434,Davidson,Nashville,11/12/2018 3:47:00 PM,2,1,0,36.193500,-86.616140,HERMITAGE MARKETPLACE PVTDR,,,,306.00,Feet,East,OLD HICKORY BLVD,,,,0.00,N,Not at Intersection,N,Non-Junction,None,,,         ,Dontaveous,Eubanks,Cloudy,Rear to Side,no,no,no,yes,yes,False
102208943,METROPOLITAN NASHVILLE POLICE DEPT,20180949701,Davidson,Nashville,11/12/2018 5:52:00 PM,4,3,0,36.079370,-86.632570,EDGE O LAKE DR,,,,0.00,,,BELL RD,,,,0.00,Y,Four-Way,N,Non-Junction,None,,,         ,Johnathan,Pannell,Rain,Angle,no,no,no,no,no,False
102208956,METROPOLITAN NASHVILLE POLICE DEPT,20180949822,Davidson,Nashville,11/12/2018 7:00:00 PM,2,0,0,36.171430,-86.769040,INTERSTATE DR,,,,0.00,,,JAMES ROBERTSON PKWY,,,,0.00,Y,OTHER, ,Non-Junction,None,,,         ,Steven,Fisher,Rain,"Sideswipe, Same Direction",no,no,no,no,no,False
102208959,METROPOLITAN NASHVILLE POLICE DEPT,20180949645,Davidson,Nashville,11/12/2018 5:02:00 PM,3,0,0,36.079180,-86.727560,HARDING PL,,,,400.00,Feet,West,NOLENSVILLE PKE,,,,0.00,N,Not at Intersection,N,Non-Junction,None,,,         ,William,King,Rain,Front to Rear,no,no,no,no,yes,False
102208960,METROPOLITAN NASHVILLE POLICE DEPT,20180949743,Davidson,Not in City Limit,11/12/2018 6:00:00 PM,1,0,0,36.091430,-86.987100,NEWSOM STATION RD,,,,72.00,Feet,South,HIGHWAY 70,,,,0.00,N,Not at Intersection,N,Non-Junction,None,,,         ,Jeremy,Huffine,Rain,Not Collision with Motor Vehicle in Transport,no,no,no,no,no,False
102208967,METROPOLITAN NASHVILLE POLICE DEPT,20180949609,Davidson,Nashville,11/12/2018 4:45:00 PM,2,0,0,36.150490,-86.856530,CHARLOTTE PKE,,,,437.00,Feet,East,WHITE BRIDGE PKE,,,,0.00,N,Not at Intersection,N,Non-Junction,None,,,         ,Andrew,McCarron,Rain,"Sideswipe, Same Direction",no,no,no,no,yes,False
102208976,METROPOLITAN NASHVILLE POLICE DEPT,20180949452,Davidson,Not in City Limit,11/12/2018 3:40:00 PM,2,0,0,36.075760,-86.945750,SAWYER BROWN RD,,,,59.00,Feet,South,RIVER PLANTATION PVTDR,,,,0.00,N,Not at Intersection, ,Non-Junction,None,,,         ,Alexander,Donald,Rain,"Sideswipe, Same Direction",no,no,no,no,no,False
102208978,METROPOLITAN NASHVILLE POLICE DEPT,20180949688,Davidson,Nashville,11/12/2018 5:46:00 PM,1,1,0,36.163890,-86.780650,5TH AVN,,,,53.00,Feet,South,THE ARCADE,,,,0.00,N,Not at Intersection,N,Non-Junction,None,,,         ,Roy,Sain Jr.,Rain,Not Collision with Motor Vehicle in Transport,yes,no,no,no,no,False
102208984,METROPOLITAN NASHVILLE POLICE DEPT,20180949841,Davidson,Nashville,11/12/2018 5:10:00 PM,2,0,0,36.110940,-86.745220,THOMPSON LN,,,,0.00,,,NOLENSVILLE PKE,,,,0.00,Y,Four-Way, ,Intersection,None,,,         ,Conor,Cronin,Rain,"Sideswipe, Same Direction",no,no,no,no,yes,False
102208985,METROPOLITAN NASHVILLE POLICE DEPT,20180949862,Davidson,Nashville,11/12/2018 6:05:00 PM,2,0,0,36.107490,-86.822590,CROSS CREEK RD,,,,0.00,Feet,,SUGARTREE RD,,,,0.00,Y,OTHER, ,Intersection,None,,,         ,Robert,Crow,Rain,Angle,no,no,no,no,no,False
102208994,METROPOLITAN NASHVILLE POLICE DEPT,20180949730,Davidson,Nashville,11/12/2018 6:08:00 PM,2,0,0,36.164180,-86.853220,CALIFORNIA AV,,,,0.00,,,54TH AVN,,,,0.00,Y,Four-Way,N,Intersection,None,,,         ,Andrew,McCarron,Rain,Angle,no,no,no,no,no,False
102208996,METROPOLITAN NASHVILLE POLICE DEPT,20180949634,Davidson,Nashville,11/12/2018 5:10:00 PM,2,1,0,36.078130,-86.657010,OAKWOOD FOREST DR,,,,0.00,,,UNA ANTIOCH PKE,,,,0.00,Y,T-Intersection,N,Intersection,None,,,         ,Jedidayah,Merriweather,Rain,Angle,no,no,no,no,no,False
102208997,METROPOLITAN NASHVILLE POLICE DEPT,20180949694,Davidson,Nashville,11/12/2018 5:49:00 PM,2,0,0,36.151920,-86.626700,BLACKWOOD DR,,,,493.00,Feet,West,BELL RD,,,,0.00,N,Not at Intersection,N,Non-Junction,None,,,         ,Gabriel,Vasquez,Rain,Angle,no,no,no,no,no,False
102208998,METROPOLITAN NASHVILLE POLICE DEPT,20180949802,Davidson,Nashville,11/12/2018 6:55:00 PM,2,1,0,36.079370,-86.632570,EDGE O LAKE DR,,,,0.00,,,BELL RD,,,,0.00,Y,Four-Way,N,Intersection,None,,,         ,Gabriel,Vasquez,Rain,Angle,no,no,no,no,no,False
102209001,BELLE MEADE POLICE DEPT,18-0317,Davidson,Nashville,11/12/2018 7:07:00 PM,2,0,0,36.124040,-86.848970,HARDING PKE,,,,0.00,,,ROYAL OAKS CONDOS PVTDR,,,,0.00,Y,Four-Way,N,Intersection,None,,,         ,Dale,Corter,Rain,Angle,no,no,no,no,yes,False
102209004,METROPOLITAN NASHVILLE POLICE DEPT,20180949510,Davidson,Nashville,11/12/2018 4:20:00 PM,2,3,0,36.151730,-86.691160,ELM HILL PKE WB EXT RAMP,,,,0.00,,,ELM HILL PKE,,,,0.00,Y,T-Intersection,N,Intersection-Related,None,,,         ,Alexander,Spradling,Rain,Angle,no,no,no,no,no,False
102209010,METROPOLITAN NASHVILLE POLICE DEPT,20180949915,Davidson,Antioch,11/12/2018 7:45:00 PM,3,0,0,36.035230,-86.587790,ROUND ROCK DR,,,,340.00,Feet,West,LAVERGNE COUCHVILLE PKE,,,,0.00,N,Not at Intersection,N,Non-Junction,None,,,         ,Hillary,Sherman,Rain,"Sideswipe, Same Direction",no,no,no,no,yes,False
102209014,METROPOLITAN NASHVILLE POLICE DEPT,20180949771,Davidson,Nashville,11/12/2018 5:38:00 PM,2,0,0,36.116750,-86.839200,WOODMONT BLVD,,,,120.00,Feet,East,WOODMONT LN,,,,0.00,N,Not at Intersection, ,Non-Junction,None,,,         ,Kelby,Dumond,Rain,Front to Rear,no,no,no,no,no,False
102209020,METROPOLITAN NASHVILLE POLICE DEPT,20180949665,Davidson,Nashville,11/12/2018 5:35:00 PM,2,0,0,36.154260,-86.759360,I 40,,,,0.00,,,,,,,211.00,N,Not at Intersection, ,,None,,,         ,Johnathan,Pannell,,,no,no,no,no,no,False
102209036,METROPOLITAN NASHVILLE POLICE DEPT,20180949847,Davidson,Nashville,11/12/2018 6:49:00 PM,3,0,0,36.123250,-86.749640,I 440,,,,0.00,,,,,,,6.40,N,Not at Intersection, ,Non-Junction,None,,,         ,Andrew,Brazee,Rain,Front to Rear,no,no,no,no,no,False
102209040,METROPOLITAN NASHVILLE POLICE DEPT,20180949848,Davidson,Nashville,11/12/2018 6:55:00 PM,2,0,0,36.123490,-86.748870,I 440,,,,0.00,,,,,,,6.40,N,Not at Intersection, ,Non-Junction,None,,,         ,Andrew,Brazee,Rain,Front to Rear,no,no,no,no,no,False