master_record_number,agency,agency_tracking_number,county,city,collision_date,vehicles_involved,number_injured,number_dead,latitude,longitude,roadway_name,roadway_suffix,roadway_number,roadway_local_id,distance_from_reference,miles-feet_indicator,direction_from_reference,intersection_road_name,intersection_road_name_suffix,intersection_road_number,intersection_local_id,mile_marker,intersection_indicator,intersect_type,interchange_related_indicator,relation_to_junction,work_zone_type,construction_maintenance_zone,construction_maintenance_zone_location,fatal_case_number,officer_first_name,officer_last_name,weather_condition(s),manner_of_crash,pedestrian,bicycle,scooter,parking,hitrun,mou
102209051,METROPOLITAN NASHVILLE POLICE DEPT,20180949958,Davidson,Nashville,11/12/2018 8:16:00 PM,2,0,0,36.152670,-86.797730,19TH AVN,,,,157.00,Feet,North,WEST END AV,,,,0.00,N,Not at Intersection,N,Non-Junction,None,,,         ,Randall,Ward,Rain,Angle,no,no,no,no,no,False
102209061,METROPOLITAN NASHVILLE POLICE DEPT,20180949326,Davidson,Nashville,11/12/2018 3:00:00 PM,2,0,0,36.045370,-86.713260,NOLENSVILLE PKE,,,,0.00,,,OLD HICKORY BLVD,,,,0.00,Y,Four-Way,N,Intersection,None,,,         ,Akira,McSwain,Clear,Front to Rear,no,no,no,no,no,False
102209062,METROPOLITAN NASHVILLE POLICE DEPT,20180949740,Davidson,Nashville,11/12/2018 5:39:00 PM,2,0,0,36.033130,-86.774390,CHURCH STE,,,,326.00,Feet,West,PLUM ORCHARD DR,,,,0.00,N,Not at Intersection, ,Non-Junction,None,,,         ,Akira,McSwain,Rain,Front to Rear,no,no,no,no,no,False
102209063,METROPOLITAN NASHVILLE POLICE DEPT,20180949959,Davidson,Nashville,11/12/2018 8:19:00 PM,2,0,0,36.138240,-86.775750,I 65,,,,0.00,,,,,,,81.70,N,Not at Intersection,N,Non-Junction,None,,,         ,Akira,McSwain,Rain,"Sideswipe, Same Direction",no,no,no,no,yes,False
102209074,METROPOLITAN NASHVILLE POLICE DEPT,20180950022,Davidson,Nashville,11/12/2018 8:41:00 PM,2,0,0,36.241210,-86.767890,DOVERSIDE DR,,,,0.00,,,EAGLEWOOD LN,,,,0.00,Y,T-Intersection,N,Intersection,None,,,         ,Christopher,Littles,Rain,Front to Rear,no,no,no,no,no,False
102209088,METROPOLITAN NASHVILLE POLICE DEPT,20180950032,Davidson,Nashville,11/12/2018 12:00:00 AM,2,3,0,36.151760,-86.768630,2ND AVS,,,,0.00,,,I40 W EXT RAMP,,,,0.00,Y,Four-Way, ,Intersection,None,,,         ,Trevor,Taylor,Rain,"Sideswipe, Same Direction",no,no,no,no,no,False
102209089,METROPOLITAN NASHVILLE POLICE DEPT,20180950010,Davidson,Nashville,11/12/2018 8:01:00 PM,2,1,0,36.141720,-86.741100,MURFREESBORO PKE,,,,174.00,Feet,West,FOSTER AV,,,,0.00,N,Not at Intersection,N,Non-Junction,Work Zone,Laneclosure,Activity Area,         ,Jarret,Sonnenberg,Rain,Front to Rear,no,no,no,no,yes,False
102209097,METROPOLITAN NASHVILLE POLICE DEPT,20180949586,Davidson,Nashville,11/12/2018 4:38:00 PM,2,0,0,36.040010,-86.743470,OLD HICKORY BLVD,,,,0.00,,,EDMONDSON PKE,,,,0.00,Y,Four-Way,N,Intersection,None,,,         ,Akira,McSwain,Rain,HeadOn,no,no,no,no,no,False
102209098,METROPOLITAN NASHVILLE POLICE DEPT,20180949978,Davidson,Not in City Limit,11/12/2018 8:20:00 PM,2,0,0,36.068160,-86.949350,GENERAL GEORGE PATTON RD,,,,0.00,,,SAWYER BROWN RD,,,,0.00,Y,Four-Way, ,Intersection,None,,,         ,Adam,Reese,Rain,Angle,no,no,no,no,no,False
102209099,METROPOLITAN NASHVILLE POLICE DEPT,20180950083,Davidson,Nashville,11/12/2018 8:53:00 PM,2,0,0,36.064790,-86.628480,HAMILTON CHURCH RD,,,,0.00,,,MURFREESBORO PKE,,,,0.00,Y,Four-Way, ,Intersection,None,,,         ,Taylor,Hurley,Rain,Front to Rear,no,no,no,no,yes,False
102209104,METROPOLITAN NASHVILLE POLICE DEPT,20180949653,Davidson,Nashville,11/12/2018 5:28:00 PM,2,0,0,36.130680,-86.804350,BLAIR BLVD,,,,702.00,Feet,West,21ST AVS,,,,0.00,N,Not at Intersection,N,Non-Junction,None,,,         ,Darryl,Williams,Rain,Front to Rear,no,no,no,no,yes,False
102209117,METROPOLITAN NASHVILLE POLICE DEPT,20180950173,Davidson,Nashville,11/12/2018 9:00:00 PM,2,0,0,36.064790,-86.628480,HAMILTON CHURCH RD,,,,0.00,,,MURFREESBORO PKE,,,,0.00,Y,Four-Way, ,Non-Junction,None,,,         ,Eric,Wegener,Rain,Front to Rear,no,no,no,no,yes,False
102209121,METROPOLITAN NASHVILLE POLICE DEPT,20180949936,Davidson,Nashville,11/12/2018 7:49:00 PM,2,0,0,36.045880,-86.675030,BELL RD,,,,208.00,Feet,West,BLUE HOLE RD,,,,0.00,N,Not at Intersection, ,Non-Junction,None,,,         ,Wesley,Carver,Rain,Front to Rear,no,no,no,no,no,False
102209170,METROPOLITAN NASHVILLE POLICE DEPT,20180950278,Davidson,Nashville,11/12/2018 10:15:00 PM,2,0,0,36.177790,-86.801640,ARTHUR AV,,,,316.00,Feet,East,JANE ST,,,,0.00,N,Not at Intersection,N,Non-Junction,None,,,         ,Christopher,Holden,Rain,"Sideswipe, Same Direction",no,no,no,no,yes,False
102209178,METROPOLITAN NASHVILLE POLICE DEPT,20180950258,Davidson,Nashville,11/12/2018 10:50:00 PM,1,1,0,36.195330,-86.833950,CLARKSVILLE PKE,,,,17.00,Feet,East,MANCHESTER AV,,,,0.00,N,Not at Intersection,N,Non-Junction,None,,,         ,Bobby,Samuels,Rain,Not Collision with Motor Vehicle in Transport,no,no,no,no,no,False
102209182,METROPOLITAN NASHVILLE POLICE DEPT,20180950342,Davidson,Antioch,11/12/2018 11:37:00 PM,2,0,0,36.047840,-86.612050,MURFREESBORO PKE,,,,1967.00,Feet,West,PIN HOOK RD,,,,0.00,N,Not at Intersection,N,Non-Junction,None,,,         ,Kaleb,Stella,Rain,Front to Rear,no,no,no,no,no,False
102209186,METROPOLITAN NASHVILLE POLICE DEPT,20180950250,Davidson,Nashville,11/12/2018 10:50:00 PM,2,1,0,36.146460,-86.742460,I 40,,,,0.00,,,,,,,212.10,N,Not at Intersection,N,Non-Junction,None,,,         ,Kyle,Berkheiser,Rain,Front to Rear,no,no,no,no,no,False
102209197,GOODLETTSVILLE POLICE DEPT,18-39420,Davidson,Goodlettsville,11/9/2018 4:23:00 AM,1,1,0,36.332830,-86.709630,I 65,,,,0.00,,,,,,,97.60,N,Not at Intersection,N,Non-Junction,None,,,         ,Donald,Brinton,Rain,Not Collision with Motor Vehicle in Transport,no,no,no,no,no,False
102209202,METROPOLITAN NASHVILLE POLICE DEPT,20180950389,Davidson,Nashville,11/12/2018 11:35:00 PM,2,0,0,36.188470,-86.634510,STONE HALL BLVD,,,,225.00,Feet,North,CENTRAL PKE,,,,0.00,N,Not at Intersection,N,Non-Junction,None,,,         ,Joshua,McGarvey,Rain,"Sideswipe, Opposite Direction",no,no,no,no,no,False
102209207,METROPOLITAN NASHVILLE POLICE DEPT,20180950336,Davidson,Nashville,11/12/2018 11:34:00 PM,3,0,0,36.145070,-86.740510,I 40,,,,0.00,,,,,,,212.25,N,Not at Intersection,N,Non-Junction,None,,,         ,Kyle,Berkheiser,Rain,Front to Rear,no,no,no,no,no,False
102209216,METROPOLITAN NASHVILLE POLICE DEPT,20180950853,Davidson,Nashville,11/12/2018 7:00:00 PM,1,0,0,36.154080,-86.688300,ATRIUM WAY,,,,353.00,Feet,North,ELM HILL PKE,,,,0.00,N,Not at Intersection,N,Non-Junction,None,,,         ,Curtis,Fisher,Rain,Not Collision with Motor Vehicle in Transport,no,no,no,no,yes,False
102209227,METROPOLITAN NASHVILLE POLICE DEPT,20180950544,Davidson,Nashville,11/13/2018 12:41:00 AM,1,0,0,36.145840,-86.712500,MASSMAN DR,,,,0.00,,,METCOM CENTER PVTDR,,,,0.00,Y,OTHER,N,Non-Junction,None,,,         ,Brian,Dugre,Rain,Not Collision with Motor Vehicle in Transport,no,no,no,no,no,False
102209230,METROPOLITAN NASHVILLE POLICE DEPT,20180950824,Davidson,Nashville,11/13/2018 12:00:00 AM,1,0,0,36.206020,-86.774290,I65 N EXT RAMP,,,,0.00,,,I65 N ENT RAMP,,,,0.00,Y,T-Intersection,N,Entrance/Exit Ramp Related,None,,,         ,Juan,Gonzalez,Rain,Not Collision with Motor Vehicle in Transport,no,no,no,no,yes,False
102209247,METROPOLITAN NASHVILLE POLICE DEPT,20180951118,Davidson,Nashville,11/13/2018 5:30:00 AM,2,0,0,36.150920,-86.770600,4TH AVS,,,,0.00,,,I 40,,,,0.00,Y,OTHER, ,Intersection,None,,,         ,William,Erickson,Rain,Angle,no,no,no,no,no,False
102209254,METROPOLITAN NASHVILLE POLICE DEPT,20180951123,Davidson,Nashville,11/13/2018 5:40:00 AM,1,1,0,36.224020,-86.774540,I 65,,,,0.00,,,,,,,88.55,N,Not at Intersection,N,Non-Junction,None,,,         ,James,Murphy,Rain,Not Collision with Motor Vehicle in Transport,no,no,no,no,no,False
102209255,Nashville Airport Police,2018-04525,Davidson,Nashville,11/9/2018 10:25:00 AM,2,0,0,36.109060,-86.671670,DONELSON PKE,,,,238.00,Feet,South,KNAPP BLVD,,,,0.00,N,Not at Intersection, ,Non-Junction,None,,,         ,Delphia,Murphy,Rain,Front to Rear,no,no,no,no,no,False
102209271,METROPOLITAN NASHVILLE POLICE DEPT,20180951160,Davidson,Nashville,11/13/2018 5:45:00 AM,2,0,0,36.227860,-86.773190,I 65,,,,0.00,,,,,,,88.80,N,Not at Intersection, ,Non-Junction,None,,,         ,Charles,Duke,Rain,Front to Rear,no,no,no,no,no,False
102209278,METROPOLITAN NASHVILLE POLICE DEPT,20180951269,Davidson,Nashville,11/13/2018 6:00:00 AM,1,0,0,36.195340,-86.833960,CLARKSVILLE PKE,,,,11.00,Feet,East,MANCHESTER AV,,,,0.00,N,Not at Intersection,N,Non-Junction,None,,,         ,Bobby,Samuels,Rain,Not Collision with Motor Vehicle in Transport,no,no,no,no,yes,False
102209293,METROPOLITAN NASHVILLE POLICE DEPT,20180951260,Davidson,Nashville,11/13/2018 5:45:00 AM,2,0,0,36.086870,-86.730230,NOLENSVILLE PKE,,,,0.00,,,ELYSIAN FIELDS CT,,,,0.00,Y,Four-Way,N,Intersection,None,,,         ,Jon,Mcvey,Rain,Angle,no,no,no,no,yes,False
102209304,METROPOLITAN NASHVILLE POLICE DEPT,20180951312,Davidson,Nashville,11/13/2018 7:30:00 AM,2,0,0,36.129250,-86.904580,CHARLOTTE PKE,,,,69.00,Feet,West,CHARLOTTE PKE PVTDR,,,,0.00,N,Not at Intersection, ,Non-Junction,None,,,         ,Curtis,Rich,Cloudy,Front to Rear,no,no,no,no,no,False
102209308,METROPOLITAN NASHVILLE POLICE DEPT,20180951251,Davidson,Nashville,11/13/2018 6:51:00 AM,2,0,0,36.106190,-86.673030,MURFREESBORO PKE,,,,0.00,,,DONELSON PKE,,,,0.00,Y,Four-Way,N,Intersection,None,,,         ,Richard,Luellen,Rain,Front to Rear,no,no,no,no,yes,False
102209315,METROPOLITAN NASHVILLE POLICE DEPT,20180951063,Davidson,Nashville,11/13/2018 5:20:00 AM,1,0,0,36.189180,-86.614620,OLD HICKORY BLVD,,,,602.00,Feet,South,OLD LEBANON DIRT RD,,,,0.00,N,Not at Intersection,N,Non-Junction,None,,,         ,Joao,Pinho,Rain,Not Collision with Motor Vehicle in Transport,no,no,no,no,yes,False
102209316,METROPOLITAN NASHVILLE POLICE DEPT,20180951274,Davidson,Nashville,11/13/2018 7:02:00 AM,2,0,0,36.093420,-86.624840,BELL RD,,,,168.00,Feet,South,HARBOR LIGHTS DR,,,,0.00,N,Not at Intersection, ,Non-Junction,None,,,         ,Jason,Milyaro Lucas,Rain,Front to Rear,no,no,no,no,no,False
102209318,METROPOLITAN NASHVILLE POLICE DEPT,20180951102,Davidson,Nashville,11/13/2018 5:32:00 AM,4,1,0,36.148810,-86.666280,ELM HILL PKE,,,,0.00,,,DONELSON PKE,,,,0.00,Y,Four-Way,N,Intersection,None,,,         ,Kyle,Berkheiser,Rain,Angle,no,no,no,no,no,False
102209343,METROPOLITAN NASHVILLE POLICE DEPT,20180951287,Davidson,Nashville,11/13/2018 6:49:00 AM,2,0,0,36.232190,-86.783420,I 24,,,,0.00,,,,,,,44.00,N,Not at Intersection, ,,None,,,         ,James,Hill,,,no,no,no,no,no,False
102209345,METROPOLITAN NASHVILLE POLICE DEPT,20180951364,Davidson,Nashville,11/13/2018 7:35:00 AM,2,0,0,36.111280,-86.767400,OLD POWELL AV,,,,136.00,Feet,North,POWELL AV,,,,0.00,N,Not at Intersection,N,Non-Junction,None,,,         ,Justin,Pinkelton,Cloudy,"Sideswipe, Same Direction",no,no,no,no,yes,False
102209347,THP District 3 - Nashville,318073710,Davidson,Not in City Limit,11/8/2018 4:45:00 PM,2,0,0,36.017470,-87.030940,HIGHWAY 96,,,,0.00,,,HIGHWAY 100,,,,0.00,Y,T-Intersection,N,Intersection,None,,,         ,Jonathan,Officer,Cloudy,"Sideswipe, Same Direction",no,no,no,no,no,False
102209350,METROPOLITAN NASHVILLE POLICE DEPT,20180951238,Davidson,Not in City Limit,11/13/2018 6:40:00 AM,2,0,0,36.318620,-86.845900,I 24,,,,0.00,,,,,,,36.25,N,Not at Intersection, ,Non-Junction,None,,,         ,William,Coy,Rain,Front to Rear,no,no,no,no,no,False
102209386,METROPOLITAN NASHVILLE POLICE DEPT,20180951343,Davidson,Nashville,11/13/2018 7:40:00 AM,2,0,0,36.192430,-86.616160,JUAREZ DR,,,,0.00,,,HERMITAGE MARKETPLACE PVTDR,,,,0.00,Y,Four-Way, ,Intersection-Related,None,,,         ,William,Mckay,Cloudy,"Sideswipe, Same Direction",no,no,no,no,no,False
102209387,METROPOLITAN NASHVILLE POLICE DEPT,20180951483,Davidson,Not in City Limit,11/13/2018 8:22:00 AM,1,0,0,36.106910,-86.942240,CHARLOTTE PKE,,,,1214.00,Feet,West,FORREST VALLEY DR,,,,0.00,N,Not at Intersection,N,Non-Junction,None,,,         ,Curtis,Rich,Cloudy,Not Collision with Motor Vehicle in Transport,no,no,no,no,no,False
102209394,VANDERBILT UNIVERSITY POLICE,20180949179,Davidson,Nashville,11/12/2018 1:10:00 PM,2,0,0,36.142300,-86.800960,MEDICAL CENTER DR,,,,0.00,,,,,,,0.00,,,N,Non-Junction,None,,,         ,Ron,Reeves,Clear,Front to Rear,no,no,no,yes,yes,Campus
102209404,METROPOLITAN NASHVILLE POLICE DEPT,20180944236,Davidson,Nashville,11/10/2018 10:14:00 AM,2,0,0,36.170270,-86.772860,N 1ST ST,,,,0.00,,,MAIN ST,,,,0.00,Y,OTHER,N,Non-Junction,None,,,         ,Byron,Carter,Cloudy,Rear to Side,no,no,no,yes,yes,False
102209418,METROPOLITAN NASHVILLE POLICE DEPT,20180951380,Davidson,Nashville,11/13/2018 7:50:00 AM,2,0,0,36.192430,-86.616160,JUAREZ DR,,,,0.00,,,HERMITAGE MARKETPLACE PVTDR,,,,0.00,Y,Four-Way, ,Intersection-Related,None,,,         ,William,Mckay,Cloudy,Angle,no,no,no,no,no,False
102209422,METROPOLITAN NASHVILLE POLICE DEPT,20180951403,Davidson,Nashville,11/13/2018 7:56:00 AM,2,0,0,36.148830,-86.746090,I 40,,,,0.00,,,,,,,211.85,N,Not at Intersection,N,Non-Junction,None,,,         ,Cassandra,Del Bosco,Cloudy,Front to Rear,no,no,no,no,no,False
102209427,METROPOLITAN NASHVILLE POLICE DEPT,20180951404,Davidson,Nashville,11/13/2018 8:08:00 AM,2,0,0,36.092600,-86.676840,HARDING PL,,,,0.00,,,EZELL PKE,,,,0.00,Y,OTHER, ,Non-Junction,None,,,         ,Brian,Lamb,Cloudy,"Sideswipe, Same Direction",no,no,no,no,no,False
102209429,METROPOLITAN NASHVILLE POLICE DEPT,20180951250,Davidson,Antioch,11/13/2018 6:01:00 AM,1,0,0,36.011420,-86.609160,J P HENNESSY DR,,,,58.00,Feet,East,FIRESTONE PKWY,,,,0.00,N,Not at Intersection,N,Non-Junction,None,,,         ,Jessie,Meadows,Rain,Not Collision with Motor Vehicle in Transport,no,no,no,no,yes,False
102209454,METROPOLITAN NASHVILLE POLICE DEPT,2018-0951374,Davidson,Nashville,11/13/2018 7:58:00 AM,4,0,0,36.250620,-86.741080,I 65,,,,0.00,,,,,,,91.25,N,Not at Intersection,N,Non-Junction,None,,,         ,Arthur,Hipp,Cloudy,Front to Rear,no,no,no,no,no,False
102209455,METROPOLITAN NASHVILLE POLICE DEPT,20180951539,Davidson,Nashville,11/13/2018 8:13:00 AM,2,0,0,36.245470,-86.745930,I 65,,,,0.00,,,,,,,90.80,N,Not at Intersection, ,Non-Junction,None,,,         ,Cyretha,Frazier,Cloudy,Front to Rear,no,no,no,no,no,False
102209456,METROPOLITAN NASHVILLE POLICE DEPT,20180951587,Davidson,Not in City Limit,11/13/2018 9:15:00 AM,2,0,0,36.267340,-86.695120,MAY DR,,,,108.00,Feet,North,N DUPONT AV,,,,0.00,N,Not at Intersection,N,Non-Junction,None,,,         ,Brian,Otto,Cloudy,Angle,no,no,no,no,no,False
102209458,METROPOLITAN NASHVILLE POLICE DEPT,20180951477,Davidson,Nashville,11/13/2018 8:34:00 AM,1,0,0,36.177590,-86.613870,DODSON CHAPEL RD,,,,166.00,Feet,South,JAMES KAY LN,,,,0.00,N,Not at Intersection,N,Non-Junction,None,,,         ,Richard,Luellen,Cloudy,Not Collision with Motor Vehicle in Transport,no,no,no,no,no,False
102209459,METROPOLITAN NASHVILLE POLICE DEPT,20180951528,Davidson,Nashville,11/13/2018 8:57:00 AM,2,0,0,36.177750,-86.615500,JAMES KAY LN,,,,369.00,Feet,East,CENTRAL PKE,,,,0.00,N,Not at Intersection, ,,None,,,         ,Richard,Luellen,,,no,no,no,no,no,False
102209466,METROPOLITAN NASHVILLE POLICE DEPT,20180951353,Davidson,Antioch,11/13/2018 7:14:00 AM,2,0,0,36.019380,-86.672710,HIDDEN CREEK DR,,,,115.00,Feet,South,RUSSELL BRANCH CT,,,,0.00,N,Not at Intersection, ,Non-Junction,None,,,         ,Jessie,Meadows,Rain,Angle,no,no,no,no,no,False
102209467,METROPOLITAN NASHVILLE POLICE DEPT,20180951615,Davidson,Nashville,11/13/2018 9:48:00 AM,2,0,0,36.187020,-86.608480,ANDREW JACKSON PKWY,,,,61.00,Feet,North,JACKSON PASS,,,,0.00,N,Not at Intersection, ,Non-Junction,None,,,         ,Jeffrey,Mullins,Cloudy,"Sideswipe, Same Direction",no,no,no,no,no,False
102209468,METROPOLITAN NASHVILLE POLICE DEPT,20180951481,Davidson,Nashville,11/13/2018 8:30:00 AM,2,0,0,36.194850,-86.726030,BRANCH ST,,,,0.00,Feet,East,CAHAL AV,,,,0.00,N,Not at Intersection, ,OtherLocation,None,,,         ,Joshua,Baker,Cloudy,Angle,no,no,no,no,no,False
102209470,METROPOLITAN NASHVILLE POLICE DEPT,20180951545,Davidson,Antioch,11/13/2018 9:00:00 AM,2,0,0,36.016250,-86.620030,OLD HICKORY BLVD,,,,222.00,Feet,South,FIRESTONE PKWY,,,,0.00,N,Not at Intersection,N,Non-Junction,None,,,         ,Joseph,Simon,Cloudy,HeadOn,no,no,no,no,no,False
102209471,METROPOLITAN NASHVILLE POLICE DEPT,20180951235,Davidson,Not in City Limit,11/13/2018 6:43:00 AM,2,0,0,36.261240,-86.712530,GALLATIN PKES,,,,0.00,,,MAPLE ST,,,,0.00,Y,T-Intersection, ,Intersection,None,,,         ,Samuel,Kersten,Rain,Angle,no,no,no,no,no,False
102209479,METROPOLITAN NASHVILLE POLICE DEPT,20180951459,Davidson,Nashville,11/13/2018 7:51:00 AM,2,0,0,36.050490,-86.673200,BLUE HOLE RD,,,,100.00,Feet,South,TIMBERLAKE WAY,,,,0.00,N,Not at Intersection, ,Non-Junction,None,,,         ,Jessie,Meadows,Rain,Front to Rear,no,no,no,no,no,False
102209491,METROPOLITAN NASHVILLE POLICE DEPT,20180951646,Davidson,Nashville,11/12/2018 5:00:00 PM,1,0,0,36.121210,-86.704080,MURFREESBORO PKE,,,,202.00,Feet,North,GLENGARRY DR,,,,0.00,N,Not at Intersection,N,Non-Junction,Construction Zone,Work On Shoulder Or Median,Activity Area,         ,Charles,Wakefield,Rain,Not Collision with Motor Vehicle in Transport,no,no,no,no,yes,False
102209494,METROPOLITAN NASHVILLE POLICE DEPT,20180951658,Davidson,Nashville,11/13/2018 9:45:00 AM,2,0,0,36.146030,-86.813710,POSTON AV,,,,142.00,Feet,West,28TH AVN,,,,0.00,N,Not at Intersection, ,Non-Junction,None,,,         ,Torry,Hill,Cloudy,"Sideswipe, Same Direction",no,no,no,no,no,Campus
102209495,METROPOLITAN NASHVILLE POLICE DEPT,20180951689,Davidson,Nashville,11/13/2018 1:30:00 AM,1,0,0,36.140020,-86.632780,SANDBURG PL,,,,180.00,Feet,West,REELFOOT DR,,,,0.00,N,Not at Intersection, ,,None,,,         ,Richard,Luellen,,,no,no,no,no,no,False
102209515,METROPOLITAN NASHVILLE POLICE DEPT,20180951546,Davidson,Nashville,11/13/2018 9:00:00 AM,2,0,0,36.155290,-86.812060,25TH AVN,,,,0.00,,,CHARLOTTE AV,,,,0.00,Y,T-Intersection, ,Intersection,None,,,         ,David,Lang,Cloudy,Front to Rear,no,no,no,no,no,False
102209526,METROPOLITAN NASHVILLE POLICE DEPT,20180951816,Davidson,Nashville,11/13/2018 11:33:00 AM,1,0,0,36.085400,-86.920690,OLD HICKORY BLVD,,,,67.00,Feet,North,AMBERWOOD CIR,,,,0.00,N,Not at Intersection, ,Non-Junction,None,,,         ,Curtis,Rich,Cloudy,Not Collision with Motor Vehicle in Transport,no,no,no,no,no,False
102209544,METROPOLITAN NASHVILLE POLICE DEPT,20180951788,Davidson,Nashville,11/13/2018 5:30:00 AM,2,0,0,36.143230,-86.763090,2ND AVS,,,,1030.00,Feet,South,CHESTNUT ST,,,,0.00,N,Not at Intersection,N,Non-Junction,None,,,         ,Todd,Watson,Cloudy,"Sideswipe, Same Direction",no,no,no,no,yes,False
102209549,METROPOLITAN NASHVILLE POLICE DEPT,20180951640,Davidson,Nashville,11/13/2018 10:03:00 AM,1,1,0,36.134740,-86.775470,I 65,,,,0.00,,,,,,,81.40,N,Not at Intersection,N,Non-Junction,None,,,         ,Raymond,Flaherty,Cloudy,Not Collision with Motor Vehicle in Transport,no,no,no,no,no,False
102209554,METROPOLITAN NASHVILLE POLICE DEPT,20180951490,Davidson,Nashville,11/13/2018 8:40:00 AM,2,2,0,36.086560,-86.691550,ANTIOCH PKE,,,,371.00,Feet,South,HARDING PL,,,,0.00,N,Not at Intersection,N,Non-Junction,None,,,         ,Jessie,Meadows,Rain,Angle,no,no,no,no,no,False
102209562,VANDERBILT UNIVERSITY POLICE,20180951672,Davidson,Nashville,11/12/2018 1:56:00 PM,1,0,0,36.108230,-86.765700,POWELL AV,,,,702.00,Feet,North,POWELL PL,,,,0.00,N,Not at Intersection,N,Non-Junction,None,,,         ,Kristen,Clark,Rain,Not Collision with Motor Vehicle in Transport,no,no,no,yes,yes,False
102209569,METROPOLITAN NASHVILLE POLICE DEPT,20180951309,Davidson,Nashville,11/13/2018 7:30:00 AM,2,0,0,36.176250,-86.766160,ELLINGTON PKWYS,,,,76.00,Feet,North,SPRING ST,,,,0.00,N,Not at Intersection, ,Non-Junction,None,,,         ,Erik,Nash,Rain,Front to Rear,no,no,no,no,no,False
102209590,METROPOLITAN NASHVILLE POLICE DEPT,20180951924,Davidson,Nashville,11/13/2018 11:50:00 AM,2,0,0,36.140290,-86.666610,I40 E EXT RAMP,,,,0.00,Feet,East,DONELSON PKE,,,,0.00,N,Not at Intersection, ,Non-Junction,None,,,         ,Gerry,Hutcheson,Cloudy,Front to Rear,no,no,no,no,no,False
102209591,METROPOLITAN NASHVILLE POLICE DEPT,20180951735,Davidson,Nashville,11/13/2018 10:53:00 AM,4,5,0,36.187590,-86.794790,I 65,,,,0.00,,,,,,,85.40,N,Not at Intersection,N,Non-Junction,None,,,         ,Fabjan,Llukaj,Clear,Front to Rear,no,no,no,no,no,False
102209593,METROPOLITAN NASHVILLE POLICE DEPT,20180951892,Davidson,Nashville,11/13/2018 11:38:00 AM,2,0,0,36.191940,-86.782120,I 65,,,,0.00,,,,,,,86.20,N,Not at Intersection,N,Non-Junction,None,,,         ,Patrick,Taylor,Cloudy,"Sideswipe, Same Direction",no,no,no,no,yes,False
102209595,METROPOLITAN NASHVILLE POLICE DEPT,20180951931,Davidson,Nashville,11/13/2018 12:15:00 PM,2,0,0,36.149260,-86.765260,1ST AVS,,,,158.00,Feet,South,CRENSHAW ST,,,,0.00,N,Not at Intersection,N,Non-Junction,None,,,         ,Todd,Watson,Clear,"Sideswipe, Same Direction",no,no,no,no,yes,False
102209618,VANDERBILT UNIVERSITY POLICE,20180951913,Davidson,Nashville,11/10/2018 11:37:00 AM,2,0,0,36.143910,-86.802800,STEVENSON CENTER LN,,,,190.00,Feet,North,GARLAND AV,,,,0.00,N,Not at Intersection,N,Non-Junction,None,,,         ,Casey,Clark,Clear,Other,no,no,no,yes,yes,Campus
102209619,METROPOLITAN NASHVILLE POLICE DEPT,20180951942,Davidson,Nashville,11/13/2018 12:45:00 PM,2,1,0,36.112430,-86.794690,WOODMONT BLVD,,,,25.00,Feet,West,NOELTON AV,,,,0.00,N,Not at Intersection, ,Non-Junction,None,,,         ,Jon,Mcvey,Cloudy,Front to Rear,no,no,no,no,no,False
102209625,METROPOLITAN NASHVILLE POLICE DEPT,20180951874,Davidson,Nashville,11/13/2018 11:30:00 AM,2,0,0,36.182950,-86.798520,I65 N EXT RAMP,,,,0.00,,,I 65,,,,0.00,Y,OTHER, ,Non-Junction,None,,,         ,Isaac,Wood,Cloudy,Front to Rear,no,no,no,no,no,False
102209634,METROPOLITAN NASHVILLE POLICE DEPT,20180951828,Davidson,Nashville,11/13/2018 11:40:00 AM,2,0,0,36.101050,-86.819780,HOBBS RD,,,,0.00,,,HILLSBORO CIR,,,,0.00,Y,T-Intersection,N,Intersection,None,,,         ,Raymond,Flaherty,Cloudy,Angle,no,no,no,no,no,False
102209657,GOODLETTSVILLE POLICE DEPT,18-40040,Davidson,Goodlettsville,11/13/2018 10:03:00 AM,1,1,0,36.317300,-86.713210,S MAIN ST,,,,0.00,Feet,,ROSCOE ST,,,,0.00,Y,T-Intersection,N,Non-Junction,None,,,         ,George,Forbes,Cloudy,Not Collision with Motor Vehicle in Transport,yes,no,no,no,no,False
102209690,VANDERBILT UNIVERSITY POLICE,18-0951944,Davidson,Nashville,11/13/2018 12:15:00 PM,2,0,0,36.109970,-86.765990,POWELL AVE,,,,0.00,,,,,,,0.00,,, ,Non-Junction,None,,,         ,Donald,Clark,Cloudy,"Sideswipe, Same Direction",no,no,no,yes,no,OHO
102209691,METROPOLITAN NASHVILLE POLICE DEPT,20180951921,Davidson,Nashville,11/13/2018 10:40:00 AM,2,0,0,36.171520,-86.759140,S 7TH ST,,,,0.00,,,FATHERLAND ST,,,,0.00,Y,Four-Way, ,Intersection-Related,None,,,         ,Eric,Knight,Cloudy,"Sideswipe, Same Direction",no,no,no,no,no,False