master_record_number,agency,agency_tracking_number,county,city,collision_date,vehicles_involved,number_injured,number_dead,latitude,longitude,roadway_name,roadway_suffix,roadway_number,roadway_local_id,distance_from_reference,miles-feet_indicator,direction_from_reference,intersection_road_name,intersection_road_name_suffix,intersection_road_number,intersection_local_id,mile_marker,intersection_indicator,intersect_type,interchange_related_indicator,relation_to_junction,work_zone_type,construction_maintenance_zone,construction_maintenance_zone_location,fatal_case_number,officer_first_name,officer_last_name,weather_condition(s),manner_of_crash,pedestrian,bicycle,scooter,parking,hitrun,mou
102210389,METROPOLITAN NASHVILLE POLICE DEPT,20180953386,Davidson,Nashville,11/13/2018 11:16:00 PM,2,1,0,36.071870,-86.636180,MURFREESBORO PKE,,,,0.00,,,BELL RD,,,,0.00,Y,Four-Way,N,Intersection-Related,None,,,         ,David,Simmonds,Clear,Front to Rear,no,no,no,no,no,False
102210394,METROPOLITAN NASHVILLE POLICE DEPT,20180953420,Davidson,Not in City Limit,11/13/2018 11:10:00 PM,2,0,0,36.262550,-86.707700,E OLD HICKORY BLVD,,,,55.00,Feet,West,3RD AV,,,,0.00,N,Not at Intersection,N,Non-Junction,None,,,         ,Ryan,Ludvigson,Cloudy,"Sideswipe, Same Direction",no,no,no,no,yes,False
102210395,METROPOLITAN NASHVILLE POLICE DEPT,20180953566,Davidson,Nashville,11/14/2018 12:20:00 AM,2,1,0,36.152340,-86.771580,4TH AVS,,,,0.00,,,ASH ST,,,,0.00,Y,Four-Way,N,Intersection,None,,,         ,Daniel,Caruth,Clear,Angle,no,no,no,no,no,False
102210400,METROPOLITAN NASHVILLE POLICE DEPT,20180953395,Davidson,Nashville,11/13/2018 11:10:00 PM,2,1,0,36.121450,-86.757550,I 440,,,,0.00,,,,,,,5.90,N,Not at Intersection,N,Non-Junction,None,,,         ,Zachary,Lang,Clear,Front to Rear,no,no,no,no,yes,False
102210409,METROPOLITAN NASHVILLE POLICE DEPT,20180953442,Davidson,Nashville,11/13/2018 9:30:00 PM,2,0,0,36.066530,-86.630310,MURFREESBORO PKE,,,,426.00,Feet,South,FOREST VIEW DR,,,,0.00,N,Not at Intersection, ,Non-Junction,None,,,         ,Jarrett,Ipox,Clear,Angle,no,no,no,no,no,False
102210417,METROPOLITAN NASHVILLE POLICE DEPT,20180953362,Davidson,Nashville,11/13/2018 9:56:00 PM,2,0,0,36.193460,-86.776820,I 65,,,,0.00,,,,,,,86.50,N,Not at Intersection, ,Non-Junction,Construction Zone,,,         ,James,Murphy,Clear,Front to Rear,no,no,no,no,no,False
102210426,METROPOLITAN NASHVILLE POLICE DEPT,20180953626,Davidson,Nashville,11/14/2018 12:35:00 AM,1,1,0,36.190590,-86.863660,BRILEY PKWY N ENT RAMP,,,,0.00,,,BRILEY PKWYN,,,,0.00,Y,Y-Intersection,N,Entrance/Exit Ramp Related,None,,,         ,Charles,Duke,Cloudy,Not Collision with Motor Vehicle in Transport,no,no,no,no,no,False
102210428,METROPOLITAN NASHVILLE POLICE DEPT,20180953883,Davidson,Nashville,11/14/2018 12:30:00 AM,1,0,0,36.043170,-86.691740,BELL RD,,,,538.00,Feet,East,BROOK VIEW ESTATES DR,,,,0.00,N,Not at Intersection,N,Non-Junction,None,,,         ,Jarrett,Ipox,Clear,Not Collision with Motor Vehicle in Transport,no,no,no,no,no,False
102210440,METROPOLITAN NASHVILLE POLICE DEPT,20180954004,Davidson,Nashville,11/14/2018 3:19:00 AM,2,0,0,36.192240,-86.687430,BRILEY PKWYS,,,,77.00,Feet,South,BRILEY PKWY S EXT RAMP,,,,0.00,N,Not at Intersection,N,Non-Junction,None,,,         ,Curtis,Fisher,Clear,"Sideswipe, Same Direction",no,no,no,no,no,False
102210451,METROPOLITAN NASHVILLE POLICE DEPT,20180954176,Davidson,Not in City Limit,11/14/2018 4:25:00 AM,1,0,0,36.279570,-86.691060,MYATT DR,,,,156.00,Feet,South,MYATT INDUSTRIAL DR,,,,0.00,N,Not at Intersection, ,Non-Junction,None,,,         ,Ryan,Ludvigson,Cloudy,Not Collision with Motor Vehicle in Transport,no,no,no,no,no,False
102210479,METROPOLITAN NASHVILLE POLICE DEPT,20180954296,Davidson,Nashville,11/14/2018 5:12:00 AM,2,0,0,36.154140,-86.758950,I 40,,,,0.00,,,,,,,211.00,N,Not at Intersection,Y,Non-Junction,None,,,         ,Kyle,Berkheiser,Clear,Not Collision with Motor Vehicle in Transport,no,no,no,no,yes,False
102210494,METROPOLITAN NASHVILLE POLICE DEPT,20180954429,Davidson,Not in City Limit,11/14/2018 6:00:00 AM,1,0,0,36.288920,-86.911700,GRAYS POINT RD,,,,0.78,Miles,West,CRAFT RD,,,,0.00,N,Not at Intersection, ,Non-Junction,None,,,         ,Nicholas,MacDougall,Clear,Not Collision with Motor Vehicle in Transport,no,no,no,no,no,False
102210502,METROPOLITAN NASHVILLE POLICE DEPT,20180931294,Davidson,Nashville,11/6/2018 5:48:00 AM,2,1,1,36.131890,-86.895530,I40 E ENT RAMP,,,,0.00,,,I 40,,,,0.00,Y,Four-Way,N,Intersection,None,,,18-0833  ,Kevin,Coleman,Rain,Angle,no,no,no,no,no,False
102210509,METROPOLITAN NASHVILLE POLICE DEPT,20180954477,Davidson,Not in City Limit,11/14/2018 6:27:00 AM,2,0,0,36.282660,-86.805830,I 24,,,,0.00,,,,,,,40.05,N,Not at Intersection, ,Non-Junction,None,,,         ,James,Murphy,Cloudy,Front to Rear,no,no,no,no,no,False
102210519,METROPOLITAN NASHVILLE POLICE DEPT,20180951400,Davidson,Nashville,11/13/2018 8:00:00 AM,2,0,0,36.184850,-86.773690,DICKERSON PKE,,,,160.00,Feet,North,HANCOCK ST,,,,0.00,N,Not at Intersection, ,Non-Junction,None,,,         ,Steven,Spillers,Clear,Angle,no,no,no,no,no,False
102210526,METROPOLITAN NASHVILLE POLICE DEPT,20180954498,Davidson,Nashville,11/14/2018 6:55:00 AM,2,0,0,36.102180,-86.870250,HARDING PL,,,,0.00,,,HARDING PKE,,,,0.00,Y,T-Intersection, ,Intersection,None,,,         ,Curtis,Rich,Cloudy,Front to Rear,no,no,no,no,no,False
102210529,METROPOLITAN NASHVILLE POLICE DEPT,20180954494,Davidson,Nashville,11/14/2018 6:43:00 AM,2,1,0,36.113180,-86.708000,BRILEY PKWYS,,,,405.00,Feet,West,BRILEY PKWYN,,,,0.00,N,Not at Intersection,N,Non-Junction,None,,,         ,Jessie,Meadows,Cloudy,Front to Rear,no,no,no,no,no,False
102210530,METROPOLITAN NASHVILLE POLICE DEPT,20180954511,Davidson,Nashville,11/14/2018 7:00:00 AM,2,0,0,36.040260,-86.649960,I 24,,,,0.00,,,,,,,60.00,N,Not at Intersection, ,Non-Junction,None,,,         ,Thomas,White,Clear,Front to Rear,no,no,no,no,no,False
102210555,METROPOLITAN NASHVILLE POLICE DEPT,20180954587,Davidson,Not in City Limit,11/14/2018 7:32:00 AM,2,0,0,36.326470,-86.886540,I 24,,,,0.00,,,,,,,34.00,N,Not at Intersection, ,Non-Junction,None,,,         ,Royce,McLester,Cloudy,Front to Rear,no,no,no,no,no,False
102210556,METROPOLITAN NASHVILLE POLICE DEPT,20180951867,Davidson,Nashville,11/12/2018 6:15:00 PM,1,0,0,36.153430,-86.723720,LEBANON PKE,,,,646.00,Feet,West,SPENCE LN,,,,0.00,N,Not at Intersection,N,"Driveway, Alley Access, etc",None,,,         ,Ralph,Harvey,Unknown,Not Collision with Motor Vehicle in Transport,no,no,no,yes,yes,False
102210559,METROPOLITAN NASHVILLE POLICE DEPT,20180945676,Davidson,Nashville,11/14/2018 8:05:00 AM,2,0,0,36.215780,-86.775320,I 65,,,,0.00,,,,,,,88.00,N,Not at Intersection, ,Non-Junction,None,,,         ,Ronald,Bright,Cloudy,Front to Rear,no,no,no,no,no,False
102210561,METROPOLITAN NASHVILLE POLICE DEPT,20180954609,Davidson,Nashville,11/14/2018 7:45:00 AM,3,0,0,36.207020,-86.791600,W TRINITY LN,,,,0.00,,,WHITES CREEK PKE,,,,0.00,Y,Four-Way,N,Intersection-Related,None,,,         ,James,Wray,Clear,Front to Rear,no,no,no,no,no,False
102210568,METROPOLITAN NASHVILLE POLICE DEPT,20180954620,Davidson,Nashville,11/14/2018 7:40:00 AM,2,0,0,36.115480,-86.779330,I65 ENT RAMP,,,,0.00,Feet,East,I 440,,,,0.00,N,Not at Intersection, ,Non-Junction,None,,,         ,Jon,Mcvey,Cloudy,Front to Rear,no,no,no,no,no,False
102210583,METROPOLITAN NASHVILLE POLICE DEPT,2018-0954597,Davidson,Nashville,11/14/2018 7:30:00 AM,2,0,0,36.142980,-86.744340,FESSLERS LN,,,,90.00,Feet,North,MURFREESBORO PKE,,,,0.00,N,Not at Intersection, ,Non-Junction,None,,,         ,Lee,Davis,Cloudy,Front to Rear,no,no,no,no,no,False
102210584,METROPOLITAN NASHVILLE POLICE DEPT,20180954589,Davidson,Nashville,11/14/2018 7:31:00 AM,2,0,0,36.134130,-86.726760,I 24,,,,0.00,,,,,,,52.10,N,Not at Intersection, ,,None,,,         ,Ralph,Harvey,,,no,no,no,no,no,False
102210587,METROPOLITAN NASHVILLE POLICE DEPT,20180954626,Davidson,Nashville,11/14/2018 7:48:00 AM,2,0,0,36.143420,-86.649430,I 40,,,,0.00,,,,,,,217.40,N,Not at Intersection,N,Non-Junction,None,,,         ,Terry,Denton,Cloudy,Front to Rear,no,no,no,no,yes,False
102210606,METROPOLITAN NASHVILLE POLICE DEPT,20180954164,Davidson,Nashville,11/14/2018 2:28:00 AM,2,1,0,36.170400,-86.768450,INTERSTATE DR,,,,0.00,,,WOODLAND ST,,,,0.00,Y,OTHER,N,Intersection,None,,,         ,Kelcey,Bell,Clear,Angle,no,no,no,no,no,False
102210608,METROPOLITAN NASHVILLE POLICE DEPT,20180954743,Davidson,Nashville,11/14/2018 8:25:00 AM,2,0,0,36.142410,-86.735130,I 40,,,,0.00,,,,,,,212.80,N,Not at Intersection,N,Non-Junction,None,,,         ,Samuel,Fredericks,Cloudy,Front to Rear,no,no,no,no,no,False
102210613,METROPOLITAN NASHVILLE POLICE DEPT,20180954712,Davidson,Nashville,11/14/2018 8:13:00 AM,2,0,0,36.196240,-86.776120,I 65,,,,0.00,,,,,,,86.60,N,Not at Intersection, ,Non-Junction,None,,,         ,Victor,Alexander,Cloudy,Front to Rear,no,no,no,no,no,False
102210623,METROPOLITAN NASHVILLE POLICE DEPT,20180954781,Davidson,Nashville,11/14/2018 8:44:00 AM,2,1,0,36.208580,-86.749540,ELLINGTON PKWYS,,,,605.00,Feet,North,ELLINGTON PKWYN,,,,0.00,N,Not at Intersection,N,Non-Junction,None,,,         ,Joseph,Progar,Cloudy,Front to Rear,no,no,no,no,no,False
102210625,METROPOLITAN NASHVILLE POLICE DEPT,20180954571,Davidson,Nashville,11/14/2018 7:28:00 AM,2,0,0,36.039210,-86.602780,MURFREESBORO PKE,,,,0.00,,,OLD HICKORY BLVD,,,,0.00,Y,Four-Way, ,,None,,,         ,Steven,Williams,,,no,no,no,no,no,False
102210639,METROPOLITAN NASHVILLE POLICE DEPT,20180954683,Davidson,Nashville,11/14/2018 8:00:00 AM,3,0,0,36.096160,-86.655620,MURFREESBORO PKE,,,,0.00,,,SMITH SPRINGS RD,,,,0.00,Y,Four-Way, ,Intersection-Related,None,,,         ,William,Mckay,Cloudy,Front to Rear,no,no,no,no,no,False
102210641,METROPOLITAN NASHVILLE POLICE DEPT,20180954801,Davidson,Nashville,11/14/2018 8:30:00 AM,2,0,0,36.133480,-86.741450,FOSTER AV,,,,444.00,Feet,North,TREDCO DR,,,,0.00,N,Not at Intersection, ,"Driveway, Alley Access, etc",None,,,         ,Todd,Watson,Cloudy,Front to Rear,no,no,no,no,no,False
102210651,METROPOLITAN NASHVILLE POLICE DEPT,20180954922,Davidson,Nashville,11/14/2018 9:45:00 AM,2,2,0,36.106330,-86.672980,DONELSON PKE,,,,53.00,Feet,North,MURFREESBORO PKE,,,,0.00,N,Not at Intersection,N,Non-Junction,None,,,         ,Thomas,Odom,Rain,Front to Rear,no,no,no,no,no,False
102210667,METROPOLITAN NASHVILLE POLICE DEPT,20180954909,Davidson,Nashville,11/14/2018 9:25:00 AM,2,0,0,36.191810,-86.744480,MCKENNIE AV,,,,100.00,Feet,East,GALLATIN AV,,,,0.00,N,Not at Intersection, ,Non-Junction,None,,,         ,Russell,Freeman,Cloudy,Angle,no,no,no,no,no,False
102210681,METROPOLITAN NASHVILLE POLICE DEPT,20180954706,Davidson,Not in City Limit,11/14/2018 8:16:00 AM,2,1,0,36.002630,-86.630470,OLD HICKORY BLVD,,,,131.00,Feet,West,RED APPLE RD,,,,0.00,N,Not at Intersection,N,Non-Junction,None,,,         ,Joseph,Simon,Cloudy,Not Collision with Motor Vehicle in Transport,no,no,no,no,no,False
102210691,METROPOLITAN NASHVILLE POLICE DEPT,20180954919,Davidson,Nashville,11/14/2018 8:55:00 AM,2,0,0,36.183640,-86.748450,GALLATIN AV,,,,72.00,Feet,South,EASTLAND AV,,,,0.00,N,Not at Intersection,N,Non-Junction,None,,,         ,Joshua,Baker,Cloudy,"Sideswipe, Same Direction",no,no,no,no,yes,False
102210692,THP District 9 - Administrative,318073706,Davidson,Nashville,11/8/2018 4:32:00 PM,2,0,0,36.165990,-86.784200,CHARLOTTE AV,,,,0.00,,,,,,,0.00,,, ,,None,,,         ,Wayne,Jackson,,,no,no,no,yes,no,False
102210695,METROPOLITAN NASHVILLE POLICE DEPT,20180954664,Davidson,Nashville,11/14/2018 8:00:00 AM,2,1,0,36.222810,-86.725820,GREENLAND AV,,,,0.00,,,GALLATIN PKE,,,,0.00,Y,T-Intersection,N,Intersection,None,,,         ,Faye,Denson,Clear,Angle,no,no,no,no,no,False
102210706,METROPOLITAN NASHVILLE POLICE DEPT,20180954995,Davidson,Nashville,11/14/2018 8:30:00 AM,2,1,0,36.112480,-86.723230,I 24,,,,0.00,,,,,,,53.50,N,Not at Intersection, ,Non-Junction,None,,,         ,Todd,Watson,Cloudy,Front to Rear,no,no,no,no,no,False
102210712,METROPOLITAN NASHVILLE POLICE DEPT,20180954889,Davidson,Nashville,11/14/2018 9:25:00 AM,1,0,0,36.158990,-86.775890,DEMONBREUN ST,,,,0.00,,,4TH AVS,,,,0.00,Y,Four-Way, ,Intersection,None,,,         ,James,Thornton,Cloudy,Not Collision with Motor Vehicle in Transport,no,no,no,no,no,False
102210733,METROPOLITAN NASHVILLE POLICE DEPT,20180955086,Davidson,Nashville,11/14/2018 10:43:00 AM,2,0,0,36.086770,-86.701130,I24 E EXT RAMP,,,,0.00,,,I 24,,,,0.00,Y,OTHER,N,Entrance/Exit Ramp Related,None,,,         ,Brian,Lamb,Rain,Front to Rear,no,no,no,no,no,False
102210736,METROPOLITAN NASHVILLE POLICE DEPT,20180955137,Davidson,Not in City Limit,11/14/2018 11:21:00 AM,1,0,0,36.264290,-86.888440,OLD HICKORY BLVD,,,,1200.00,Feet,East,EATONS CREEK RD,,,,0.00,N,Not at Intersection,N,Non-Junction,None,,,         ,Wesley,Young,Rain,Not Collision with Motor Vehicle in Transport,no,no,no,no,yes,False
102210737,METROPOLITAN NASHVILLE POLICE DEPT,20180954899,Davidson,Nashville,11/14/2018 9:30:00 AM,2,1,0,36.170400,-86.768450,INTERSTATE DR,,,,0.00,,,WOODLAND ST,,,,0.00,Y,Four-Way,N,Intersection,None,,,         ,Byron,Carter,Cloudy,Angle,no,no,no,no,no,False
102210741,METROPOLITAN NASHVILLE POLICE DEPT,20180955217,Davidson,Nashville,11/14/2018 11:36:00 AM,2,0,0,36.140400,-86.814960,32ND AVS,,,,0.00,,,ORLEANS DR,,,,0.00,Y,T-Intersection, ,Intersection,None,,,         ,Samuel,Miller,Rain,Angle,no,no,no,no,no,Campus
102210743,METROPOLITAN NASHVILLE POLICE DEPT,20180955236,Davidson,Nashville,11/14/2018 11:50:00 AM,2,0,0,36.121560,-86.750500,NOLENSVILLE PKE,,,,70.00,Feet,South,I440 E EXT RAMP,,,,0.00,N,Not at Intersection, ,Non-Junction,None,,,         ,Justin,Pinkelton,Rain,Front to Rear,no,no,no,no,no,False
102210745,METROPOLITAN NASHVILLE POLICE DEPT,2018-0955101,Davidson,Nashville,11/14/2018 9:31:00 AM,2,0,0,36.077570,-86.725710,NOLENSVILLE PKE,,,,179.00,Feet,North,WALLACE RD,,,,0.00,N,Not at Intersection, ,Non-Junction,None,,,         ,Stanley,Collins,Rain,Angle,no,no,no,no,no,False
102210759,METROPOLITAN NASHVILLE POLICE DEPT,20180955221,Davidson,Nashville,11/14/2018 11:55:00 AM,2,1,0,36.129860,-86.853350,LIONS HEAD VILLAGE PVTDR,,,,101.00,Feet,East,TARGET PVTDR,,,,0.00,N,Not at Intersection,N,Non-Junction,None,,,         ,Curtis,Rich,Rain,Angle,no,no,no,yes,no,False
102210774,METROPOLITAN NASHVILLE POLICE DEPT,20180955212,Davidson,Nashville,11/14/2018 11:49:00 AM,2,0,0,36.193380,-86.753200,DOUGLAS AV,,,,26.00,Feet,East,ELLINGTON PKWY S EXT RAMP,,,,0.00,N,Not at Intersection, ,Non-Junction,None,,,         ,Joseph,Progar,Rain,Angle,no,no,no,no,no,False
102210777,METROPOLITAN NASHVILLE POLICE DEPT,20180955233,Davidson,Nashville,11/14/2018 11:06:00 AM,2,0,0,36.138750,-86.753270,WOODYCREST AV,,,,46.00,Feet,East,LESTER AV,,,,0.00,N,Not at Intersection, ,Non-Junction,None,,,         ,Jessie,Meadows,Rain,Angle,no,no,no,no,no,False
102210779,METROPOLITAN NASHVILLE POLICE DEPT,2018-0955270,Davidson,Nashville,11/14/2018 12:12:00 PM,2,0,0,36.041170,-86.778700,OLD HICKORY BLVD,,,,224.00,Feet,East,FRANKLIN PIKE CIR,,,,0.00,N,Not at Intersection, ,Non-Junction,None,,,         ,Erik,Wagner,Rain,Front to Rear,no,no,no,no,no,False
102210780,METROPOLITAN NASHVILLE POLICE DEPT,20180955339,Davidson,Nashville,11/14/2018 12:35:00 PM,2,0,0,36.111270,-86.756370,THOMPSON LN,,,,338.00,Feet,West,SIDCO DR,,,,0.00,N,Not at Intersection, ,,None,,,         ,Justin,Pinkelton,,,no,no,no,no,no,False
102210783,METROPOLITAN NASHVILLE POLICE DEPT,20180955076,Davidson,Nashville,11/14/2018 10:55:00 AM,3,1,0,36.161500,-86.760400,I 24,,,,0.00,,,,,,,49.40,N,Not at Intersection,N,Non-Junction,None,,,         ,Erik,Nash,Rain,"Sideswipe, Same Direction",no,no,no,no,yes,False
102210800,METROPOLITAN NASHVILLE POLICE DEPT,20180955167,Davidson,Nashville,11/14/2018 12:00:00 AM,1,0,0,36.217220,-86.741670,HART LN,,,,0.00,,,HUTSON AV,,,,0.00,Y,OTHER,N,Unknown,Unknown,Unknown,Unknown,         ,Eric,Knight,,Not Collision with Motor Vehicle in Transport,no,no,no,no,yes,False
102210808,METROPOLITAN NASHVILLE POLICE DEPT,20180955135,Davidson,Nashville,11/14/2018 11:20:00 AM,2,0,0,36.106420,-86.672930,DONELSON PKE,,,,87.00,Feet,North,MURFREESBORO PKE,,,,0.00,N,Not at Intersection, ,Non-Junction,None,,,         ,Gerry,Hutcheson,Rain,Front to Rear,no,no,no,no,no,False
102210818,METROPOLITAN NASHVILLE POLICE DEPT,20180955390,Davidson,Nashville,11/14/2018 1:00:00 PM,2,0,0,36.131350,-86.896840,CHARLOTTE PKE,,,,17.00,Feet,East,I40 E EXT RAMP,,,,0.00,N,Not at Intersection,N,Non-Junction,None,,,         ,Curtis,Rich,Rain,Front to Rear,no,no,no,no,no,False
102210837,METROPOLITAN NASHVILLE POLICE DEPT,20180955342,Davidson,Nashville,11/14/2018 12:25:00 PM,3,3,0,36.130390,-86.715850,MURFREESBORO PKE,,,,418.00,Feet,East,FOOTHILL DR,,,,0.00,N,Not at Intersection,N,Non-Junction,None,,,         ,Thomas,Odom,Rain,Front to Rear,no,no,no,no,no,False
102210845,GOODLETTSVILLE POLICE DEPT,18-40173,Davidson,Goodlettsville,11/14/2018 1:00:00 PM,2,0,0,36.305910,-86.693820,CONFERENCE DR,,,,0.00,,,RIVERGATE MALL PVTDR,,,,0.00,Y,T-Intersection, ,Non-Junction,None,,,         ,Rico,Jones,Rain,Front to Rear,no,no,no,no,no,False
102210847,METROPOLITAN NASHVILLE POLICE DEPT,20180955243,Davidson,Nashville,11/14/2018 12:00:00 PM,2,0,0,36.153380,-86.755950,I 40,,,,0.00,,,,,,,211.20,N,Not at Intersection, ,,None,,,         ,Justin,Jackson,,,no,no,no,no,no,False
102210853,METROPOLITAN NASHVILLE POLICE DEPT,20180955388,Davidson,Nashville,11/14/2018 1:05:00 PM,2,1,0,36.111930,-86.762920,THOMPSON LN,,,,0.00,,,E IRIS DR,,,,0.00,Y,T-Intersection,N,Intersection,None,,,         ,Nathan,Kemp,Rain,Angle,no,no,no,no,no,False
102210856,METROPOLITAN NASHVILLE POLICE DEPT,20180955381,Davidson,Nashville,11/14/2018 12:22:00 PM,2,0,0,36.162910,-86.784740,UNION ST,,,,0.00,,,ROSA L PARKS AV,,,,0.00,Y,Four-Way, ,Intersection,None,,,         ,Ronald,Bright,Rain,Angle,no,no,no,no,no,False
102210866,METROPOLITAN NASHVILLE POLICE DEPT,20180955396,Davidson,Nashville,11/14/2018 1:00:00 PM,2,0,0,36.197340,-86.837010,CLARKSVILLE PKE,,,,132.00,Feet,South,ASHLAND CITY HWY,,,,0.00,N,Not at Intersection, ,Non-Junction,None,,,         ,Wesley,Young,Rain,"Sideswipe, Same Direction",no,no,no,no,no,False
102210887,METROPOLITAN NASHVILLE POLICE DEPT,20180955369,Davidson,Nashville,11/14/2018 12:27:00 PM,2,0,0,36.149010,-86.667350,ELM HILL PKE,,,,80.00,Feet,East,NELSON PL,,,,0.00,N,Not at Intersection, ,Non-Junction,None,,,         ,Jason,Milyaro Lucas,Rain,Front to Rear,no,no,no,no,no,False
102210890,METROPOLITAN NASHVILLE POLICE DEPT,20180955113,Davidson,Nashville,11/14/2018 11:15:00 AM,2,1,0,36.041140,-86.776210,OLD HICKORY BLVD,,,,0.00,,,BRENTWOOD TRC,,,,0.00,Y,Four-Way,N,Intersection,None,,,         ,Jon,Mcvey,Rain,Angle,no,no,no,no,no,False
102210891,METROPOLITAN NASHVILLE POLICE DEPT,20180955384,Davidson,Nashville,11/14/2018 12:40:00 PM,2,0,0,36.143600,-86.769520,MARTIN ST,,,,0.00,,,CHESTNUT ST,,,,0.00,Y,T-Intersection, ,Intersection-Related,None,,,         ,Jon,Mcvey,Rain,"Sideswipe, Same Direction",no,no,no,no,no,False
102210904,METROPOLITAN NASHVILLE POLICE DEPT,20180955284,Davidson,Nashville,11/14/2018 12:15:00 PM,2,0,0,36.147760,-86.868360,CHARLOTTE PKE,,,,154.00,Feet,East,CROLEY DR,,,,0.00,N,Not at Intersection, ,Non-Junction,None,,,         ,George,Spencer,Rain,Front to Rear,no,no,no,no,no,False
102210910,METROPOLITAN NASHVILLE POLICE DEPT,20180955497,Davidson,Nashville,11/14/2018 1:40:00 PM,2,0,0,36.151920,-86.849980,CHARLOTTE AV,,,,24.00,Feet,West,52ND AVN,,,,0.00,N,Not at Intersection, ,Non-Junction,None,,,         ,Brian,Myatt,Rain,Front to Rear,no,no,no,no,no,False
102210915,METROPOLITAN NASHVILLE POLICE DEPT,20180955461,Davidson,Nashville,11/14/2018 1:34:00 PM,1,0,0,36.196480,-86.835870,CLARKSVILLE PKE,,,,0.00,Feet,,CLARKSVILLE PKE,,,,0.00,Y,OTHER,N,Non-Junction,None,,,         ,Victor,Alexander,Rain,Not Collision with Motor Vehicle in Transport,no,no,no,yes,no,False
102210928,METROPOLITAN NASHVILLE POLICE DEPT,20180955538,Davidson,Nashville,11/14/2018 2:10:00 PM,2,2,0,36.167420,-86.805810,DR D B TODD JR BLVD,,,,90.00,Feet,South,MEHARRY BLVD,,,,0.00,N,Not at Intersection,N,Non-Junction,None,,,         ,Daniel,Kallman,Rain,Front to Rear,no,no,no,no,no,False
102210935,METROPOLITAN NASHVILLE POLICE DEPT,20180955431,Davidson,Nashville,11/14/2018 12:40:00 PM,2,0,0,36.147620,-86.673060,ROYAL PKWY,,,,359.00,Feet,West,RACHEL DR,,,,0.00,N,Not at Intersection,N,Non-Junction,None,,,         ,Jason,Milyaro Lucas,Rain,Front to Rear,no,no,no,no,no,False
102210953,METROPOLITAN NASHVILLE POLICE DEPT,20180955439,Davidson,Nashville,11/14/2018 1:29:00 PM,2,1,0,36.216080,-86.813180,MOORMANS ARM RD,,,,0.00,,,CHATEAU VALLEY DR,,,,0.00,Y,Four-Way,N,Intersection-Related,None,,,         ,William,Coy,Rain,Front to Rear,no,no,no,no,no,False
102210965,METROPOLITAN NASHVILLE POLICE DEPT,20180955446,Davidson,Nashville,11/14/2018 1:25:00 PM,1,0,0,36.186870,-86.608570,JACKSON PASS,,,,0.00,,,ANDREW JACKSON PKWY,,,,0.00,Y,T-Intersection,N,Intersection-Related,None,,,         ,William,Mckay,Rain,Not Collision with Motor Vehicle in Transport,no,no,no,yes,no,False
102210968,GOODLETTSVILLE POLICE DEPT,18-40167,Davidson,Goodlettsville,11/14/2018 11:50:00 AM,2,1,0,36.304360,-86.701000,RIVERGATE MALL PVTDR,,,,420.00,Feet,East,RIVERGATE PKWY,,,,0.00,N,Not at Intersection,N,"Driveway, Alley Access, etc",None,,,         ,Charles,Hauskin,Rain,Angle,no,no,no,no,no,False
102210986,METROPOLITAN NASHVILLE POLICE DEPT,20180955569,Davidson,Nashville,11/14/2018 2:34:00 PM,2,0,0,36.133880,-86.727100,I 24,,,,0.00,,,,,,,52.10,N,Not at Intersection, ,Non-Junction,None,,,         ,Brandon,Evans,Rain,Front to Rear,no,no,no,no,no,False
102211005,METROPOLITAN NASHVILLE POLICE DEPT,20180955540,Davidson,Not in City Limit,11/14/2018 2:14:00 PM,3,0,0,36.273200,-86.689490,MYATT DR,,,,396.00,Feet,North,ANDERSON LN,,,,0.00,N,Not at Intersection,N,Non-Junction,None,,,         ,Brian,Otto,Cloudy,Angle,no,no,no,no,no,False
102211030,METROPOLITAN NASHVILLE POLICE DEPT,20180955633,Davidson,Not in City Limit,11/14/2018 3:00:00 PM,1,0,0,36.091600,-86.980480,HIGHWAY 70S,,,,210.00,Feet,East,CHARLOTTE PKE,,,,0.00,N,Not at Intersection,N,Non-Junction,None,,,         ,Adam,Warren,Rain,Not Collision with Motor Vehicle in Transport,no,no,no,no,no,False
102211034,METROPOLITAN NASHVILLE POLICE DEPT,20180955621,Davidson,Nashville,11/14/2018 2:53:00 PM,2,0,0,36.200630,-86.732910,SCOTT AV,,,,107.00,Feet,North,MONETTA AV,,,,0.00,N,Not at Intersection, ,Non-Junction,None,,,         ,Michael,Fitch,Rain,Other,no,no,no,no,no,False
102211044,METROPOLITAN NASHVILLE POLICE DEPT,20180955533,Davidson,Nashville,11/14/2018 2:10:00 PM,2,0,0,36.047550,-86.655930,HICKORY HOLLOW PKWY,,,,0.00,,,BELL RD,,,,0.00,Y,Four-Way,N,Intersection-Related,None,,,         ,Alex,Moore,Rain,Angle,no,no,no,no,no,False
102211046,METROPOLITAN NASHVILLE POLICE DEPT,20180955595,Davidson,Nashville,11/14/2018 2:42:00 PM,2,0,0,36.087870,-86.920730,OLD HICKORY BLVD,,,,0.00,,,WOODBURY FALLS DR,,,,0.00,Y,Four-Way,N,Intersection,None,,,         ,Brandon,Pedigo,Rain,Angle,no,no,no,no,no,False