master_record_number,agency,agency_tracking_number,county,city,collision_date,vehicles_involved,number_injured,number_dead,latitude,longitude,roadway_name,roadway_suffix,roadway_number,roadway_local_id,distance_from_reference,miles-feet_indicator,direction_from_reference,intersection_road_name,intersection_road_name_suffix,intersection_road_number,intersection_local_id,mile_marker,intersection_indicator,intersect_type,interchange_related_indicator,relation_to_junction,work_zone_type,construction_maintenance_zone,construction_maintenance_zone_location,fatal_case_number,officer_first_name,officer_last_name,weather_condition(s),manner_of_crash,pedestrian,bicycle,scooter,parking,hitrun,mou
102211056,METROPOLITAN NASHVILLE POLICE DEPT,20180955499,Davidson,Nashville,11/14/2018 2:00:00 PM,2,3,0,36.119850,-86.738490,PEACHTREE ST,,,,24.00,Feet,West,STERLING BOONE DR,,,,0.00,N,Not at Intersection,N,Non-Junction,None,,,         ,Jessie,Meadows,Rain,Angle,no,no,no,no,no,False
102211062,METROPOLITAN NASHVILLE POLICE DEPT,20180955525,Davidson,Nashville,11/14/2018 1:42:00 PM,2,0,0,36.166150,-86.779510,DEADERICK ST,,,,146.00,Feet,West,3RD AVN,,,,0.00,N,Not at Intersection, ,,None,,,         ,Timothy,Mead,,,no,no,no,no,no,False
102211078,METROPOLITAN NASHVILLE POLICE DEPT,20180955759,Davidson,Nashville,11/14/2018 3:55:00 PM,2,0,0,36.162100,-86.778760,COMMERCE ST,,,,190.00,Feet,East,5TH AVN,,,,0.00,N,Not at Intersection, ,Non-Junction,None,,,         ,Roy,Sain Jr.,Rain,"Sideswipe, Same Direction",no,no,no,no,yes,False
102211092,METROPOLITAN NASHVILLE POLICE DEPT,20180955568,Davidson,Nashville,11/14/2018 2:31:00 PM,2,1,0,36.134270,-86.774900,WEDGEWOOD AV,,,,50.00,Feet,West,I65 N ENT RAMP,,,,0.00,N,Not at Intersection,N,Non-Junction,None,,,         ,Ryan,Coll,Rain,Angle,no,no,no,no,no,False
102211115,METROPOLITAN NASHVILLE POLICE DEPT,20180955800,Davidson,Nashville,11/14/2018 4:05:00 PM,2,0,0,36.153300,-86.772180,4TH AVS,,,,0.00,,,ELM ST,,,,0.00,Y,Four-Way, ,Intersection,None,,,         ,Thomas,Broatch,Rain,"Sideswipe, Same Direction",no,no,no,no,no,False
102211119,METROPOLITAN NASHVILLE POLICE DEPT,20180955799,Davidson,Not in City Limit,11/14/2018 4:09:00 PM,1,0,0,36.299010,-86.855650,WHITES CREEK PKE,,,,85.00,Feet,South,SWINDLE RD,,,,0.00,N,Not at Intersection, ,Non-Junction,None,,,         ,Melvin,Taylor,Rain,Not Collision with Motor Vehicle in Transport,no,no,no,no,no,False
102211120,METROPOLITAN NASHVILLE POLICE DEPT,20180955749,Davidson,Nashville,11/14/2018 3:51:00 PM,2,0,0,36.082180,-86.697520,I 24,,,,0.00,,,,,,,56.00,N,Not at Intersection,N,Non-Junction,None,,,         ,Jarret,Sonnenberg,Rain,Not Collision with Motor Vehicle in Transport,no,no,no,no,no,False
102211129,METROPOLITAN NASHVILLE POLICE DEPT,20180955708,Davidson,Nashville,11/14/2018 3:39:00 PM,2,0,0,36.103420,-86.888640,JOCELYN HOLLOW RD,,,,0.00,,,ROBIN HILL RD,,,,0.00,Y,Four-Way,N,Intersection,None,,,         ,Brandon,Pedigo,Rain,Angle,no,no,no,no,no,False
102211134,METROPOLITAN NASHVILLE POLICE DEPT,20180955733,Davidson,Nashville,11/14/2018 3:42:00 PM,2,0,0,36.148850,-86.774760,I 40,,,,0.00,,,,,,,210.10,N,Not at Intersection, ,Non-Junction,None,,,         ,FELIKS,ABRAHAMYAN,Rain,"Sideswipe, Same Direction",no,no,no,no,no,False
102211135,METROPOLITAN NASHVILLE POLICE DEPT,20180955614,Davidson,Nashville,11/14/2018 2:51:00 PM,2,1,0,36.099440,-86.924450,OLD HICKORY BLVD,,,,743.00,Feet,North,RIDGELAKE PKWY,,,,0.00,N,Not at Intersection,N,Non-Junction,None,,,         ,Jeremy,Huffine,Rain,Front to Rear,no,no,no,no,no,False
102211145,METROPOLITAN NASHVILLE POLICE DEPT,20180955871,Davidson,Nashville,11/14/2018 4:28:00 PM,2,0,0,36.230100,-86.725040,GALLATIN PKE,,,,0.00,Feet,,MALQUIN DR,,,,0.00,Y,Four-Way,N,Intersection-Related,None,,,         ,Brandon,Harbaugh,Rain,Angle,no,no,no,no,no,False
102211155,METROPOLITAN NASHVILLE POLICE DEPT,20180955951,Davidson,Nashville,11/14/2018 5:26:00 PM,2,0,0,36.141140,-86.814650,VANDERBILT PL,,,,63.00,Feet,West,31ST AVS,,,,0.00,N,Not at Intersection,N,Non-Junction,None,,,         ,Ryan,Coll,Rain,Angle,no,no,no,no,no,Campus
102211157,METROPOLITAN NASHVILLE POLICE DEPT,20180955896,Davidson,Nashville,11/14/2018 4:33:00 PM,2,1,0,36.194900,-86.776160,I 65,,,,0.00,,,,,,,86.50,N,Not at Intersection,N,Non-Junction,None,,,         ,Brian,Woodard,Rain,Front to Rear,no,no,no,no,no,False
102211159,METROPOLITAN NASHVILLE POLICE DEPT,20180956016,Davidson,Nashville,11/14/2018 5:30:00 PM,2,0,0,36.125080,-86.847730,WHITE BRIDGE PKE,,,,44.00,Feet,North,WOODMONT BLVD,,,,0.00,N,Not at Intersection, ,Non-Junction,None,,,         ,Michael,Richardson,Rain,Front to Rear,no,no,no,no,no,False
102211161,METROPOLITAN NASHVILLE POLICE DEPT,20180956074,Davidson,Nashville,11/14/2018 4:14:00 PM,2,0,0,36.134640,-86.779060,8TH AVS,,,,141.00,Feet,North,WEDGEWOOD AV,,,,0.00,N,Not at Intersection, ,Non-Junction,None,,,         ,Ryan,Storm,Rain,Angle,no,no,no,no,no,False
102211162,METROPOLITAN NASHVILLE POLICE DEPT,20180955884,Davidson,Nashville,11/14/2018 4:49:00 PM,1,1,0,36.162370,-86.782070,CHURCH ST,,,,0.00,,,CAPITOL BLVD,,,,0.00,Y,T-Intersection,N,Intersection,None,,,         ,Timothy,Mead,Rain,Not Collision with Motor Vehicle in Transport,yes,no,no,no,no,False
102211163,METROPOLITAN NASHVILLE POLICE DEPT,20180955837,Davidson,Nashville,11/14/2018 4:26:00 PM,4,0,0,36.044860,-86.724930,AMALIE DR,,,,0.00,,,OLD HICKORY BLVD,,,,0.00,Y,Four-Way,N,Intersection-Related,None,,,         ,FELIKS,ABRAHAMYAN,Rain,Angle,no,no,no,no,no,False
102211167,METROPOLITAN NASHVILLE POLICE DEPT,20180955999,Davidson,Nashville,11/14/2018 4:40:00 PM,2,0,0,36.033150,-86.774590,CHURCH STE,,,,388.00,Feet,West,PLUM ORCHARD DR,,,,0.00,N,Not at Intersection, ,Non-Junction,None,,,         ,Garrett,Reingardt,Rain,Front to Rear,no,no,no,no,no,False
102211172,METROPOLITAN NASHVILLE POLICE DEPT,20180955822,Davidson,Nashville,11/14/2018 4:23:00 PM,3,1,0,36.152290,-86.690470,ELM HILL PKE,,,,0.00,,,BRILEY PKWY N EXT RAMP,,,,0.00,Y,Four-Way,N,Intersection,None,,,         ,Trenton,Searcy,Rain,Front to Rear,no,no,no,no,yes,False
102211173,METROPOLITAN NASHVILLE POLICE DEPT,20180955982,Davidson,Nashville,11/14/2018 4:49:00 PM,2,0,0,36.151260,-86.857460,WHITE BRIDGE PL,,,,107.00,Feet,East,WHITE BRIDGE PKE,,,,0.00,N,Not at Intersection, ,Non-Junction,None,,,         ,Torian,Cox,Rain,"Sideswipe, Same Direction",no,no,no,no,no,False
102211175,BERRY HILL POLICE DEPT,18-4069,Davidson,Berry Hill,11/14/2018 6:15:00 PM,2,0,0,36.112690,-86.766940,BRANSFORD AV,,,,0.00,,,HEATHER PL,,,,0.00,Y,T-Intersection, ,Intersection-Related,None,,,         ,Anthony,Russo,Rain,Other,no,no,no,no,yes,False
102211177,METROPOLITAN NASHVILLE POLICE DEPT,20180955925,Davidson,Nashville,11/14/2018 5:05:00 PM,2,0,0,36.174400,-86.774190,OLDHAM ST,,,,0.00,,,N 1ST ST,,,,0.00,Y,Four-Way, ,Intersection,None,,,         ,Joseph,Bingham,Rain,Angle,no,no,no,no,no,False
102211190,METROPOLITAN NASHVILLE POLICE DEPT,20180956026,Davidson,Nashville,11/14/2018 5:35:00 PM,2,0,0,36.113010,-86.811030,HILLSBORO PKE,,,,346.00,Feet,South,WOODMONT BLVD,,,,0.00,N,Not at Intersection, ,Non-Junction,None,,,         ,Broderick,Jones,Rain,Front to Rear,no,no,no,no,no,False
102211194,METROPOLITAN NASHVILLE POLICE DEPT,20180955718,Davidson,Nashville,11/14/2018 3:39:00 PM,2,0,0,36.165650,-86.869090,BRILEY PKWYN,,,,696.00,Feet,North,BRILEY PKWYS,,,,0.00,N,Not at Intersection, ,Non-Junction,None,,,         ,Laura,Williams,Rain,Front to Rear,no,no,no,no,no,False
102211195,METROPOLITAN NASHVILLE POLICE DEPT,20180955910,Davidson,Nashville,11/14/2018 3:55:00 PM,2,0,0,36.166660,-86.862040,CALIFORNIA AV,,,,0.00,,,62ND AVN,,,,0.00,Y,Four-Way,Y,Intersection,None,,,         ,Laura,Williams,Rain,HeadOn,no,no,no,no,yes,False
102211196,METROPOLITAN NASHVILLE POLICE DEPT,2018-0956048,Davidson,Nashville,11/14/2018 5:55:00 PM,2,0,0,36.033150,-86.774590,CHURCH STE,,,,388.00,Feet,West,PLUM ORCHARD DR,,,,0.00,N,Not at Intersection, ,Non-Junction,None,,,         ,William,King,Rain,Front to Rear,no,no,no,no,no,False
102211204,METROPOLITAN NASHVILLE POLICE DEPT,20180956000,Davidson,Nashville,11/14/2018 5:35:00 PM,2,2,0,36.210380,-86.775990,I 65,,,,0.00,,,,,,,87.60,N,Not at Intersection,N,Non-Junction,None,,,         ,Melvin,Taylor,Rain,Angle,no,no,no,no,no,False
102211205,METROPOLITAN NASHVILLE POLICE DEPT,20180955944,Davidson,Nashville,11/14/2018 4:54:00 PM,2,0,0,36.157600,-86.692650,BRILEY PKWYS,,,,482.00,Feet,West,BRILEY PKWYN,,,,0.00,N,Not at Intersection,N,Non-Junction,None,,,         ,Trenton,Searcy,Rain,Front to Rear,no,no,no,no,no,False
102211206,GOODLETTSVILLE POLICE DEPT,18-40202,Davidson,Goodlettsville,11/14/2018 6:23:00 PM,2,0,0,36.323600,-86.705980,I65 S EXT RAMP,,,,0.00,,,LONG HOLLOW PKE,,,,0.00,Y,Four-Way, ,Intersection,None,,,         ,Kenneth,Parks,Rain,Angle,no,no,no,no,no,False
102211216,METROPOLITAN NASHVILLE POLICE DEPT,20180956061,Davidson,Nashville,11/14/2018 6:00:00 PM,2,0,0,36.161480,-86.792040,CHARLOTTE AV,,,,96.00,Feet,West,12TH AVN,,,,0.00,N,Not at Intersection, ,Non-Junction,None,,,         ,Roy,Sain Jr.,Rain,Front to Rear,no,no,no,no,no,False
102211224,METROPOLITAN NASHVILLE POLICE DEPT,20180955804,Davidson,Nashville,11/14/2018 4:16:00 PM,2,1,0,36.114900,-86.724770,I 24,,,,0.00,,,,,,,53.30,N,Not at Intersection,Y,Non-Junction,None,,,         ,Shelby,Hughes,Rain,Front to Rear,no,no,no,no,yes,False
102211227,METROPOLITAN NASHVILLE POLICE DEPT,20180956198,Davidson,Nashville,11/14/2018 7:07:00 PM,2,1,0,36.090680,-86.626030,BELL RD,,,,186.00,Feet,East,SMITH SPRINGS RD,,,,0.00,N,Not at Intersection,N,Non-Junction,None,,,         ,Zachariah,Bush,Rain,HeadOn,no,no,no,no,no,False
102211228,METROPOLITAN NASHVILLE POLICE DEPT,20180956099,Davidson,Nashville,11/14/2018 6:14:00 PM,2,0,0,36.232250,-86.781470,BRICK CHURCH PKE,,,,236.00,Feet,North,EWING DR,,,,0.00,N,Not at Intersection, ,Non-Junction,None,,,         ,Jason,Dudley,Rain,Front to Rear,no,no,no,no,no,False
102211229,METROPOLITAN NASHVILLE POLICE DEPT,20180955889,Davidson,Nashville,11/14/2018 4:49:00 PM,5,1,0,36.070880,-86.769700,I 65,,,,0.00,,,,,,,77.00,N,Not at Intersection,N,Non-Junction,None,,,         ,Austin,Kendrick,Rain,Front to Rear,no,no,no,no,no,False
102211232,METROPOLITAN NASHVILLE POLICE DEPT,20180955943,Davidson,Nashville,11/14/2018 5:10:00 PM,2,0,0,36.113290,-86.772400,I 65,,,,0.00,,,,,,,80.00,N,Not at Intersection,N,Non-Junction,None,,,         ,FELIKS,ABRAHAMYAN,Rain,Front to Rear,no,no,no,no,no,False
102211233,METROPOLITAN NASHVILLE POLICE DEPT,20180956166,Davidson,Nashville,11/14/2018 5:50:00 PM,2,0,0,36.124420,-86.833310,WOODLAWN DR,,,,0.00,Feet,,WILSON BLVDS,,,,0.00,Y,Four-Way,N,Intersection-Related,None,,,         ,Torian,Cox,Rain,Angle,no,no,no,no,no,False
102211234,METROPOLITAN NASHVILLE POLICE DEPT,20180955940,Davidson,Nashville,11/14/2018 4:30:00 PM,2,0,0,36.157840,-86.760430,I 24,,,,0.00,,,,,,,49.60,N,Not at Intersection, ,,Unknown,,,         ,Joshua,Reece,,,no,no,no,no,no,False
102211238,METROPOLITAN NASHVILLE POLICE DEPT,20180956184,Davidson,Nashville,11/14/2018 7:03:00 PM,1,1,0,36.163250,-86.776070,2ND AVN,,,,0.00,,,COMMERCE ST,,,,0.00,Y,T-Intersection,Y,Intersection,None,,,         ,Joseph,Bingham,Rain,Not Collision with Motor Vehicle in Transport,yes,no,no,no,no,False
102211242,METROPOLITAN NASHVILLE POLICE DEPT,20180956212,Davidson,Nashville,11/14/2018 6:13:00 PM,2,0,0,36.125870,-86.805050,SWEETBRIAR AV,,,,0.00,,,21ST AVS,,,,0.00,Y,T-Intersection,N,Intersection,None,,,         ,FELIKS,ABRAHAMYAN,Rain,Angle,no,no,no,no,no,False
102211244,METROPOLITAN NASHVILLE POLICE DEPT,20180956194,Davidson,Nashville,11/14/2018 6:57:00 PM,2,0,0,36.156580,-86.787480,BROADWAY,,,,0.00,,,12TH AVS,,,,0.00,Y,Four-Way, ,Intersection-Related,None,,,         ,Derek,Betty,Rain,Front to Rear,no,no,no,no,no,False
102211249,METROPOLITAN NASHVILLE POLICE DEPT,20180956228,Davidson,Nashville,11/14/2018 7:23:00 PM,1,1,0,36.163480,-86.824800,ALBION ST,,,,0.00,,,32ND AVN,,,,0.00,Y,Four-Way,N,Intersection-Related,None,,,         ,Russell,Jones,Rain,Not Collision with Motor Vehicle in Transport,yes,no,no,no,no,False
102211250,METROPOLITAN NASHVILLE POLICE DEPT,20180956110,Davidson,Nashville,11/14/2018 4:33:00 PM,2,0,0,36.153250,-86.794010,17TH AVS,,,,0.00,,,BROADWAY,,,,0.00,Y,Four-Way, ,Intersection,None,,,         ,Darryl,Williams,Rain,Angle,no,no,no,no,no,False
102211251,METROPOLITAN NASHVILLE POLICE DEPT,20180956164,Davidson,Nashville,11/14/2018 6:54:00 PM,2,0,0,36.156870,-86.780840,8TH AVS,,,,0.00,,,DEMONBREUN ST,,,,0.00,Y,Four-Way, ,Non-Junction,None,,,         ,Seth,Quiles,Rain,"Sideswipe, Same Direction",no,no,no,no,no,False
102211252,METROPOLITAN NASHVILLE POLICE DEPT,20180956364,Davidson,Nashville,11/14/2018 7:51:00 PM,1,0,0,36.139540,-86.760910,2ND AVS,,,,39.00,Feet,North,CARNEY ST,,,,0.00,N,Not at Intersection, ,Non-Junction,None,,,         ,Jarret,Sonnenberg,Rain,Not Collision with Motor Vehicle in Transport,no,no,no,no,no,False
102211253,METROPOLITAN NASHVILLE POLICE DEPT,20180956284,Davidson,Nashville,11/14/2018 7:40:00 PM,2,0,0,36.206160,-86.772040,W TRINITY LN,,,,278.00,Feet,West,LUCAS LN,,,,0.00,N,Not at Intersection, ,Non-Junction,None,,,         ,Kevin,Clausius,Rain,Angle,no,no,no,no,no,False
102211255,METROPOLITAN NASHVILLE POLICE DEPT,20180955904,Davidson,Nashville,11/14/2018 4:54:00 PM,2,0,0,36.088060,-86.701320,I24 W ENT RAMP,,,,0.00,Feet,East,I 24,,,,0.00,N,Not at Intersection,Y,Entrance/Exit Ramp Related,None,,,         ,Andrew,Brazee,Rain,Front to Rear,no,no,no,no,no,False
102211257,METROPOLITAN NASHVILLE POLICE DEPT,20180956096,Davidson,Nashville,11/14/2018 6:19:00 PM,2,1,0,36.135320,-86.727100,I 24,,,,0.00,,,,,,,52.20,N,Not at Intersection,Y,Entrance/Exit Ramp Related,None,,,         ,Andrew,Brazee,Rain,Front to Rear,no,no,no,no,no,False
102211258,METROPOLITAN NASHVILLE POLICE DEPT,20180955965,Davidson,Nashville,11/14/2018 5:19:00 PM,2,0,0,36.116220,-86.725380,I 24,,,,0.00,,,,,,,53.20,N,Not at Intersection,Y,Non-Junction,None,,,         ,Shelby,Hughes,Rain,"Sideswipe, Same Direction",no,no,no,no,yes,False
102211277,METROPOLITAN NASHVILLE POLICE DEPT,20180956268,Davidson,Nashville,11/14/2018 4:46:00 PM,1,0,0,36.192590,-86.791590,VANTAGE WAY,,,,237.00,Feet,West,GREAT CIRCLE RD,,,,0.00,N,Not at Intersection,N,Non-Junction,None,,,         ,Melvin,Taylor,Clear,Not Collision with Motor Vehicle in Transport,no,no,no,no,no,False
102211278,METROPOLITAN NASHVILLE POLICE DEPT,20180956027,Davidson,Nashville,11/14/2018 5:19:00 PM,2,0,0,36.211080,-86.775900,I 65,,,,0.00,,,,,,,87.65,N,Not at Intersection, ,Non-Junction,None,,,         ,Janelle,Keslar,Rain,"Sideswipe, Same Direction",no,no,no,no,no,False
102211283,METROPOLITAN NASHVILLE POLICE DEPT,20180956382,Davidson,Nashville,11/14/2018 8:18:00 PM,2,0,0,36.158790,-86.798200,CHARLOTTE AV,,,,10.00,Feet,West,17TH AVN,,,,0.00,N,Not at Intersection, ,Non-Junction,None,,,         ,Edin,Plancic,Rain,Front to Rear,no,no,no,no,no,False
102211288,METROPOLITAN NASHVILLE POLICE DEPT,20180956384,Davidson,Not in City Limit,11/14/2018 8:18:00 PM,1,1,0,36.048990,-86.597300,PIN HOOK RD,,,,805.00,Feet,East,HOBSON PKE,,,,0.00,N,Not at Intersection,N,Non-Junction,None,,,         ,William,Durham,Rain,Not Collision with Motor Vehicle in Transport,no,no,no,no,no,False
102211289,METROPOLITAN NASHVILLE POLICE DEPT,20180956311,Davidson,Nashville,11/14/2018 7:53:00 PM,1,1,0,36.161020,-86.777200,BROADWAY,,,,0.00,,,4TH AVN,,,,0.00,Y,Four-Way, ,Non-Junction,None,,,         ,Seth,Quiles,Rain,Not Collision with Motor Vehicle in Transport,yes,no,no,no,no,False
102211291,METROPOLITAN NASHVILLE POLICE DEPT,20180956221,Davidson,Not in City Limit,11/14/2018 6:06:00 PM,3,0,0,36.054090,-86.950600,OLD HARDING PKE,,,,0.00,,,POPLAR CREEK RD,,,,0.00,Y,T-Intersection,N,Intersection-Related,None,,,         ,Ryan,Fink,Rain,"Sideswipe, Opposite Direction",no,no,no,no,no,False
102211293,METROPOLITAN NASHVILLE POLICE DEPT,20180955655,Davidson,Nashville,11/14/2018 2:16:00 PM,2,0,0,36.047600,-86.620290,LEAFHOLLOW PATH,,,,154.00,Feet,South,CLOUDGROVE PT,,,,0.00,N,Not at Intersection,N,Non-Junction,None,,,         ,Nathaniel,Myers,Rain,Angle,no,no,no,no,no,False
102211294,METROPOLITAN NASHVILLE POLICE DEPT,20180956064,Davidson,Nashville,11/14/2018 5:00:00 PM,2,0,0,36.062660,-86.630800,HAMILTON CHURCH RD,,,,0.00,,,HAMILTON CROSSINGS,,,,0.00,Y,Four-Way, ,Intersection,None,,,         ,Nathaniel,Myers,Rain,Angle,no,no,no,no,no,False
102211295,METROPOLITAN NASHVILLE POLICE DEPT,20180956169,Davidson,Antioch,11/14/2018 6:33:00 PM,2,1,0,36.016710,-86.618670,FIRESTONE PKWY,,,,363.00,Feet,East,OLD HICKORY BLVD,,,,0.00,N,Not at Intersection, ,Non-Junction,None,,,         ,Nathaniel,Myers,Rain,"Sideswipe, Same Direction",no,no,no,no,no,False
102211298,VANDERBILT UNIVERSITY POLICE,20180956217,Davidson,Nashville,11/14/2018 6:05:00 PM,1,1,0,36.140080,-86.805150,24TH AVS,,,,0.00,,,PIERCE AV,,,,0.00,Y,T-Intersection,Y,Intersection,None,,,         ,William,West,Rain,Not Collision with Motor Vehicle in Transport,yes,no,no,no,yes,Campus
102211301,METROPOLITAN NASHVILLE POLICE DEPT,20180956020,Davidson,Nashville,11/14/2018 5:00:00 PM,2,0,0,36.215000,-86.590570,LEBANON PKE,,,,622.00,Feet,West,ANDREW JACKSON PKWY,,,,0.00,N,Not at Intersection, ,,None,,,         ,Marvis,Malone,,,no,no,no,no,no,False
102211302,VANDERBILT UNIVERSITY POLICE,20180955789,Davidson,Nashville,11/14/2018 3:00:00 PM,1,1,0,36.142670,-86.806560,HIGHLAND AV,,,,0.00,,,25TH AVS,,,,0.00,Y,T-Intersection,N,Intersection,None,,,         ,Mark,Clear,Rain,Not Collision with Motor Vehicle in Transport,yes,no,no,yes,yes,Campus
102211305,METROPOLITAN NASHVILLE POLICE DEPT,20180956075,Davidson,Nashville,11/14/2018 6:04:00 PM,2,0,0,36.171810,-86.768010,JAMES ROBERTSON PKWY,,,,0.00,,,ELLINGTON PKWY N ENT RAMP,,,,0.00,Y,Y-Intersection, ,Entrance/Exit Ramp Related,None,,,         ,Christopher,Valdez,Rain,"Sideswipe, Same Direction",no,no,no,no,yes,False
102211306,METROPOLITAN NASHVILLE POLICE DEPT,20180956421,Davidson,Nashville,11/14/2018 12:00:00 AM,2,0,0,36.177930,-86.788160,4TH AVN,,,,270.00,Feet,North,MONROE ST,,,,0.00,N,Not at Intersection,N,Non-Junction,None,,,         ,Timothy,Skopek,Rain,Unknown,no,no,no,no,yes,False
102211308,METROPOLITAN NASHVILLE POLICE DEPT,20180956262,Davidson,Nashville,11/14/2018 7:35:00 PM,2,0,0,36.184990,-86.715610,MITCHELL RD,,,,402.00,Feet,North,POTTER LN,,,,0.00,N,Not at Intersection,N,Non-Junction,None,,,         ,Michael,Fitch,Rain,"Sideswipe, Same Direction",no,no,no,no,yes,False
102211312,METROPOLITAN NASHVILLE POLICE DEPT,20180956376,Davidson,Not in City Limit,11/14/2018 7:48:00 PM,2,0,0,36.276710,-86.804960,OLD HICKORY BLVD,,,,511.00,Feet,West,BLEVINS RD,,,,0.00,N,Not at Intersection,N,Non-Junction,None,,,         ,Bradley,Fort,Rain,"Sideswipe, Opposite Direction",no,no,no,no,yes,False
102211313,METROPOLITAN NASHVILLE POLICE DEPT,20180956288,Davidson,Nashville,11/14/2018 5:29:00 PM,2,0,0,36.111630,-86.711230,BRILEY PKWYS,,,,497.00,Feet,West,CURREY RD,,,,0.00,N,Not at Intersection, ,Non-Junction,None,,,         ,Johnathon,Birdwell,Rain,Front to Rear,no,no,no,no,no,False
102211327,METROPOLITAN NASHVILLE POLICE DEPT,20180956135,Davidson,Nashville,11/14/2018 4:15:00 PM,2,0,0,36.164190,-86.688910,BRILEY PKWYN,,,,176.00,Feet,South,BRILEY PKWY N EXT RAMP,,,,0.00,N,Not at Intersection, ,Non-Junction,None,,,         ,Allyson,Reis,Rain,"Sideswipe, Same Direction",no,no,no,no,no,False
102211332,METROPOLITAN NASHVILLE POLICE DEPT,20180956277,Davidson,Nashville,11/14/2018 5:37:00 PM,2,0,0,36.155650,-86.789720,14TH AVS,,,,0.00,,,BROADWAY,,,,0.00,Y,Four-Way, ,Intersection,None,,,         ,Darryl,Williams,Rain,"Sideswipe, Same Direction",no,no,no,no,no,False
102211335,METROPOLITAN NASHVILLE POLICE DEPT,20180955591,Davidson,Nashville,11/14/2018 2:45:00 PM,2,0,0,36.128760,-86.760370,SEMINOLE AV,,,,0.00,Feet,West,CRAIGHEAD ST,,,,0.00,N,Not at Intersection,N,Non-Junction,None,,,         ,Akira,McSwain,Rain,Angle,no,no,no,no,yes,False
102211336,METROPOLITAN NASHVILLE POLICE DEPT,20180955814,Davidson,Nashville,11/14/2018 4:16:00 PM,2,1,0,36.142040,-86.816130,WEST END AV,,,,42.00,Feet,North,32ND AVS,,,,0.00,N,Not at Intersection,N,Non-Junction,None,,,         ,Akira,McSwain,Rain,Angle,no,no,no,no,no,Campus
102211337,METROPOLITAN NASHVILLE POLICE DEPT,20180956051,Davidson,Nashville,11/14/2018 4:06:00 PM,2,0,0,36.152850,-86.802980,21ST AVN,,,,158.00,Feet,North,CHURCH ST,,,,0.00,N,Not at Intersection,N,Non-Junction,None,,,         ,Akira,McSwain,Rain,Angle,no,no,no,no,no,False
102211338,METROPOLITAN NASHVILLE POLICE DEPT,20180956336,Davidson,Nashville,11/14/2018 7:41:00 PM,2,0,0,36.150710,-86.770320,I 40,,,,0.00,,,,,,,210.40,N,Not at Intersection,N,Non-Junction,None,,,         ,Akira,McSwain,Rain,Front to Rear,no,no,no,no,no,False
102211349,METROPOLITAN NASHVILLE POLICE DEPT,20180956525,Davidson,Nashville,11/14/2018 9:00:00 PM,2,0,0,36.213040,-86.775650,I 65,,,,0.00,,,,,,,87.80,N,Not at Intersection, ,Non-Junction,None,,,         ,Joseph,Maeser,Rain,"Sideswipe, Same Direction",no,no,no,no,no,False
102211352,METROPOLITAN NASHVILLE POLICE DEPT,20180956014,Davidson,Nashville,11/14/2018 5:40:00 PM,2,0,0,36.192970,-86.776250,I 65,,,,0.00,,,,,,,86.55,N,Not at Intersection, ,Non-Junction,None,,,         ,Brynn,Cellan,Rain,Front to Rear,no,no,no,no,no,False
102211355,METROPOLITAN NASHVILLE POLICE DEPT,20180956331,Davidson,Nashville,11/14/2018 7:29:00 PM,1,0,0,36.119410,-86.730050,GLENROSE AV,,,,0.00,,,WHITSETT RD,,,,0.00,Y,OTHER, ,Intersection,None,,,         ,Je-Marc,Sears,Rain,Not Collision with Motor Vehicle in Transport,no,no,no,no,no,False
102211365,METROPOLITAN NASHVILLE POLICE DEPT,20180956185,Davidson,Nashville,11/14/2018 5:19:00 PM,2,0,0,36.134920,-86.704780,MASSMAN DR,,,,0.00,,,PATRICIA DR,,,,0.00,Y,Four-Way,N,Intersection,None,,,         ,Dontaveous,Eubanks,Rain,HeadOn,no,no,no,no,no,False
102211367,METROPOLITAN NASHVILLE POLICE DEPT,20180956554,Davidson,Nashville,11/14/2018 7:22:00 PM,2,0,0,36.182570,-86.806560,CEPHAS ST,,,,365.00,Feet,West,COFFEE ST,,,,0.00,N,Not at Intersection,N,Non-Junction,None,,,         ,Janelle,Keslar,Rain,Unknown,no,no,no,no,yes,False
102211369,METROPOLITAN NASHVILLE POLICE DEPT,20180956396,Davidson,Nashville,11/14/2018 8:22:00 PM,2,2,0,36.162230,-86.774360,BROADWAY,,,,0.00,,,1ST AVS,,,,0.00,Y,Four-Way,N,Intersection,None,,,         ,Michael,Douglas,Rain,"Sideswipe, Same Direction",no,no,no,no,no,False
102211370,METROPOLITAN NASHVILLE POLICE DEPT,20180956404,Davidson,Not in City Limit,11/14/2018 7:50:00 PM,2,0,0,36.050240,-86.936780,HIGHWAY 100,,,,1176.00,Feet,East,HARPETH RIV HARPETH BEND GRNWY,,,,0.00,N,Not at Intersection,N,Non-Junction,None,,,         ,Adam,Warren,Rain,Front to Rear,no,no,no,no,no,False
102211372,METROPOLITAN NASHVILLE POLICE DEPT,20180956447,Davidson,Nashville,11/14/2018 6:38:00 PM,2,2,0,36.046020,-86.657930,COLLINS PARK DR,,,,0.00,Feet,,BELL RD,,,,0.00,Y,Four-Way, ,Intersection-Related,None,,,         ,Zachariah,Bush,Rain,Front to Rear,no,no,no,no,yes,False
102211373,METROPOLITAN NASHVILLE POLICE DEPT,20180955962,Davidson,Nashville,11/14/2018 5:21:00 PM,1,0,0,36.231700,-86.618890,SHUTE LN,,,,614.00,Feet,West,MONTCHANIN TER,,,,0.00,N,Not at Intersection,N,Non-Junction,None,,,         ,Craig,Gentry,Rain,Not Collision with Motor Vehicle in Transport,no,no,no,no,no,False