master_record_number,agency,agency_tracking_number,county,city,collision_date,vehicles_involved,number_injured,number_dead,latitude,longitude,roadway_name,roadway_suffix,roadway_number,roadway_local_id,distance_from_reference,miles-feet_indicator,direction_from_reference,intersection_road_name,intersection_road_name_suffix,intersection_road_number,intersection_local_id,mile_marker,intersection_indicator,intersect_type,interchange_related_indicator,relation_to_junction,work_zone_type,construction_maintenance_zone,construction_maintenance_zone_location,fatal_case_number,officer_first_name,officer_last_name,weather_condition(s),manner_of_crash,pedestrian,bicycle,scooter,parking,hitrun,mou
102211377,METROPOLITAN NASHVILLE POLICE DEPT,20180956215,Davidson,Nashville,11/14/2018 6:10:00 PM,2,0,0,36.149110,-86.746960,I 40,,,,0.00,,,,,,,211.80,N,Not at Intersection, ,,None,,,         ,Allyson,Reis,,,no,no,no,no,no,False
102211389,VANDERBILT UNIVERSITY POLICE,20180950490,Davidson,Nashville,11/13/2018 12:35:00 AM,1,0,0,36.141010,-86.796160,18TH AVS,,,,0.00,,,HORTON AV,,,,0.00,Y,OTHER,N,Non-Junction,None,,,         ,Michael,Walker,Rain,Not Collision with Motor Vehicle in Transport,yes,no,no,yes,yes,Campus
102211394,METROPOLITAN NASHVILLE POLICE DEPT,20180956100,Davidson,Nashville,11/14/2018 5:40:00 PM,2,1,0,36.040750,-86.781260,I65 N ENT RAMP,,,,0.00,Feet,East,I 65,,,,0.00,N,Not at Intersection, ,Entrance/Exit Ramp Related,None,,,         ,Brandon,Hughes,Rain,Angle,no,no,no,no,no,False
102211395,METROPOLITAN NASHVILLE POLICE DEPT,20180956546,Davidson,Nashville,11/14/2018 12:00:00 AM,2,0,0,36.158930,-86.829290,T S JACKSON AV,,,,40.00,Feet,North,BATAVIA ST,,,,0.00,N,Not at Intersection,N,Non-Junction,None,,,         ,Russell,Jones,Unknown,Angle,no,no,no,no,yes,False
102211398,METROPOLITAN NASHVILLE POLICE DEPT,20180956245,Davidson,Goodlettsville,11/14/2018 7:28:00 PM,2,1,0,36.285590,-86.728190,I 65,,,,0.00,,,,,,,93.80,N,Not at Intersection,N,Non-Junction,None,,,         ,George,Oden,Rain,"Sideswipe, Same Direction",no,no,no,no,no,False
102211400,METROPOLITAN NASHVILLE POLICE DEPT,20180945795,Davidson,Nashville,11/14/2018 3:18:00 AM,2,2,0,36.152000,-86.792860,DIVISION ST,,,,0.00,,,MUSIC SQW,,,,0.00,Y,Four-Way,N,Intersection,None,,,         ,Dakota,Vermillion,Clear,Angle,no,no,no,no,no,False
102211408,GOODLETTSVILLE POLICE DEPT,18-40206,Davidson,Goodlettsville,11/14/2018 7:39:00 PM,2,1,0,36.308750,-86.704360,RIVERGATE PKWY,,,,0.00,,,I65 S ENT RAMP,,,,0.00,Y,T-Intersection,N,Intersection,None,,,         ,Kenneth,Parks,Rain,Angle,no,no,no,no,no,False
102211414,METROPOLITAN NASHVILLE POLICE DEPT,20180956271,Davidson,Nashville,11/14/2018 7:35:00 PM,2,0,0,36.152140,-86.766960,I 40,,,,0.00,,,,,,,210.55,N,Not at Intersection, ,Non-Junction,None,,,         ,Allyson,Reis,Rain,Angle,no,no,no,no,no,False
102211430,TENNESSEE STATE UNIVERSITY ,18-TSU-64797,Davidson,Nashville,11/14/2018 8:54:00 PM,2,0,0,36.162000,-86.821890,CLARE AV,,,,0.00,Feet,,30TH AVN,,,,0.00,Y,T-Intersection, ,Intersection,None,,,         ,Bruce,Baghai,Rain,Angle,no,no,no,yes,no,False
102211433,METROPOLITAN NASHVILLE POLICE DEPT,20180956697,Davidson,Nashville,11/14/2018 8:30:00 PM,1,0,0,36.127240,-86.700620,GOODBAR DR,,,,0.00,,,THOMPSON PL,,,,0.00,Y,T-Intersection,N,Intersection,None,,,         ,Ralph,Smith IV,Rain,Not Collision with Motor Vehicle in Transport,no,no,no,no,yes,False
102211434,METROPOLITAN NASHVILLE POLICE DEPT,20180956442,Davidson,Nashville,11/14/2018 5:45:00 PM,2,1,0,36.152330,-86.766520,I 40,,,,0.00,,,,,,,210.60,N,Not at Intersection, ,Non-Junction,None,,,         ,Allyson,Reis,Rain,Front to Rear,no,no,no,no,yes,False
102211437,METROPOLITAN NASHVILLE POLICE DEPT,20180956684,Davidson,Not in City Limit,11/14/2018 10:32:00 PM,2,0,0,36.284650,-86.719170,STAR BLVD,,,,0.00,,,,,,,0.00,,,N,Non-Junction,None,,,         ,Ashton,Hill,Rain,Rear to Rear,no,no,no,yes,yes,False
102211438,METROPOLITAN NASHVILLE POLICE DEPT,20180956745,Davidson,Nashville,11/14/2018 11:16:00 PM,2,0,0,36.137980,-86.803270,23RD AVS,,,,37.00,Feet,North,BLAKEMORE AV,,,,0.00,N,Not at Intersection,N,Non-Junction,None,,,         ,Christian,Martin,Cloudy,Front to Rear,no,no,no,yes,no,Campus
102211439,METROPOLITAN NASHVILLE POLICE DEPT,20180956825,Davidson,Nashville,11/14/2018 11:50:00 PM,1,0,0,36.169640,-86.606520,I40 E EXT RAMP,,,,0.00,Feet,East,I 40,,,,0.00,N,Not at Intersection,N,Non-Junction,None,,,         ,Lynsie,Smith,Rain,Not Collision with Motor Vehicle in Transport,no,no,no,no,no,False
102211440,METROPOLITAN NASHVILLE POLICE DEPT,20180956647,Davidson,Nashville,11/14/2018 7:00:00 PM,2,0,0,36.102020,-86.818000,HILLSBORO DR,,,,91.00,Feet,West,HILLSBORO PKE,,,,0.00,N,Not at Intersection,N,Non-Junction,None,,,         ,Brandon,Epps,Rain,Angle,no,no,no,no,yes,False
102211441,METROPOLITAN NASHVILLE POLICE DEPT,20180956781,Davidson,Nashville,11/14/2018 11:08:00 PM,2,1,0,36.134650,-86.825060,WEST END AV,,,,0.00,,,BOWLING AV,,,,0.00,Y,Four-Way,N,Intersection-Related,None,,,         ,Laura,Mullin,Rain,Front to Rear,no,no,no,no,no,False
102211445,METROPOLITAN NASHVILLE POLICE DEPT,20180956811,Davidson,Not in City Limit,11/14/2018 9:35:00 PM,2,0,0,36.272020,-86.700880,FEDDERS DR,,,,68.00,Feet,East,BECKLEA DR,,,,0.00,N,Not at Intersection,N,Non-Junction,None,,,         ,Michael,Reid,Rain,Angle,no,no,no,no,no,False
102211446,METROPOLITAN NASHVILLE POLICE DEPT,20180956975,Davidson,Nashville,11/15/2018 12:51:00 AM,2,0,0,36.087300,-86.648920,MURFREESBORO PKE,,,,159.00,Feet,North,NASHBORO BLVD,,,,0.00,N,Not at Intersection,N,Non-Junction,None,,,         ,Brett,Johns,Rain,Angle,no,no,no,no,yes,False
102211453,METROPOLITAN NASHVILLE POLICE DEPT,20180956764,Davidson,Nashville,11/14/2018 11:25:00 PM,1,0,0,36.192110,-86.780270,I65 S ENT RAMP,,,,0.00,Feet,East,I 65,,,,0.00,N,Not at Intersection,Y,Entrance/Exit Ramp Related,None,,,         ,Christopher,Royer,Rain,Not Collision with Motor Vehicle in Transport,no,no,no,no,no,False
102211454,METROPOLITAN NASHVILLE POLICE DEPT,20180956916,Davidson,Nashville,11/15/2018 12:31:00 AM,1,0,0,36.192550,-86.778380,I 65,,,,0.00,,,,,,,86.40,N,Not at Intersection,N,Entrance/Exit Ramp Related,None,,,         ,Christopher,Royer,Rain,Not Collision with Motor Vehicle in Transport,no,no,no,no,no,False
102211455,METROPOLITAN NASHVILLE POLICE DEPT,20180956561,Davidson,Nashville,11/14/2018 7:50:00 PM,1,0,0,36.171360,-86.790170,ROSA L PARKS BLVD,,,,0.00,Feet,East,LOCKLAYER ST,,,,0.00,N,Not at Intersection,N,Non-Junction,None,,,         ,Nicholas,MacDougall,Rain,Not Collision with Motor Vehicle in Transport,no,no,no,no,no,False
102211462,METROPOLITAN NASHVILLE POLICE DEPT,20180955886,Davidson,Madison,11/14/2018 4:13:00 PM,1,1,0,36.260050,-86.752700,VILLAGE HILLS PVTDR,,,,271.00,Feet,North,KEMPER DRS,,,,0.00,N,Not at Intersection,N,Non-Junction,None,,,         ,Bradley,Campbell,Rain,Not Collision with Motor Vehicle in Transport,no,no,no,yes,yes,False
102211463,METROPOLITAN NASHVILLE POLICE DEPT,20180957100,Davidson,Not in City Limit,11/15/2018 1:45:00 AM,1,0,0,36.264220,-86.735500,OLD HICKORY BLVDW,,,,92.00,Feet,West,I65 N EXT RAMP,,,,0.00,N,Not at Intersection, ,Non-Junction,None,,,         ,Rudy,Basaldua,Cloudy,Not Collision with Motor Vehicle in Transport,no,no,no,no,no,False
102211481,METROPOLITAN NASHVILLE POLICE DEPT,20180957253,Davidson,Nashville,11/15/2018 3:00:00 AM,2,0,0,36.176960,-86.751430,WOODLAND ST,,,,0.00,Feet,,S 10TH ST,,,,0.00,Y,Four-Way, ,Intersection,None,,,         ,Joshua,Whitworth,Rain,Angle,no,no,no,no,no,False
102211510,METROPOLITAN NASHVILLE POLICE DEPT,20180957535,Davidson,Nashville,11/15/2018 4:50:00 AM,1,1,0,36.249580,-86.686580,NEELYS BEND RD,,,,0.00,,,LARKIN SPRINGS RD,,,,0.00,Y,T-Intersection,Y,Intersection,None,,,         ,Reuben,Hewit,Clear,Not Collision with Motor Vehicle in Transport,no,no,no,no,no,False
102211517,METROPOLITAN NASHVILLE POLICE DEPT,20180957680,Davidson,Nashville,11/15/2018 5:48:00 AM,1,1,0,36.105040,-86.628640,BELL RD,,,,858.00,Feet,South,NED SHELTON RD,,,,0.00,N,Not at Intersection,N,Non-Junction,None,,,         ,Jacob,West,Clear,Not Collision with Motor Vehicle in Transport,no,no,no,no,no,False
102211518,METROPOLITAN NASHVILLE POLICE DEPT,20180957625,Davidson,Nashville,11/15/2018 12:00:00 AM,1,0,0,36.206310,-86.774040,W TRINITY LN,,,,167.00,Feet,West,I65 N EXT RAMP,,,,0.00,N,Not at Intersection,N,Non-Junction,None,,,         ,Edward,Holden,Rain,Not Collision with Motor Vehicle in Transport,no,no,no,no,yes,False
102211546,METROPOLITAN NASHVILLE POLICE DEPT,20180957723,Davidson,Nashville,11/15/2018 6:05:00 AM,2,0,0,36.135930,-86.804170,ACKLEN AV,,,,331.00,Feet,East,24TH AVS,,,,0.00,N,Not at Intersection, ,,None,,,         ,Courtney,Hester,,,no,no,no,no,no,Campus
102211550,METROPOLITAN NASHVILLE POLICE DEPT,20180957693,Davidson,Nashville,11/15/2018 5:55:00 AM,2,0,0,36.198720,-86.776430,I 65,,,,0.00,,,,,,,86.80,N,Not at Intersection,N,Non-Junction,None,,,         ,Nicholas,MacDougall,Cloudy,Front to Rear,no,no,no,no,no,False
102211567,METROPOLITAN NASHVILLE POLICE DEPT,20180957655,Davidson,Nashville,11/15/2018 5:43:00 AM,2,0,0,36.096460,-86.656090,OLD MURFREESBORO PIKE,,,,0.00,Feet,,SMITH SPRINGS RD,,,,0.00,Y,Four-Way, ,Non-Junction,None,,,         ,Maccio,Hightower,Rain,"Sideswipe, Same Direction",no,no,no,no,no,False
102211591,METROPOLITAN NASHVILLE POLICE DEPT,20180955377,Davidson,Nashville,11/14/2018 1:00:00 PM,4,1,0,36.155830,-86.809370,CHARLOTTE AV,,,,114.00,Feet,East,23RD AVN,,,,0.00,N,Not at Intersection,N,Non-Junction,None,,,         ,Fabjan,Llukaj,Rain,Front to Rear,no,no,no,no,no,False
102211595,METROPOLITAN NASHVILLE POLICE DEPT,20180957804,Davidson,Nashville,11/15/2018 6:40:00 AM,2,0,0,36.241150,-86.756010,BRILEY PKWYE,,,,180.00,Feet,West,I65 S EXT RAMP,,,,0.00,N,Not at Intersection,N,Non-Junction,None,,,         ,William,Monaghan,Cloudy,Angle,no,no,no,no,yes,False
102211606,METROPOLITAN NASHVILLE POLICE DEPT,20180957876,Davidson,Nashville,11/15/2018 7:20:00 AM,2,0,0,36.045370,-86.713260,NOLENSVILLE PKE,,,,0.00,,,OLD HICKORY BLVD,,,,0.00,Y,Four-Way,N,Intersection-Related,None,,,         ,Alberta,Auguste,Cloudy,Front to Rear,no,no,no,no,no,False
102211608,METROPOLITAN NASHVILLE POLICE DEPT,20180957906,Davidson,Nashville,11/15/2018 7:25:00 AM,2,0,0,36.234800,-86.724270,BRILEY PKWYE,,,,0.00,,,BRILEY PKWY E EXT RAMP,,,,0.00,Y,OTHER, ,,None,,,         ,Eric,Knight,,,no,no,no,no,no,False
102211613,METROPOLITAN NASHVILLE POLICE DEPT,20180957818,Davidson,Nashville,11/15/2018 6:20:00 AM,2,0,0,36.154490,-86.631510,I 40,,,,0.00,,,,,,,218.80,N,Not at Intersection,N,Non-Junction,None,,,         ,Zachary,Scott,Rain,Front to Rear,no,no,no,no,no,False
102211615,METROPOLITAN NASHVILLE POLICE DEPT,20180958022,Davidson,Nashville,11/15/2018 8:10:00 AM,2,0,0,36.136270,-86.783690,HILLSIDE AV,,,,0.00,,,WADE AV,,,,0.00,Y,T-Intersection, ,Intersection,None,,,         ,Phillip,Murphy,Cloudy,"Sideswipe, Same Direction",no,no,no,no,no,False
102211628,METROPOLITAN NASHVILLE POLICE DEPT,20180957927,Davidson,Nashville,11/15/2018 7:25:00 AM,2,0,0,36.147020,-86.691710,MARRIOTT DR,,,,989.00,Feet,North,ERMAC DR,,,,0.00,N,Not at Intersection, ,,None,,,         ,Ralph,Harvey,,,no,no,no,no,no,False
102211644,METROPOLITAN NASHVILLE POLICE DEPT,20180957796,Davidson,Nashville,11/15/2018 6:44:00 AM,2,0,0,36.049680,-86.646430,BELL FORGE LNE,,,,410.00,Feet,South,BELL RD,,,,0.00,N,Not at Intersection, ,Non-Junction,None,,,         ,Jessie,Meadows,Rain,"Sideswipe, Same Direction",no,no,no,no,no,False
102211645,METROPOLITAN NASHVILLE POLICE DEPT,20180957851,Davidson,Nashville,11/15/2018 12:00:00 AM,2,0,0,36.094500,-86.657670,FORGE RIDGE CIR,,,,214.00,Feet,West,FORGE RIDGE CT,,,,0.00,N,Not at Intersection,N,Non-Junction,None,,,         ,Jessie,Meadows,Unknown,"Sideswipe, Opposite Direction",no,no,no,no,yes,False
102211650,METROPOLITAN NASHVILLE POLICE DEPT,20180958071,Davidson,Nashville,11/15/2018 8:00:00 AM,2,0,0,36.068590,-86.623730,OWENDALE DR,,,,0.00,,,KINWOOD DR,,,,0.00,Y,T-Intersection,Y,Intersection,None,,,         ,Joseph,Simon,Clear,Angle,no,no,no,no,no,False
102211652,METROPOLITAN NASHVILLE POLICE DEPT,20180957988,Davidson,Nashville,11/15/2018 7:33:00 AM,2,0,0,36.114670,-86.647240,COUCHVILLE PKE,,,,4.00,Feet,East,REYNOLDS RD,,,,0.00,N,Not at Intersection, ,Non-Junction,None,,,         ,Carey,Steel,Clear,"Sideswipe, Same Direction",no,no,no,no,yes,False
102211654,METROPOLITAN NASHVILLE POLICE DEPT,20180958093,Davidson,Nashville,11/15/2018 7:49:00 AM,3,0,0,36.135740,-86.726890,I24E,,,,349.00,Feet,South,I24 W ENT RAMP,,,,0.00,N,Not at Intersection,Y,Entrance/Exit Ramp Related,None,,,         ,Michael,Brooks,Cloudy,Front to Rear,no,no,no,no,no,False
102211655,METROPOLITAN NASHVILLE POLICE DEPT,20180957948,Davidson,Nashville,11/15/2018 7:47:00 AM,3,0,0,36.219010,-86.804050,WHITES CREEK PKE,,,,352.00,Feet,North,MOORMANS ARM RD,,,,0.00,N,Not at Intersection,N,Non-Junction,None,,,         ,Wesley,Young,Cloudy,Front to Rear,no,no,no,no,no,False
102211659,METROPOLITAN NASHVILLE POLICE DEPT,20180955367,Davidson,Nashville,11/14/2018 10:44:00 AM,2,0,0,36.162380,-86.778080,4TH AVN,,,,0.00,,,COMMERCE ST,,,,0.00,Y,OTHER, ,"Driveway, Alley Access, etc",None,,,         ,Byron,Carter,Cloudy,Rear to Side,no,no,no,no,no,False
102211661,METROPOLITAN NASHVILLE POLICE DEPT,20180958179,Davidson,Nashville,11/15/2018 9:09:00 AM,2,0,0,36.176920,-86.774760,SPRING ST,,,,54.00,Feet,West,N 1ST ST,,,,0.00,N,Not at Intersection, ,Non-Junction,None,,,         ,Kyle,Eicholtz,Cloudy,"Sideswipe, Same Direction",no,no,no,no,no,False
102211664,METROPOLITAN NASHVILLE POLICE DEPT,20180958122,Davidson,Nashville,11/15/2018 8:40:00 AM,3,0,0,36.197160,-86.776190,I 65,,,,0.00,,,,,,,86.70,N,Not at Intersection,N,Non-Junction,None,,,         ,Fabjan,Llukaj,Clear,Front to Rear,no,no,no,no,no,False
102211673,METROPOLITAN NASHVILLE POLICE DEPT,20180958207,Davidson,Nashville,11/15/2018 9:20:00 AM,2,0,0,36.168610,-86.690210,BRILEY PKWY S EXT RAMP,,,,0.00,,,BRILEY PKWY S ENT RAMP,,,,0.00,Y,T-Intersection, ,,None,,,         ,Tyler,Geiger,,,no,no,no,no,no,False
102211675,METROPOLITAN NASHVILLE POLICE DEPT,20180958225,Davidson,Nashville,11/15/2018 8:55:00 AM,2,0,0,36.168470,-86.687530,LEBANON PKE,,,,128.00,Feet,East,BRILEY PKWY N ENT RAMP,,,,0.00,N,Not at Intersection,N,Entrance/Exit Ramp Related,None,,,         ,Lee,Davis,Cloudy,"Sideswipe, Same Direction",no,no,no,no,yes,False
102211676,METROPOLITAN NASHVILLE POLICE DEPT,20180957965,Davidson,Nashville,11/15/2018 7:54:00 AM,3,0,0,36.070630,-86.690360,I 24,,,,0.00,,,,,,,56.90,N,Not at Intersection,N,Non-Junction,None,,,         ,Jessie,Meadows,Rain,"Sideswipe, Same Direction",no,no,no,no,yes,False
102211677,METROPOLITAN NASHVILLE POLICE DEPT,20180958082,Davidson,Nashville,11/15/2018 12:00:00 AM,2,0,0,36.072710,-86.710190,FAULKNER DR,,,,423.00,Feet,South,LEOPOLE RD,,,,0.00,N,Not at Intersection,N,Non-Junction,None,,,         ,Jessie,Meadows,Rain,"Sideswipe, Same Direction",no,no,no,no,yes,False
102211681,METROPOLITAN NASHVILLE POLICE DEPT,20180958081,Davidson,Nashville,11/15/2018 8:30:00 AM,2,0,0,36.154950,-86.779240,8TH AVS,,,,0.00,,,KOREAN VETERANS BLVD,,,,0.00,Y,Roundabout,N,Intersection,None,,,         ,Destiny,Zunic,Cloudy,Angle,no,no,no,no,yes,False
102211695,METROPOLITAN NASHVILLE POLICE DEPT,20180958142,Davidson,Nashville,11/15/2018 8:25:00 AM,2,0,0,36.173590,-86.602150,OLD HICKORY BLVD,,,,0.00,,,CENTRAL PKE,,,,0.00,Y,Four-Way,N,Intersection,None,,,         ,Thomas,Odom,Clear,Angle,no,no,no,no,no,False
102211696,METROPOLITAN NASHVILLE POLICE DEPT,20180958150,Davidson,Nashville,11/15/2018 9:02:00 AM,2,0,0,36.173110,-86.602030,OLD HICKORY BLVD,,,,181.00,Feet,South,CENTRAL PKE,,,,0.00,N,Not at Intersection, ,Non-Junction,None,,,         ,Thomas,Odom,Clear,Angle,no,no,no,no,no,False
102211697,METROPOLITAN NASHVILLE POLICE DEPT,20180958161,Davidson,Nashville,11/15/2018 8:37:00 AM,2,0,0,36.177580,-86.605050,I40 E EXT RAMP,,,,131.00,Feet,South,OLD HICKORY BLVD,,,,0.00,N,Not at Intersection, ,Non-Junction,None,,,         ,Thomas,Odom,Cloudy,"Sideswipe, Same Direction",no,no,no,no,no,False
102211706,METROPOLITAN NASHVILLE POLICE DEPT,20180958187,Davidson,Nashville,11/15/2018 9:15:00 AM,2,1,0,36.154510,-86.779620,8TH AVS,,,,0.00,,,PALMER PL,,,,0.00,Y,Roundabout, ,Intersection,None,,,         ,Destiny,Zunic,Cloudy,Angle,no,no,no,no,no,False
102211707,METROPOLITAN NASHVILLE POLICE DEPT,20180958078,Davidson,Madison,11/15/2018 8:30:00 AM,3,0,0,36.264110,-86.724650,OLD HICKORY BLVDW,,,,137.00,Feet,West,HERITAGE DR,,,,0.00,N,Not at Intersection, ,Non-Junction,None,,,         ,Jeremy,Stricklin,Cloudy,Front to Rear,no,no,no,no,no,False
102211714,METROPOLITAN NASHVILLE POLICE DEPT,20180958373,Davidson,Nashville,11/15/2018 12:00:00 AM,2,0,0,36.149100,-86.761090,CLAIBORNE ST,,,,259.00,Feet,North,LAFAYETTE ST,,,,0.00,N,Not at Intersection,N,Non-Junction,None,,,         ,Ralph,Harvey,Unknown,Unknown,no,no,no,no,yes,False
102211726,METROPOLITAN NASHVILLE POLICE DEPT,20180958326,Davidson,Nashville,11/15/2018 10:19:00 AM,2,1,0,36.155650,-86.789720,BROADWAY,,,,0.00,,,14TH AVS,,,,0.00,Y,Four-Way,N,Intersection,None,,,         ,Jon,Mcvey,Cloudy,Angle,no,no,no,no,no,False
102211728,METROPOLITAN NASHVILLE POLICE DEPT,20180958429,Davidson,Nashville,11/14/2018 12:00:00 AM,1,0,0,36.077130,-86.734230,HARDING PL,,,,0.00,,,OVERCREST DR,,,,0.00,Y,T-Intersection,N,Intersection-Related,None,,,         ,Samuel,Miller,Cloudy,Not Collision with Motor Vehicle in Transport,no,no,no,no,yes,False
102211756,METROPOLITAN NASHVILLE POLICE DEPT,20180958554,Davidson,Nashville,11/15/2018 11:38:00 AM,2,0,0,36.187990,-86.821560,CLARKSVILLE PKE,,,,0.00,,,ROSA L PARKS BLVD,,,,0.00,Y,Four-Way,N,Intersection,None,,,         ,Wesley,Young,Cloudy,Front to Rear,no,no,no,no,yes,False
102211784,METROPOLITAN NASHVILLE POLICE DEPT,20180958485,Davidson,Nashville,11/15/2018 11:10:00 AM,2,0,0,36.183260,-86.693800,BRILEY PKWYN,,,,353.00,Feet,North,BRILEY PKWYS,,,,0.00,N,Not at Intersection, ,Non-Junction,None,,,         ,Ralph,Harvey,Cloudy,Other,no,no,no,no,no,False
102211790,METROPOLITAN NASHVILLE POLICE DEPT,20180958646,Davidson,Nashville,11/15/2018 12:10:00 PM,2,0,0,36.121740,-86.775580,FRANKLIN PKE,,,,140.00,Feet,North,KIRKWOOD AV,,,,0.00,N,Not at Intersection, ,Non-Junction,None,,,         ,Jon,Mcvey,Cloudy,Front to Rear,no,no,no,no,no,False
102211799,METROPOLITAN NASHVILLE POLICE DEPT,20180957957,Davidson,Nashville,11/15/2018 7:47:00 AM,3,1,0,36.206200,-86.772560,W TRINITY LN,,,,271.00,Feet,East,I65 N ENT RAMP,,,,0.00,N,Not at Intersection,N,Non-Junction,None,,,         ,Russell,Freeman,Cloudy,Front to Rear,no,no,no,no,yes,False
102211800,METROPOLITAN NASHVILLE POLICE DEPT,20180958139,Davidson,Nashville,11/15/2018 8:45:00 AM,1,0,0,36.215580,-86.714960,MCALPINE AV,,,,143.00,Feet,West,MURRAY PL,,,,0.00,N,Not at Intersection,N,Non-Junction,None,,,         ,Russell,Freeman,Cloudy,Not Collision with Motor Vehicle in Transport,no,no,no,no,no,False
102211811,METROPOLITAN NASHVILLE POLICE DEPT,20180958626,Davidson,Nashville,11/15/2018 12:00:00 PM,2,0,0,36.157590,-86.801430,19TH AVN,,,,0.00,,,CHARLOTTE AV,,,,0.00,Y,Four-Way, ,Non-Junction,None,,,         ,Jonathon,Sheppard,Clear,"Sideswipe, Opposite Direction",no,no,no,no,no,False
102211813,METROPOLITAN NASHVILLE POLICE DEPT,20180958750,Davidson,Nashville,11/15/2018 12:45:00 PM,2,0,0,36.111020,-86.753680,THOMPSON LN,,,,53.00,Feet,West,FOSTER CREIGHTON DR,,,,0.00,N,Not at Intersection,N,Non-Junction,None,,,         ,Justin,Pinkelton,Cloudy,Front to Rear,no,no,no,no,yes,False
102211814,METROPOLITAN NASHVILLE POLICE DEPT,20180958767,Davidson,Nashville,11/15/2018 12:52:00 PM,2,0,0,36.190490,-86.777450,I 24,,,,0.00,,,I 65,,,,0.00,Y,Y-Intersection, ,,None,,,         ,Kyle,Eicholtz,,,no,no,no,no,no,False
102211815,METROPOLITAN NASHVILLE POLICE DEPT,20180958393,Davidson,Nashville,11/15/2018 10:38:00 AM,2,0,0,36.109390,-86.727790,BRILEY PKWYN,,,,78.00,Feet,East,BRILEY PKWYS,,,,0.00,N,Not at Intersection,N,Non-Junction,None,,,         ,Jessie,Meadows,Cloudy,Front to Rear,no,no,no,no,yes,False
102211816,METROPOLITAN NASHVILLE POLICE DEPT,20180958470,Davidson,Nashville,11/15/2018 11:01:00 AM,2,1,0,36.109710,-86.730870,THOMPSON LN,,,,65.00,Feet,East,MASHBURN RD,,,,0.00,N,Not at Intersection,N,Non-Junction,None,,,         ,Jessie,Meadows,Cloudy,Front to Rear,no,no,no,no,yes,False
102211849,METROPOLITAN NASHVILLE POLICE DEPT,20180958806,Davidson,Nashville,11/15/2018 1:08:00 PM,2,0,0,36.120190,-86.792760,CEDAR LN,,,,588.00,Feet,West,12TH AVS,,,,0.00,N,Not at Intersection, ,Non-Junction,None,,,         ,John,Chambers,Cloudy,"Sideswipe, Same Direction",no,no,no,no,no,False
102211853,METROPOLITAN NASHVILLE POLICE DEPT,20180958550,Davidson,Nashville,11/15/2018 11:27:00 AM,2,0,0,36.165580,-86.602710,MILLS RD,,,,170.00,Feet,North,BELL RD,,,,0.00,N,Not at Intersection,N,Non-Junction,None,,,         ,Thomas,Odom,Cloudy,Front to Rear,no,no,no,no,yes,False
102211858,METROPOLITAN NASHVILLE POLICE DEPT,20180955402,Davidson,Nashville,11/14/2018 1:00:00 PM,2,1,0,36.164140,-86.768768,KOREAN VETERANS BRIDGE,,,,100.00,Miles,East,,,,,250.00,N,Not at Intersection,N,Non-Junction,None,,,         ,Gregory,Julia,Rain,"Sideswipe, Same Direction",no,no,no,no,no,False
102211866,METROPOLITAN NASHVILLE POLICE DEPT,20180958891,Davidson,Nashville,11/15/2018 1:38:00 PM,2,0,0,36.153930,-86.857490,URBANDALE AV,,,,0.00,,,BRILEY PKWYN,,,,0.00,Y,Four-Way,N,Intersection,None,,,         ,Curtis,Rich,Cloudy,Front to Rear,no,no,no,no,no,False
102211879,METROPOLITAN NASHVILLE POLICE DEPT,20180958928,Davidson,Nashville,11/15/2018 1:55:00 PM,2,1,0,36.180070,-86.811040,DR D B TODD JR BLVD,,,,0.00,,,BUCHANAN ST,,,,0.00,Y,Four-Way,N,Intersection,None,,,         ,Wesley,Young,Cloudy,Front to Rear,no,no,no,no,no,False
102211889,METROPOLITAN NASHVILLE POLICE DEPT,20180958840,Davidson,Nashville,11/15/2018 1:01:00 PM,2,0,0,36.133950,-86.722610,PLUS PARK BLVD,,,,29.00,Feet,South,MURFREESBORO PKE,,,,0.00,N,Not at Intersection,N,Non-Junction,None,,,         ,Jason,Milyaro Lucas,Clear,"Sideswipe, Same Direction",no,no,no,no,no,False
102211890,METROPOLITAN NASHVILLE POLICE DEPT,20180958258,Davidson,Madison,11/15/2018 9:50:00 AM,2,0,0,36.264070,-86.690290,STATE RT 45,,,,0.00,,,MYATT DR,,,,0.00,Y,Four-Way, ,,None,,,         ,Timothy,Kearney,,,no,no,no,no,no,False
102211938,METROPOLITAN NASHVILLE POLICE DEPT,20180958561,Davidson,Nashville,11/12/2018 7:06:00 PM,1,0,0,36.046030,-86.675710,BELL RD,,,,416.00,Feet,West,BLUE HOLE RD,,,,0.00,N,Not at Intersection,N,Non-Junction,None,,,         ,Jessie,Meadows,Clear,Not Collision with Motor Vehicle in Transport,no,no,no,yes,yes,False
102211967,METROPOLITAN NASHVILLE POLICE DEPT,20180958498,Davidson,Nashville,11/15/2018 11:07:00 AM,2,0,0,36.130450,-86.727190,I24E,,,,163.00,Feet,North,I24 W ENT RAMP,,,,0.00,N,Not at Intersection,N,Non-Junction,None,,,         ,Jerre,Fly,Cloudy,Front to Rear,no,no,no,no,no,False