master_record_number,agency,agency_tracking_number,county,city,collision_date,vehicles_involved,number_injured,number_dead,latitude,longitude,roadway_name,roadway_suffix,roadway_number,roadway_local_id,distance_from_reference,miles-feet_indicator,direction_from_reference,intersection_road_name,intersection_road_name_suffix,intersection_road_number,intersection_local_id,mile_marker,intersection_indicator,intersect_type,interchange_related_indicator,relation_to_junction,work_zone_type,construction_maintenance_zone,construction_maintenance_zone_location,fatal_case_number,officer_first_name,officer_last_name,weather_condition(s),manner_of_crash,pedestrian,bicycle,scooter,parking,hitrun,mou
102218777,METROPOLITAN NASHVILLE POLICE DEPT,20180975461,Davidson,Nashville,11/21/2018 11:15:00 AM,1,1,0,36.149890,-86.871550,I 40,,,,0.00,,,,,,,203.15,N,Not at Intersection,N,Non-Junction,None,,,         ,George,Spencer,Clear,Not Collision with Motor Vehicle in Transport,no,no,no,no,no,False
102218812,METROPOLITAN NASHVILLE POLICE DEPT,20180975322,Davidson,Nashville,11/21/2018 10:05:00 AM,2,0,0,36.103830,-86.715140,I 24,,,,0.00,,,,,,,54.25,N,Not at Intersection,N,Non-Junction,None,,,         ,Jessie,Meadows,Clear,"Sideswipe, Same Direction",no,no,no,no,yes,False
102218816,METROPOLITAN NASHVILLE POLICE DEPT,20180975580,Davidson,Nashville,11/21/2018 12:20:00 PM,2,0,0,36.111620,-86.792580,WOODMONT BLVD,,,,0.00,,,GRANNY WHITE PKE,,,,0.00,Y,Four-Way, ,,None,,,         ,Justin,Pinkelton,,,no,no,no,no,no,False
102218818,METROPOLITAN NASHVILLE POLICE DEPT,20180975334,Davidson,Nashville,11/21/2018 10:11:00 AM,2,1,0,36.231600,-86.781520,EWING DR,,,,0.00,,,BRICK CHURCH PKE,,,,0.00,Y,Four-Way,N,Intersection,None,,,         ,Cyretha,Frazier,Clear,Angle,no,no,no,no,yes,False
102218831,METROPOLITAN NASHVILLE POLICE DEPT,20180975121,Davidson,Nashville,11/21/2018 8:17:00 AM,2,0,0,36.181340,-86.749650,MANSFIELD ST,,,,69.00,Feet,West,GALLATIN AV,,,,0.00,N,Not at Intersection,N,Non-Junction,None,,,         ,Faye,Denson,Clear,Angle,no,no,no,no,no,False
102218862,METROPOLITAN NASHVILLE POLICE DEPT,20180975542,Davidson,Nashville,11/21/2018 12:03:00 PM,2,4,0,36.086530,-86.691520,ANTIOCH PKE,,,,383.00,Feet,South,HARDING PL,,,,0.00,N,Not at Intersection,N,Non-Junction,None,,,         ,Jessie,Meadows,Clear,Angle,no,no,no,no,no,False
102218864,METROPOLITAN NASHVILLE POLICE DEPT,20180975595,Davidson,Nashville,11/21/2018 12:30:00 PM,2,1,0,36.101560,-86.818060,HILLSBORO PKE,,,,139.00,Feet,South,HILLSBORO DR,,,,0.00,N,Not at Intersection,N,Non-Junction,None,,,         ,Justin,Pinkelton,Clear,Angle,no,no,no,no,yes,False
102218877,METROPOLITAN NASHVILLE POLICE DEPT,20180975684,Davidson,Nashville,11/21/2018 1:17:00 PM,2,0,0,36.149930,-86.765710,LAFAYETTE ST,,,,0.00,,,UNIVERSITY CT,,,,0.00,Y,Four-Way,N,Intersection-Related,None,,,         ,Tien,Nguyen,Clear,"Sideswipe, Same Direction",no,no,no,no,yes,False
102218878,METROPOLITAN NASHVILLE POLICE DEPT,20180975551,Davidson,Nashville,11/21/2018 11:25:00 AM,2,0,0,36.136920,-86.746740,FESSLERS LN,,,,0.00,,,WOODYCREST AV,,,,0.00,Y,T-Intersection, ,Intersection,None,,,         ,Todd,Watson,Clear,Angle,no,no,no,no,no,False
102218899,METROPOLITAN NASHVILLE POLICE DEPT,20180975589,Davidson,Nashville,11/21/2018 12:15:00 PM,2,0,0,36.152810,-86.824260,CHARLOTTE AV,,,,21.00,Feet,West,33RD AVN,,,,0.00,N,Not at Intersection, ,Non-Junction,None,,,         ,Jack,Crouch,Clear,Front to Rear,no,no,no,no,no,False
102218933,METROPOLITAN NASHVILLE POLICE DEPT,20180975566,Davidson,Nashville,11/21/2018 11:54:00 AM,2,0,0,36.191880,-86.783140,I 65,,,,0.00,,,,,,,86.15,N,Not at Intersection,N,Non-Junction,None,,,         ,Byron,Carter,Clear,"Sideswipe, Same Direction",no,no,no,no,no,False
102219013,METROPOLITAN NASHVILLE POLICE DEPT,20180975708,Davidson,Nashville,11/21/2018 1:33:00 PM,1,1,0,36.164790,-86.784370,CHARLOTTE AV,,,,0.00,,,7TH AVN,,,,0.00,Y,Four-Way,N,Intersection,None,,,         ,Kyle,Eicholtz,Clear,Not Collision with Motor Vehicle in Transport,yes,no,no,no,no,False
102219023,METROPOLITAN NASHVILLE POLICE DEPT,20180975725,Davidson,Nashville,11/21/2018 1:30:00 PM,2,0,0,36.171060,-86.798290,I 40,,,,0.00,,,,,,,207.95,N,Not at Intersection, ,Non-Junction,None,,,         ,Jonathon,Sheppard,Clear,"Sideswipe, Same Direction",no,no,no,no,yes,False
102219028,METROPOLITAN NASHVILLE POLICE DEPT,20180975735,Davidson,Nashville,11/21/2018 1:16:00 PM,2,0,0,36.157370,-86.802490,CHARLOTTE AV,,,,68.00,Feet,East,JO JOHNSTON AV,,,,0.00,N,Not at Intersection,N,Non-Junction,None,,,         ,Alberta,Auguste,Clear,Front to Rear,no,no,no,no,no,False
102219040,METROPOLITAN NASHVILLE POLICE DEPT,20180975592,Davidson,Nashville,11/21/2018 12:18:00 PM,2,0,0,36.075400,-86.742430,WAUFORD DR,,,,151.00,Feet,East,ARDEN DR,,,,0.00,N,Not at Intersection, ,Non-Junction,None,,,         ,Jon,Mcvey,Clear,Rear to Rear,no,no,no,no,no,False
102219044,METROPOLITAN NASHVILLE POLICE DEPT,20180975671,Davidson,Nashville,11/21/2018 12:28:00 PM,1,1,0,36.028170,-86.744010,EDMONDSON PKE,,,,461.00,Feet,South,CLOVERLAND DR,,,,0.00,N,Not at Intersection,N,Non-Junction,None,,,         ,Jon,Mcvey,Clear,Not Collision with Motor Vehicle in Transport,no,no,no,no,no,False
102219049,METROPOLITAN NASHVILLE POLICE DEPT,20180975790,Davidson,Nashville,11/21/2018 2:24:00 PM,2,0,0,36.135800,-86.725040,I24 W EXT RAMP,,,,0.00,,,SPENCE LN,,,,0.00,Y,Four-Way, ,Entrance/Exit Ramp Related,None,,,         ,Tien,Nguyen,Clear,"Sideswipe, Same Direction",no,no,no,no,no,False
102219050,METROPOLITAN NASHVILLE POLICE DEPT,20180975691,Davidson,Goodlettsville,11/21/2018 1:11:00 PM,2,0,0,36.295430,-86.716410,I 65,,,,0.00,,,,,,,94.75,N,Not at Intersection,N,Non-Junction,None,,,         ,Cyretha,Frazier,Clear,Front to Rear,no,no,no,no,yes,False
102219052,METROPOLITAN NASHVILLE POLICE DEPT,20180975642,Davidson,Nashville,11/21/2018 12:45:00 PM,2,0,0,36.109510,-86.728360,THOMPSON LN,,,,97.00,Feet,West,BRILEY PKWYN,,,,0.00,N,Not at Intersection, ,Non-Junction,None,,,         ,James,Thomas,Clear,Front to Rear,no,no,no,no,no,False
102219062,METROPOLITAN NASHVILLE POLICE DEPT,20180975650,Davidson,Nashville,11/21/2018 12:50:00 PM,3,0,0,36.195700,-86.775560,I 65,,,,0.00,,,,,,,86.60,N,Not at Intersection, ,Non-Junction,None,,,         ,Michael,Agee,Clear,Front to Rear,no,no,no,no,no,False
102219107,METROPOLITAN NASHVILLE POLICE DEPT,20180975715,Davidson,Nashville,11/21/2018 1:35:00 PM,4,1,0,36.082100,-86.761700,HARDING PL,,,,0.00,,,SIDCO DR,,,,0.00,Y,Four-Way,Y,Intersection,None,,,         ,Justin,Pinkelton,Clear,HeadOn,no,no,no,no,no,False
102219137,METROPOLITAN NASHVILLE POLICE DEPT,20180975802,Davidson,Nashville,11/21/2018 2:35:00 PM,2,0,0,36.050700,-86.668010,I 24,,,,0.00,,,,,,,58.80,N,Not at Intersection,N,Non-Junction,None,,,         ,Brandon,Evans,Clear,Front to Rear,no,no,no,no,yes,False
102219149,METROPOLITAN NASHVILLE POLICE DEPT,20180975394,Davidson,Not in City Limit,11/21/2018 8:02:00 AM,2,0,0,36.321400,-86.855600,I 24,,,,0.00,,,,,,,35.70,N,Not at Intersection,N,Non-Junction,None,,,         ,William,Coy,Clear,Front to Rear,no,no,no,no,no,False
102219152,GOODLETTSVILLE POLICE DEPT,18-41106,Davidson,Goodlettsville,11/21/2018 2:11:00 PM,2,0,0,36.312140,-86.675119,VIETNAM VETERANS,BLVD,SR386,,75.00,Feet,East,,,,,2.20,N,Not at Intersection,N,Non-Junction,None,,,         ,Jeremy,Baker,Clear,Front to Rear,no,no,no,no,no,False
102219156,METROPOLITAN NASHVILLE POLICE DEPT,20180975722,Davidson,Nashville,11/21/2018 1:35:00 PM,2,0,0,36.037900,-86.647000,I 24,,,,0.00,,,,,,,60.25,N,Not at Intersection, ,Non-Junction,None,,,         ,Jessie,Meadows,Clear,Front to Rear,no,no,no,no,no,False
102219189,METROPOLITAN NASHVILLE POLICE DEPT,20180975800,Davidson,Nashville,11/21/2018 2:38:00 PM,2,0,0,36.061280,-86.680930,I 24,,,,0.00,,,,,,,57.75,N,Not at Intersection,N,Non-Junction,None,,,         ,Jessie,Meadows,Clear,Front to Rear,no,no,no,no,no,False
102219190,METROPOLITAN NASHVILLE POLICE DEPT,20180975877,Davidson,Nashville,11/21/2018 3:10:00 PM,1,0,0,36.205170,-86.710130,COOPER LN,,,,293.00,Feet,South,DEMARIUS DR,,,,0.00,N,Not at Intersection,N,Non-Junction,None,,,         ,Kevin,Clausius,Clear,Not Collision with Motor Vehicle in Transport,no,no,no,no,yes,False
102219193,GOODLETTSVILLE POLICE DEPT,18-41094,Davidson,Goodlettsville,11/21/2018 1:00:00 PM,2,0,0,36.303400,-86.708550,I 65,,,,0.00,,,,,,,95.45,N,Not at Intersection, ,Non-Junction,None,,,         ,George,Forbes,Clear,Front to Rear,no,no,no,no,no,False
102219231,METROPOLITAN NASHVILLE POLICE DEPT,20180975880,Davidson,Nashville,11/21/2018 2:58:00 PM,2,0,0,36.193660,-86.831220,CLARKSVILLE PKE,,,,0.00,Feet,West,BUENA VISTA PKE,,,,0.00,N,Not at Intersection, ,Non-Junction,None,,,         ,Bryan,Musgrave,Clear,Angle,no,no,no,no,no,False
102219252,METROPOLITAN NASHVILLE POLICE DEPT,20180975846,Davidson,Nashville,11/21/2018 3:01:00 PM,2,0,0,36.126080,-86.812540,WOODLAWN DR,,,,0.00,,,NATCHEZ TRC,,,,0.00,Y,Four-Way, ,Intersection,None,,,         ,FELIKS,ABRAHAMYAN,Clear,Angle,no,no,no,no,no,False
102219282,METROPOLITAN NASHVILLE POLICE DEPT,20180975901,Davidson,Nashville,11/21/2018 12:00:00 AM,2,0,0,36.220020,-86.848250,LUNN DR,,,,367.00,Feet,North,LUNN CT,,,,0.00,N,Not at Intersection,N,Non-Junction,None,,,         ,Justin,Vaughn,Unknown,Other,no,no,no,no,yes,False
102219287,METROPOLITAN NASHVILLE POLICE DEPT,20180975843,Davidson,Nashville,11/21/2018 2:15:00 PM,2,0,0,36.181280,-86.790340,4TH AVN,,,,0.00,,,HUME ST,,,,0.00,Y,Four-Way,N,Non-Junction,None,,,         ,Shannon,Forsyth,Clear,Other,no,no,no,no,no,False
102219291,METROPOLITAN NASHVILLE POLICE DEPT,20180975956,Davidson,Nashville,11/21/2018 3:54:00 PM,2,0,0,36.161990,-86.793010,I40 W ENT RAMP,,,,0.00,,,I 40,,,,0.00,Y,OTHER, ,Entrance/Exit Ramp Related,None,,,         ,Roy,Sain Jr.,Clear,Front to Rear,no,no,no,no,no,False
102219292,METROPOLITAN NASHVILLE POLICE DEPT,20180975812,Davidson,Nashville,11/21/2018 1:15:00 PM,2,0,0,36.152170,-86.843120,CHARLOTTE AV,,,,109.00,Feet,East,47TH AVN,,,,0.00,N,Not at Intersection,N,Non-Junction,None,,,         ,John,Hoesli,Clear,"Sideswipe, Same Direction",no,no,no,no,no,False
102219293,METROPOLITAN NASHVILLE POLICE DEPT,20180975878,Davidson,Nashville,11/21/2018 2:58:00 PM,2,0,0,36.216380,-86.604720,SHUTE LN,,,,685.00,Feet,North,LEBANON PKE,,,,0.00,N,Not at Intersection,N,Non-Junction,None,,,         ,Thomas,Odom,Clear,Angle,no,no,no,yes,yes,False
102219298,METROPOLITAN NASHVILLE POLICE DEPT,20180975944,Davidson,Nashville,11/21/2018 3:20:00 PM,2,0,0,36.200030,-86.620760,OLD HICKORY BLVD,,,,194.00,Feet,South,PLANTATION DR,,,,0.00,N,Not at Intersection, ,Non-Junction,None,,,         ,John,Kelley,Clear,Front to Rear,no,no,no,no,no,False
102219300,METROPOLITAN NASHVILLE POLICE DEPT,20180975932,Davidson,Goodlettsville,11/21/2018 3:35:00 PM,2,1,0,36.286040,-86.705750,GALLATIN PKEN,,,,34.00,Feet,North,SHAKESPEARE AV,,,,0.00,N,Not at Intersection,N,Non-Junction,None,,,         ,DuJuan,Kendrick,Clear,HeadOn,no,no,no,no,no,False
102219301,METROPOLITAN NASHVILLE POLICE DEPT,20180975920,Davidson,Nashville,11/21/2018 3:31:00 PM,2,2,0,36.152560,-86.787070,I 40,,,,0.00,,,,,,,209.40,N,Not at Intersection,N,Entrance/Exit Ramp Related,None,,,         ,Jim,Crissman,Clear,Not Collision with Motor Vehicle in Transport,no,no,no,no,no,False
102219319,METROPOLITAN NASHVILLE POLICE DEPT,20180975991,Davidson,Not in City Limit,11/21/2018 3:40:00 PM,2,0,0,36.279350,-86.708830,GALLATIN PKEN,,,,0.00,,,ONE MILE PKWY,,,,0.00,Y,T-Intersection, ,Intersection-Related,None,,,         ,Brittani,Campbell,Clear,Front to Rear,no,no,no,no,no,False
102219321,METROPOLITAN NASHVILLE POLICE DEPT,20180975852,Davidson,Nashville,11/21/2018 2:11:00 PM,2,1,0,36.162900,-86.776860,COMMERCE ST,,,,0.00,,,3RD AVN,,,,0.00,Y,Four-Way, ,Intersection,None,,,         ,Michael,Douglas,Clear,"Sideswipe, Same Direction",no,no,no,no,no,False
102219324,METROPOLITAN NASHVILLE POLICE DEPT,20180975868,Davidson,Nashville,11/21/2018 2:25:00 PM,2,0,0,36.150000,-86.771980,I 40,,,,0.00,,,,,,,210.30,N,Not at Intersection, ,,None,,,         ,Darci,Stechman,,,no,no,no,no,no,False
102219341,METROPOLITAN NASHVILLE POLICE DEPT,20180975940,Davidson,Nashville,11/21/2018 3:39:00 PM,1,0,0,36.200770,-86.722660,MARSDEN AV,,,,50.00,Feet,East,RIVERSIDE DR,,,,0.00,N,Not at Intersection, ,,None,,,         ,Michael,Fitch,,,no,no,no,no,no,False
102219347,METROPOLITAN NASHVILLE POLICE DEPT,20180975922,Davidson,Not in City Limit,11/21/2018 3:00:00 PM,2,0,0,36.079810,-86.959690,I40 W ENT RAMP,,,,0.00,Feet,East,I 40,,,,0.00,N,Not at Intersection, ,Non-Junction,None,,,         ,Jeremy,Spears,Clear,Front to Rear,no,no,no,no,no,False
102219352,METROPOLITAN NASHVILLE POLICE DEPT,20180975883,Davidson,Nashville,11/21/2018 1:51:00 PM,3,1,0,36.088360,-86.701960,I 24,,,,0.00,,,,,,,55.55,N,Not at Intersection, ,Non-Junction,None,,,         ,Aimee,Ortiz,Clear,Front to Rear,no,no,no,no,no,False
102219355,METROPOLITAN NASHVILLE POLICE DEPT,20180976031,Davidson,Joelton,11/21/2018 4:00:00 PM,2,0,0,36.321560,-86.856310,I 24,,,,0.00,,,,,,,35.65,N,Not at Intersection, ,Non-Junction,None,,,         ,Timothy,Skopek,Clear,Front to Rear,no,no,no,no,no,False
102219356,Nashville Airport Police,2018-04729,Davidson,Nashville,11/21/2018 2:53:00 PM,2,0,0,36.137010,-86.665910,TERMINAL DR,,,,191.00,Feet,West,SATELLITE WAY,,,,0.00,N,Not at Intersection, ,Non-Junction,None,,,         ,Nathan,Holt,Clear,"Sideswipe, Same Direction",no,no,no,no,no,False
102219358,METROPOLITAN NASHVILLE POLICE DEPT,20180975838,Davidson,Not in City Limit,11/21/2018 1:35:00 PM,3,0,0,36.273790,-86.796300,I 24,,,,0.00,,,,,,,40.80,N,Not at Intersection,N,Non-Junction,None,,,         ,Christopher,Littles,Clear,"Sideswipe, Same Direction",no,no,no,no,no,False
102219359,METROPOLITAN NASHVILLE POLICE DEPT,20180976105,Davidson,Not in City Limit,11/21/2018 4:50:00 PM,2,1,0,36.281300,-86.707920,GALLATIN PKEN,,,,72.00,Feet,South,MCKINLEY ST,,,,0.00,N,Not at Intersection, ,Non-Junction,None,,,         ,Christopher,Littles,Clear,Front to Rear,no,no,no,no,no,False
102219360,METROPOLITAN NASHVILLE POLICE DEPT,20180976044,Davidson,Nashville,11/21/2018 3:21:00 PM,2,0,0,36.254760,-86.715470,GALLATIN PKES,,,,114.00,Feet,South,MADISON BLVD,,,,0.00,N,Not at Intersection,N,Non-Junction,None,,,         ,Christopher,Littles,Clear,Angle,no,no,no,no,yes,False
102219367,METROPOLITAN NASHVILLE POLICE DEPT,20180976132,Davidson,Not in City Limit,11/21/2018 5:04:00 PM,2,0,0,36.262970,-86.736960,I65 N EXT RAMP,,,,0.00,Feet,East,I 65,,,,0.00,N,Not at Intersection, ,Non-Junction,None,,,         ,Bradley,Fort,Clear,Front to Rear,no,no,no,no,no,False
102219368,VANDERBILT UNIVERSITY POLICE,20180975863,Davidson,Nashville,11/21/2018 3:09:00 PM,2,0,0,36.141870,-86.813160,VANDERBILT PL,,,,0.00,Feet,,30TH AV S,,,,0.00,Y,Four-Way,N,Non-Junction,None,,,         ,Alan,Reed,Clear,Angle,no,no,no,no,no,Campus
102219369,METROPOLITAN NASHVILLE POLICE DEPT,20180976027,Davidson,Not in City Limit,11/21/2018 4:00:00 PM,2,0,0,36.079400,-86.960470,I 40,,,,0.00,,,,,,,196.10,N,Not at Intersection,N,Non-Junction,None,,,         ,Jeremy,Spears,Clear,Front to Rear,no,no,no,no,no,False
102219370,METROPOLITAN NASHVILLE POLICE DEPT,20180975876,Davidson,Nashville,11/21/2018 2:27:00 PM,2,0,0,36.210920,-86.733110,GREENFIELD AV,,,,0.00,,,GALLATIN PKE,,,,0.00,Y,Four-Way, ,Intersection,None,,,         ,Richard,Conger,Clear,Angle,no,no,no,no,no,False
102219378,METROPOLITAN NASHVILLE POLICE DEPT,20180975823,Davidson,Nashville,11/21/2018 1:42:00 PM,2,0,0,36.147660,-86.768470,4TH AVS,,,,0.00,,,CAMERON ST,,,,0.00,Y,T-Intersection, ,Non-Junction,None,,,         ,Akira,McSwain,Clear,Angle,no,no,no,no,no,False
102219379,METROPOLITAN NASHVILLE POLICE DEPT,20180976007,Davidson,Nashville,11/21/2018 3:54:00 PM,2,0,0,36.147730,-86.779080,8TH AVS,,,,125.00,Feet,North,BASS ST,,,,0.00,N,Not at Intersection, ,,None,,,         ,Akira,McSwain,,,no,no,no,no,no,False
102219391,Nashville Airport Police,2018-04730,Davidson,Nashville,11/21/2018 12:00:00 AM,2,0,0,36.118380,-86.667500,DONELSON PKE,,,,638.00,Feet,North,HANGAR LN,,,,0.00,N,Not at Intersection, ,Non-Junction,None,,,         ,Nathan,Holt,Clear,"Sideswipe, Same Direction",no,no,no,no,no,False
102219392,METROPOLITAN NASHVILLE POLICE DEPT,20180976207,Davidson,Nashville,11/21/2018 4:24:00 PM,2,0,0,36.184290,-86.798180,I 65,,,,0.00,,,,,,,85.30,N,Not at Intersection, ,,None,,,         ,Melvin,Taylor,,,no,no,no,no,no,False
102219403,METROPOLITAN NASHVILLE POLICE DEPT,20180976181,Davidson,Nashville,11/21/2018 5:24:00 PM,2,0,0,36.209630,-86.732500,SHELTON AV,,,,394.00,Feet,East,GALLATIN PKE,,,,0.00,N,Not at Intersection,N,Non-Junction,None,,,         ,Michael,Fitch,Clear,Front to Rear,no,no,no,no,yes,False
102219411,METROPOLITAN NASHVILLE POLICE DEPT,20180975971,Davidson,Nashville,11/21/2018 3:42:00 PM,2,0,0,36.150370,-86.748930,I 40,,,,0.00,,,,,,,211.65,N,Not at Intersection, ,,None,,,         ,Trenton,Searcy,,,no,no,no,no,no,False
102219416,METROPOLITAN NASHVILLE POLICE DEPT,20180976289,Davidson,Nashville,11/21/2018 6:06:00 PM,2,0,0,36.079600,-86.726320,NOLENSVILLE PKE,,,,0.00,,,HARDING PL,,,,0.00,Y,Four-Way, ,,None,,,         ,FELIKS,ABRAHAMYAN,,,no,no,no,no,no,False
102219422,METROPOLITAN NASHVILLE POLICE DEPT,20180976096,Davidson,Nashville,11/21/2018 4:47:00 PM,2,0,0,36.213220,-86.775480,I 65,,,,0.00,,,,,,,87.80,N,Not at Intersection, ,Non-Junction,None,,,         ,Christopher,Valdez,Clear,"Sideswipe, Same Direction",no,no,no,no,no,False
102219427,METROPOLITAN NASHVILLE POLICE DEPT,20180976157,Davidson,Nashville,11/21/2018 5:12:00 PM,2,1,0,36.139500,-86.700200,KNIGHTS OF COLUMBUS BLVD,,,,0.00,,,I40 E ENT RAMP,,,,0.00,Y,Four-Way,Y,Intersection-Related,None,,,         ,Austin,Kendrick,Clear,Angle,no,no,no,no,no,False
102219444,METROPOLITAN NASHVILLE POLICE DEPT,20180976120,Davidson,Nashville,11/21/2018 4:00:00 PM,3,0,0,36.044520,-86.657390,I 24,,,,0.00,,,,,,,59.50,N,Not at Intersection, ,Non-Junction,None,,,         ,Andrew,Brazee,Clear,Front to Rear,no,no,no,no,no,False
102219453,METROPOLITAN NASHVILLE POLICE DEPT,20180976353,Davidson,Nashville,11/21/2018 12:00:00 AM,2,0,0,36.168170,-86.757240,S 7TH ST,,,,0.00,,,SYLVAN ST,,,,0.00,Y,Traffic Circle,N,Non-Junction,None,,,         ,Gregory,Cenicola,Clear,Unknown,no,no,no,no,yes,False
102219460,METROPOLITAN NASHVILLE POLICE DEPT,20180976400,Davidson,Not in City Limit,11/21/2018 7:20:00 PM,2,0,0,36.264210,-86.734650,OLD HICKORY BLVDW,,,,232.00,Feet,West,HEAD DR,,,,0.00,N,Not at Intersection, ,,None,,,         ,Christopher,Littles,,,no,no,no,no,no,False
102219469,METROPOLITAN NASHVILLE POLICE DEPT,20180975874,Davidson,Nashville,11/21/2018 2:43:00 PM,2,2,0,36.215120,-86.597670,LEBANON PKE,,,,0.00,Feet,,ANDREW JACKSON PKWY,,,,0.00,Y,Four-Way,N,Intersection-Related,None,,,         ,Zachariah,Bush,Clear,Angle,no,no,no,no,no,False
102219470,METROPOLITAN NASHVILLE POLICE DEPT,20180976208,Davidson,Nashville,11/21/2018 2:22:00 PM,2,0,0,36.089950,-86.650510,MURFREESBORO PKE,,,,354.00,Feet,North,BOROWOOD DR,,,,0.00,N,Not at Intersection, ,Non-Junction,None,,,         ,Zachariah,Bush,Clear,Front to Rear,no,no,no,no,yes,False
102219509,METROPOLITAN NASHVILLE POLICE DEPT,20180976494,Davidson,Nashville,11/21/2018 6:45:00 PM,2,0,0,36.256450,-86.714260,GALLATIN PKES,,,,103.00,Feet,North,NEELYS BEND RD,,,,0.00,N,Not at Intersection, ,OtherLocation,None,,,         ,Brittani,Campbell,Clear,Rear to Rear,no,no,no,yes,yes,False
102219514,METROPOLITAN NASHVILLE POLICE DEPT,20180976198,Davidson,Nashville,11/21/2018 4:00:00 PM,2,0,0,36.072350,-86.636640,MURFREESBORO PKE,,,,219.00,Feet,North,BELL RD,,,,0.00,N,Not at Intersection,N,"Driveway, Alley Access, etc",None,,,         ,Andrew,Brazee,Clear,"Sideswipe, Opposite Direction",no,no,no,yes,yes,False
102219580,METROPOLITAN NASHVILLE POLICE DEPT,20180976552,Davidson,Nashville,11/21/2018 8:03:00 PM,2,0,0,36.194300,-86.776180,I 24,,,,0.00,,,,,,,46.60,N,Not at Intersection,N,Non-Junction,None,,,         ,Melvin,Taylor,Clear,Front to Rear,no,no,no,no,yes,False
102219581,METROPOLITAN NASHVILLE POLICE DEPT,20180976222,Davidson,Nashville,11/21/2018 5:49:00 PM,2,0,0,36.058580,-86.741570,EDMONDSON PKE,,,,546.00,Feet,South,SEVEN MILE CREEK GRNWY,,,,0.00,N,Not at Intersection,N,Non-Junction,None,,,         ,Akira,McSwain,Clear,Front to Rear,no,no,no,no,no,False
102219582,METROPOLITAN NASHVILLE POLICE DEPT,20180976517,Davidson,Nashville,11/21/2018 7:20:00 PM,2,0,0,36.125920,-86.805010,21ST AVS,,,,21.00,Feet,North,SWEETBRIAR AV,,,,0.00,N,Not at Intersection, ,,None,,,         ,Akira,McSwain,,,no,no,no,no,no,False
102219616,METROPOLITAN NASHVILLE POLICE DEPT,20180976567,Davidson,Nashville,11/21/2018 8:45:00 PM,2,0,0,36.205320,-86.737390,GALLATIN PKE,,,,126.00,Feet,North,MCGAVOCK PKE,,,,0.00,N,Not at Intersection, ,Non-Junction,None,,,         ,Christopher,Valdez,Clear,"Sideswipe, Same Direction",no,no,no,no,no,False
102219623,METROPOLITAN NASHVILLE POLICE DEPT,20180976144,Davidson,Nashville,11/21/2018 5:11:00 PM,3,2,0,36.141740,-86.674300,I 40,,,,0.00,,,,,,,215.00,N,Not at Intersection,N,Non-Junction,None,,,         ,Allyson,Reis,Clear,Front to Rear,no,no,no,no,no,False
102219624,METROPOLITAN NASHVILLE POLICE DEPT,20180976634,Davidson,Nashville,11/21/2018 12:00:00 AM,2,0,0,36.199820,-86.596980,LESLIE ANN CT,,,,349.00,Feet,South,BROOKSIDE WOODS BLVD,,,,0.00,N,Not at Intersection,N,Non-Junction,None,,,         ,Terence,Mitchell,Clear,Unknown,no,no,no,no,yes,False
102219630,METROPOLITAN NASHVILLE POLICE DEPT,20180976390,Davidson,Nashville,11/21/2018 7:10:00 PM,2,1,0,36.141070,-86.658040,I 40,,,,0.00,,,,,,,217.90,N,Not at Intersection,N,Non-Junction,None,,,         ,Dontaveous,Eubanks,Clear,Front to Rear,no,no,no,no,no,False
102219690,METROPOLITAN NASHVILLE POLICE DEPT,20180976568,Davidson,Nashville,11/21/2018 7:47:00 PM,2,0,0,36.044960,-86.665080,BELL RD,,,,518.00,Feet,North,CEDAR POINTE PKWY,,,,0.00,N,Not at Intersection,N,Non-Junction,None,,,         ,Nathaniel,Myers,Clear,Angle,no,no,no,yes,yes,False
102219703,METROPOLITAN NASHVILLE POLICE DEPT,20180976274,Davidson,Nashville,11/21/2018 6:10:00 PM,2,0,0,36.044770,-86.660610,BELL RD,,,,42.00,Feet,West,I24 E ENT RAMP,,,,0.00,N,Not at Intersection, ,Non-Junction,None,,,         ,Andrew,Brazee,Clear,"Sideswipe, Same Direction",no,no,no,no,no,False
102219728,METROPOLITAN NASHVILLE POLICE DEPT,20180976594,Davidson,Nashville,11/21/2018 8:55:00 PM,2,0,0,36.142840,-86.789410,14TH AVS,,,,50.00,Feet,South,EDGEHILL AV,,,,0.00,N,Not at Intersection,N,Non-Junction,None,,,         ,Robert,Black Jr.,Clear,Front to Rear,no,no,no,no,no,False
102219741,METROPOLITAN NASHVILLE POLICE DEPT,20180976531,Davidson,Nashville,11/21/2018 8:20:00 PM,3,0,0,36.205810,-86.776550,I 65,,,,0.00,,,,,,,87.30,N,Not at Intersection,N,Non-Junction,None,,,         ,Timothy,Skopek,Clear,Front to Rear,no,no,no,no,yes,False
102219747,METROPOLITAN NASHVILLE POLICE DEPT,20180976681,Davidson,Nashville,11/21/2018 9:39:00 PM,2,2,0,36.109870,-86.721960,I 24,,,,0.00,,,,,,,53.70,N,Not at Intersection,N,Non-Junction,None,,,         ,Andrew,Brazee,Clear,"Sideswipe, Same Direction",no,no,no,no,no,False