master_record_number,agency,agency_tracking_number,county,city,collision_date,vehicles_involved,number_injured,number_dead,latitude,longitude,roadway_name,roadway_suffix,roadway_number,roadway_local_id,distance_from_reference,miles-feet_indicator,direction_from_reference,intersection_road_name,intersection_road_name_suffix,intersection_road_number,intersection_local_id,mile_marker,intersection_indicator,intersect_type,interchange_related_indicator,relation_to_junction,work_zone_type,construction_maintenance_zone,construction_maintenance_zone_location,fatal_case_number,officer_first_name,officer_last_name,weather_condition(s),manner_of_crash,pedestrian,bicycle,scooter,parking,hitrun,mou
102223909,METROPOLITAN NASHVILLE POLICE DEPT,20180984469,Davidson,Nashville,11/25/2018 2:32:00 PM,2,0,0,36.086210,-86.729490,NOLENSVILLE PKE,,,,37.00,Feet,North,ELYSIAN FIELDS RD,,,,0.00,N,Not at Intersection,N,"Driveway, Alley Access, etc",None,,,         ,Douglas,Sykes,Clear,"Sideswipe, Same Direction",no,no,no,no,no,False
102223978,METROPOLITAN NASHVILLE POLICE DEPT,20180984631,Davidson,Nashville,11/25/2018 12:00:00 AM,2,0,0,36.136470,-86.784930,WADE AV,,,,116.00,Feet,West,10TH AVS,,,,0.00,N,Not at Intersection, ,Non-Junction,None,,,         ,Conor,Cronin,Unknown,Unknown,no,no,no,no,yes,False
102224003,METROPOLITAN NASHVILLE POLICE DEPT,20180984667,Davidson,Nashville,11/25/2018 4:32:00 PM,2,0,0,36.179340,-86.773790,I 24,,,,0.00,,,,,,,47.75,N,Not at Intersection,N,Non-Junction,None,,,         ,Cody,Jaworski,Clear,Front to Rear,no,no,no,no,no,False
102224038,METROPOLITAN NASHVILLE POLICE DEPT,20180984593,Davidson,Nashville,11/25/2018 3:42:00 PM,2,0,0,36.163030,-86.776560,COMMERCE ST,,,,102.00,Feet,East,3RD AVN,,,,0.00,N,Not at Intersection,N,Non-Junction,None,,,         ,Brent,Morris,Cloudy,"Sideswipe, Same Direction",no,no,no,yes,yes,False
102224054,METROPOLITAN NASHVILLE POLICE DEPT,20180984765,Davidson,Nashville,11/25/2018 5:15:00 PM,2,0,0,36.090870,-86.790660,LEALAND LN,,,,0.00,,,MILESDALE DR,,,,0.00,Y,OTHER, ,Intersection-Related,None,,,         ,Douglas,Sykes,Clear,"Sideswipe, Same Direction",no,no,no,no,no,False
102224074,METROPOLITAN NASHVILLE POLICE DEPT,20180984520,Davidson,Nashville,11/25/2018 12:00:00 AM,1,0,0,36.148850,-86.769250,4TH AVS,,,,20.00,Feet,South,OAK ST,,,,0.00,N,Not at Intersection,N,Non-Junction,None,,,         ,Ryan,Sherry,Unknown,Unknown,no,no,no,yes,yes,False
102224076,METROPOLITAN NASHVILLE POLICE DEPT,20180984568,Davidson,Nashville,11/25/2018 3:35:00 PM,2,0,0,36.064790,-86.628480,HAMILTON CHURCH RD,,,,0.00,Feet,,MURFREESBORO PKE,,,,0.00,Y,Four-Way,Y,Intersection,None,,,         ,Ian,Swander,Cloudy,Angle,no,no,no,no,no,False
102224084,METROPOLITAN NASHVILLE POLICE DEPT,20180984447,Davidson,Nashville,11/25/2018 2:33:00 PM,2,3,0,36.161350,-86.799930,17TH AVN,,,,0.00,Feet,,JO JOHNSTON AV,,,,0.00,Y,Four-Way,Y,Intersection,None,,,         ,Kayla,Castro,Clear,Angle,no,no,no,no,no,False
102224095,METROPOLITAN NASHVILLE POLICE DEPT,20180984763,Davidson,Not in City Limit,11/25/2018 5:11:00 PM,2,0,0,36.078960,-86.961380,I 40,,,,0.00,,,,,,,196.00,N,Not at Intersection,N,Non-Junction,None,,,         ,Jeremy,Spoonemore,Clear,Front to Rear,no,no,no,no,no,False
102224097,METROPOLITAN NASHVILLE POLICE DEPT,20180984832,Davidson,Nashville,11/25/2018 5:45:00 PM,3,0,0,36.055100,-86.715460,NOLENSVILLE PKE,,,,323.00,Feet,South,APRIL LN,,,,0.00,N,Not at Intersection,N,Non-Junction,None,,,         ,Douglas,Sykes,Clear,Front to Rear,no,no,no,no,yes,False
102224102,METROPOLITAN NASHVILLE POLICE DEPT,20180984820,Davidson,Nashville,11/25/2018 6:00:00 PM,2,0,0,36.085940,-86.700270,HARDING PL,,,,506.00,Feet,West,I24 W ENT RAMP,,,,0.00,N,Not at Intersection, ,Non-Junction,None,,,         ,Jesse,Cox,Clear,Angle,no,no,no,no,no,False
102224110,METROPOLITAN NASHVILLE POLICE DEPT,20180984643,Davidson,Nashville,11/25/2018 5:28:00 PM,3,0,0,36.203000,-86.776850,I 65,,,,0.00,,,,,,,87.10,N,Not at Intersection,N,Non-Junction,None,,,         ,Kayla,Castro,Clear,Front to Rear,no,no,no,no,no,False
102224127,METROPOLITAN NASHVILLE POLICE DEPT,20180984833,Davidson,Nashville,11/25/2018 5:55:00 PM,2,1,0,36.086150,-86.699630,HARDING PL,,,,300.00,Feet,West,I24 W ENT RAMP,,,,0.00,N,Not at Intersection, ,Non-Junction,None,,,         ,Jesse,Cox,Clear,Front to Rear,no,no,no,no,no,False
102224130,METROPOLITAN NASHVILLE POLICE DEPT,20180984857,Davidson,Not in City Limit,11/25/2018 6:26:00 PM,2,0,0,36.313110,-86.864870,WHITES CREEK PKE,,,,0.00,Feet,,OLD CLARKSVILLE PKE,,,,0.00,Y,Y-Intersection,Y,Intersection,None,,,         ,Kayla,Castro,Clear,Angle,no,no,no,no,no,False
102224131,METROPOLITAN NASHVILLE POLICE DEPT,20180984818,Davidson,Nashville,11/25/2018 5:36:00 PM,1,0,0,36.156020,-86.788820,BROADWAY,,,,0.00,,,I40 W ENT RAMP,,,,0.00,Y,OTHER, ,Non-Junction,Construction Zone,,,         ,Steven,Fisher,Cloudy,Not Collision with Motor Vehicle in Transport,no,no,no,no,no,False
102224132,METROPOLITAN NASHVILLE POLICE DEPT,20180984948,Davidson,Nashville,11/25/2018 7:29:00 PM,2,0,0,36.141520,-86.670990,I 40,,,,0.00,,,,,,,215.00,N,Not at Intersection, ,Entrance/Exit Ramp Related,None,,,         ,Tony,Mingsing,Clear,Front to Rear,no,no,no,no,no,False
102224133,METROPOLITAN NASHVILLE POLICE DEPT,20180984872,Davidson,Nashville,11/25/2018 6:00:00 PM,2,0,0,36.110760,-86.742690,THOMPSON LN,,,,81.00,Feet,East,FOSTER AV,,,,0.00,N,Not at Intersection, ,Non-Junction,None,,,         ,Brandon,Harbaugh,Clear,Front to Rear,no,no,no,no,yes,False
102224183,METROPOLITAN NASHVILLE POLICE DEPT,20180985003,Davidson,Nashville,11/25/2018 7:29:00 PM,2,0,0,36.203550,-86.738530,GALLATIN PKE,,,,0.00,,,E TRINITY LN,,,,0.00,Y,T-Intersection,Y,Intersection,None,,,         ,Riley,Brewer,Clear,Front to Rear,no,no,no,no,no,False
102224241,METROPOLITAN NASHVILLE POLICE DEPT,20180984734,Davidson,Nashville,11/25/2018 5:10:00 PM,2,1,0,36.153300,-86.842260,46TH AVN,,,,0.00,,,I40 E ENT RAMP,,,,0.00,Y,Four-Way,Y,Intersection,None,,,         ,Laura,Williams,Clear,Angle,no,no,no,no,yes,False
102224263,METROPOLITAN NASHVILLE POLICE DEPT,20180984670,Davidson,Not in City Limit,11/25/2018 4:32:00 PM,5,1,0,36.290710,-86.809840,I 24,,,,0.00,,,,,,,39.45,N,Not at Intersection,N,Non-Junction,None,,,         ,Bradley,Fort,Clear,Front to Rear,no,no,no,no,no,False
102224264,METROPOLITAN NASHVILLE POLICE DEPT,20180984912,Davidson,Nashville,11/25/2018 7:10:00 PM,2,0,0,36.240920,-86.757340,DICKERSON PKE,,,,65.00,Feet,North,BRILEY PKWY E EXT RAMP,,,,0.00,N,Not at Intersection, ,Non-Junction,None,,,         ,Bradley,Fort,Clear,Front to Rear,no,no,no,no,no,False
102224307,METROPOLITAN NASHVILLE POLICE DEPT,20180984735,Davidson,Nashville,11/25/2018 5:05:00 PM,2,0,0,36.194250,-86.830670,BUENA VISTA PKE,,,,145.00,Feet,South,RESHA LN,,,,0.00,N,Not at Intersection,N,Non-Junction,None,,,         ,Sara,Lober,Cloudy,Angle,no,no,no,no,no,False
102224309,METROPOLITAN NASHVILLE POLICE DEPT,20180984849,Davidson,Nashville,11/25/2018 1:48:00 PM,2,0,0,36.215110,-86.598010,LEBANON PKE,,,,100.00,Feet,West,ANDREW JACKSON PKWY,,,,0.00,N,Not at Intersection, ,Non-Junction,None,,,         ,Zachariah,Bush,Clear,Front to Rear,no,no,no,no,yes,False
102224317,METROPOLITAN NASHVILLE POLICE DEPT,20180985156,Davidson,Nashville,11/25/2018 9:42:00 PM,2,0,0,36.148220,-86.805860,WEST END AV,,,,210.00,Feet,East,24TH AVN,,,,0.00,N,Not at Intersection,N,Non-Junction,None,,,         ,Randall,Ward,Clear,Other,no,no,no,no,yes,Campus
102224325,METROPOLITAN NASHVILLE POLICE DEPT,20180985161,Davidson,Nashville,11/25/2018 10:03:00 PM,4,1,0,36.091960,-86.709850,DONNA KAY DR,,,,0.00,,,,,,,0.00,,,N,"Driveway, Alley Access, etc",None,,,         ,YUNUS,ADAK,Rain,Angle,no,no,no,no,no,False
102224444,METROPOLITAN NASHVILLE POLICE DEPT,20180985280,Davidson,Antioch,11/25/2018 11:15:00 PM,1,0,0,36.045250,-86.609100,MURFREESBORO PKE,,,,0.00,Feet,,MOUNTAIN SPRINGS RD,,,,0.00,Y,Four-Way,N,Non-Junction,None,,,         ,Sharissa,Perez,Severe Cross-Winds,Not Collision with Motor Vehicle in Transport,no,no,no,no,no,False
102224839,METROPOLITAN NASHVILLE POLICE DEPT,20180972796,Davidson,Nashville,11/20/2018 12:45:00 PM,2,2,0,36.176860,-86.772070,I24 W EXT RAMP,,,,0.00,Feet,East,I 24,,,,0.00,N,Not at Intersection,N,Non-Junction,None,,,         ,Gregory,Julia,Clear,Front to Rear,no,no,no,no,no,False
102224840,METROPOLITAN NASHVILLE POLICE DEPT,20180971740,Davidson,Nashville,11/20/2018 4:54:00 AM,2,2,0,36.165820,-86.764470,I 24,,,,0.00,,,,,,,49.00,N,Not at Intersection,N,Non-Junction,None,,,         ,Donald,Davidson,Clear,"Sideswipe, Same Direction",no,no,no,no,no,False
102225333,METROPOLITAN NASHVILLE POLICE DEPT,20180973403,Davidson,Nashville,11/20/2018 5:18:00 PM,1,0,1,36.193360,-86.580410,OLD LEBANON DIRT RD,,,,444.00,Feet,West,RACCOON TRL,,,,0.00,N,Not at Intersection,N,Non-Junction,None,,,18-0880  ,Christopher,Augustin,Clear,Not Collision with Motor Vehicle in Transport,yes,no,no,no,no,False
102225798,Nashville Airport Police,2018-04747,Davidson,Nashville,11/22/2018 9:55:00 AM,2,1,0,36.138310,-86.671810,I40 E EXT RAMP,,,,58.00,Feet,South,I 40,,,,0.00,N,Not at Intersection,N,Non-Junction,None,,,         ,Delphia,Murphy,Clear,Angle,no,no,no,no,no,False
102226938,METROPOLITAN NASHVILLE POLICE DEPT,20180992918,Davidson,Nashville,11/5/2018 6:30:00 PM,1,0,0,36.217140,-86.775600,SOUTHERLAND DR,,,,1258.00,Feet,North,LOCUST ST,,,,0.00,N,Not at Intersection,N,OtherLocation,None,,,         ,Kenneth,Oneal,Unknown,Not Collision with Motor Vehicle in Transport,no,no,no,yes,yes,False
102228048,METROPOLITAN NASHVILLE POLICE DEPT,20180965605,Davidson,Nashville,11/17/2018 10:53:00 PM,2,1,0,36.180140,-86.811070,DR D B TODD JR BLVD,,,,0.00,Feet,,BUCHANAN ST,,,,0.00,Y,Four-Way,N,Intersection,None,,,         ,Kevin,Coleman,Clear,Front to Rear,no,no,no,no,yes,False
102228949,METROPOLITAN NASHVILLE POLICE DEPT,20180978268,Davidson,Nashville,11/22/2018 5:21:00 PM,1,0,1,36.178140,-86.605020,I40 E EXT RAMP,,,,0.00,Feet,East,OLD HICKORY BLVD,,,,0.00,N,Not at Intersection,N,Non-Junction,None,,,18-0885  ,Kevin,Coleman,Clear,Not Collision with Motor Vehicle in Transport,yes,no,no,no,no,False
102232683,METROPOLITAN NASHVILLE POLICE DEPT,20180911563,Davidson,Nashville,10/30/2018 8:00:00 AM,2,0,0,36.167150,-86.779610,3RD AVN,,,,0.00,Feet,,JAMES ROBERTSON PKWY,,,,0.00,Y,Four-Way, ,Non-Junction,None,,,         ,Gregory,Julia,Clear,Front to Rear,no,no,no,no,no,False
102269611,Nashville Airport Police,2018-04456,Davidson,Nashville,11/4/2018 5:50:00 PM,2,0,0,36.134750,-86.668050,TERMINAL DR,,,,500.00,Feet,South,I40 E EXT RAMP,,,,0.00,N,Not at Intersection, ,Non-Junction,None,,,         ,Lucas,Delheimer,Clear,"Sideswipe, Same Direction",no,no,no,no,no,False
102269631,Nashville Airport Police,2018-04535,Davidson,Nashville,11/9/2018 5:45:00 PM,2,0,0,36.136160,-86.667550,TERMINAL DR,,,,0.00,Feet,,I40 E EXT RAMP,,,,0.00,Y,OTHER, ,AccelDecelLane,None,,,         ,Lucas,Delheimer,Clear,"Sideswipe, Same Direction",no,no,no,no,no,False
102224470,METROPOLITAN NASHVILLE POLICE DEPT,20180985565,Davidson,Nashville,11/26/2018 1:15:00 AM,1,0,0,36.148720,-86.762110,LAFAYETTE ST,,,,116.00,Feet,East,CHARLES E DAVIS BLVD,,,,0.00,N,Not at Intersection, ,Non-Junction,None,,,         ,Antoine,Maghamez,Clear,Not Collision with Motor Vehicle in Transport,no,no,no,yes,no,False
102224472,METROPOLITAN NASHVILLE POLICE DEPT,20180985489,Davidson,Nashville,11/26/2018 12:00:00 AM,1,0,0,36.066260,-86.633510,MORRIS GENTRY BLVD,,,,788.00,Feet,West,MURFREESBORO PKE,,,,0.00,N,Not at Intersection,N,Non-Junction,None,,,         ,Leonard,Cato,Cloudy,Not Collision with Motor Vehicle in Transport,no,no,no,no,yes,False
102224473,METROPOLITAN NASHVILLE POLICE DEPT,20180985524,Davidson,Nashville,11/26/2018 12:50:00 AM,1,1,0,36.243100,-86.748560,I 65,,,,0.00,,,,,,,90.60,N,Not at Intersection,N,Non-Junction,None,,,         ,Ryan,Ludvigson,Cloudy,Not Collision with Motor Vehicle in Transport,no,no,no,no,no,False
102224476,VANDERBILT UNIVERSITY POLICE,20180985563,Davidson,Nashville,11/26/2018 12:50:00 AM,2,0,0,36.146290,-86.806710,KENSINGTON PL,,,,307.00,Feet,East,25TH AVS,,,,0.00,N,Not at Intersection, ,,None,,,         ,Kyle,Hartley,,,no,no,no,no,no,Campus
102224497,METROPOLITAN NASHVILLE POLICE DEPT,20180985512,Davidson,Nashville,11/26/2018 12:00:00 AM,2,0,0,36.158240,-86.790960,CHURCH ST,,,,0.00,,,GEORGE L DAVIS BLVD,,,,0.00,Y,OTHER,Y,Intersection,None,,,         ,William,Erickson,Clear,Angle,no,no,no,no,no,False
102224522,METROPOLITAN NASHVILLE POLICE DEPT,20180985884,Davidson,Nashville,11/26/2018 3:46:00 AM,1,0,0,36.053640,-86.683890,SHIHMEN DR,,,,63.00,Feet,East,SHIHMEN CT,,,,0.00,N,Not at Intersection,N,Non-Junction,None,,,         ,Autumn,Manning,Severe Cross-Winds,Not Collision with Motor Vehicle in Transport,no,no,no,no,yes,False
102224531,METROPOLITAN NASHVILLE POLICE DEPT,20180985651,Davidson,Nashville,11/26/2018 1:51:00 AM,2,2,0,36.149050,-86.703230,ELM HILL PKE,,,,49.00,Feet,East,APPLETON DR,,,,0.00,N,Not at Intersection,N,Non-Junction,None,,,         ,Tyler,Manivong,Clear,Angle,no,no,no,no,no,False
102224554,METROPOLITAN NASHVILLE POLICE DEPT,20180985903,Davidson,Nashville,11/26/2018 4:00:00 AM,2,0,0,36.125830,-86.751770,GLENROSE AV,,,,76.00,Feet,West,WHITNEY AV,,,,0.00,N,Not at Intersection,N,Non-Junction,None,,,         ,Antoine,Maghamez,Clear,"Sideswipe, Same Direction",no,no,no,no,yes,False
102224623,METROPOLITAN NASHVILLE POLICE DEPT,20180986187,Davidson,Nashville,11/26/2018 6:30:00 AM,2,0,0,36.132200,-86.727170,I 24,,,,0.00,,,,,,,52.00,N,Not at Intersection,N,Non-Junction,None,,,         ,Charles,Wakefield,Clear,Front to Rear,no,no,no,no,no,False
102224624,METROPOLITAN NASHVILLE POLICE DEPT,20180986183,Davidson,Nashville,11/26/2018 7:03:00 AM,2,0,0,36.037360,-86.786960,OLD HICKORY BLVD,,,,118.00,Feet,West,FRANKLIN PKE,,,,0.00,N,Not at Intersection,N,Non-Junction,None,,,         ,Jon,Mcvey,Cloudy,Front to Rear,no,no,no,no,yes,False
102224642,METROPOLITAN NASHVILLE POLICE DEPT,20180986156,Davidson,Nashville,11/26/2018 6:41:00 AM,2,0,0,36.161770,-86.760540,I 24,,,,0.00,,,,,,,49.35,N,Not at Intersection, ,Non-Junction,None,,,         ,David,Collins,Cloudy,"Sideswipe, Same Direction",no,no,no,no,no,False
102224670,METROPOLITAN NASHVILLE POLICE DEPT,20180986150,Davidson,Nashville,11/26/2018 6:16:00 AM,2,0,0,36.074480,-86.638650,MURFREESBORO PKE,,,,0.00,,,RURAL HILL RD,,,,0.00,Y,Four-Way, ,Intersection-Related,None,,,         ,Tien,Nguyen,Cloudy,"Sideswipe, Same Direction",no,no,no,no,no,False
102224691,METROPOLITAN NASHVILLE POLICE DEPT,20180986396,Davidson,Nashville,11/26/2018 8:00:00 AM,2,0,0,36.060140,-86.918000,HIGHWAY 100,,,,79.00,Feet,East,HICKS RD,,,,0.00,N,Not at Intersection, ,Non-Junction,None,,,         ,Curtis,Rich,Cloudy,Angle,no,no,no,no,no,False
102224697,METROPOLITAN NASHVILLE POLICE DEPT,20180986388,Davidson,Nashville,11/26/2018 8:30:00 AM,2,1,0,36.177480,-86.764680,ELLINGTON PKWYS,,,,75.00,Feet,West,ELLINGTON PKWYN,,,,0.00,N,Not at Intersection, ,Non-Junction,None,,,         ,Zachary,Carter,Cloudy,Front to Rear,no,no,no,no,no,False
102224700,METROPOLITAN NASHVILLE POLICE DEPT,20180986236,Davidson,Nashville,11/26/2018 4:30:00 AM,1,0,0,36.108860,-86.720210,I24 W EXT RAMP,,,,0.00,,,I 24,,,,0.00,Y,OTHER,Y,Entrance/Exit Ramp Related,None,,,         ,Jason,Hees,Clear,Not Collision with Motor Vehicle in Transport,no,no,no,no,yes,False
102224713,METROPOLITAN NASHVILLE POLICE DEPT,20180986413,Davidson,Nashville,11/26/2018 12:00:00 AM,3,0,0,36.162110,-86.790610,11TH AVN,,,,0.00,,,CHARLOTTE AV,,,,0.00,Y,Four-Way, ,Intersection,None,,,         ,James,Thornton,Cloudy,Front to Rear,no,no,no,no,no,False
102224719,METROPOLITAN NASHVILLE POLICE DEPT,20180986428,Davidson,Nashville,11/26/2018 7:21:00 AM,2,0,0,36.044840,-86.662880,BELL RD,,,,402.00,Feet,West,CANE RIDGE RD,,,,0.00,N,Not at Intersection,N,Non-Junction,None,,,         ,Joseph,Simon,Cloudy,Front to Rear,no,no,no,no,no,False
102224720,METROPOLITAN NASHVILLE POLICE DEPT,20180986503,Davidson,Nashville,11/26/2018 9:47:00 AM,2,1,0,36.154330,-86.742620,LEBANON PKE,,,,144.00,Feet,West,FESSLERS LN,,,,0.00,N,Not at Intersection,N,Non-Junction,None,,,         ,Michael,Dance,Cloudy,Front to Rear,no,no,no,no,yes,False
102224730,METROPOLITAN NASHVILLE POLICE DEPT,20180986398,Davidson,Nashville,11/26/2018 8:40:00 AM,2,2,0,36.080940,-86.751620,HARDING PL,,,,0.00,,,WAUFORD DR,,,,0.00,Y,Four-Way,N,Intersection,None,,,         ,Phillip,Murphy,Clear,Angle,no,no,no,no,no,False
102224732,METROPOLITAN NASHVILLE POLICE DEPT,20180986474,Davidson,Not in City Limit,11/26/2018 9:25:00 AM,1,0,0,36.279380,-86.733890,I 65,,,,0.00,,,,,,,93.30,N,Not at Intersection,N,Non-Junction,None,,,         ,Blake,McKay,Cloudy,Not Collision with Motor Vehicle in Transport,no,no,no,no,no,False
102224733,METROPOLITAN NASHVILLE POLICE DEPT,20180986513,Davidson,Nashville,11/26/2018 10:02:00 AM,2,0,0,36.044950,-86.659750,I24 E ENT RAMP,,,,0.00,,,I 24,,,,0.00,Y,Four-Way, ,,None,,,         ,Steffani,Dahlstrom,,,no,no,no,no,no,False
102224761,METROPOLITAN NASHVILLE POLICE DEPT,20180986546,Davidson,Nashville,11/26/2018 10:14:00 AM,2,0,0,36.081950,-86.761790,I65 N EXT RAMP,,,,0.00,,,SIDCO DR,,,,0.00,Y,T-Intersection, ,Entrance/Exit Ramp Related,None,,,         ,Alberta,Auguste,Clear,Front to Rear,no,no,no,no,no,False
102224773,METROPOLITAN NASHVILLE POLICE DEPT,20180986586,Davidson,Nashville,11/26/2018 10:30:00 AM,1,0,0,36.078460,-86.744820,HARDING PL,,,,131.00,Feet,East,DANBY DR,,,,0.00,N,Not at Intersection,N,Non-Junction,None,,,         ,Jon,Mcvey,Cloudy,Not Collision with Motor Vehicle in Transport,no,no,no,no,no,False
102224783,METROPOLITAN NASHVILLE POLICE DEPT,20180986632,Davidson,Nashville,11/26/2018 10:56:00 AM,2,0,0,36.106210,-86.673060,MURFREESBORO PKE,,,,0.00,,,DONELSON PKE,,,,0.00,Y,Four-Way, ,Intersection-Related,None,,,         ,Tien,Nguyen,Cloudy,"Sideswipe, Same Direction",no,no,no,no,no,False
102224797,GOODLETTSVILLE POLICE DEPT,18-41649,Davidson,Goodlettsville,11/26/2018 9:40:00 AM,2,0,0,36.324180,-86.704030,I65 N EXT RAMP,,,,12.00,Feet,South,LONG HOLLOW PKE,,,,0.00,N,Not at Intersection,N,Non-Junction,None,,,         ,William,Hunter,Cloudy,Front to Rear,no,no,no,no,no,False
102224802,METROPOLITAN NASHVILLE POLICE DEPT,20180986668,Davidson,Nashville,11/26/2018 11:10:00 AM,2,0,0,36.090550,-86.627350,SMITH SPRINGS RD,,,,263.00,Feet,West,BELL RD,,,,0.00,N,Not at Intersection, ,Non-Junction,None,,,         ,Michael,Dance,Cloudy,"Sideswipe, Same Direction",no,no,no,no,no,False
102224803,METROPOLITAN NASHVILLE POLICE DEPT,2018-0986478,Davidson,Nashville,11/26/2018 9:31:00 AM,2,2,0,36.243870,-86.757650,DOVERSIDE DR,,,,317.00,Feet,West,SKYLINE COMMONS PVTDR,,,,0.00,N,Not at Intersection,N,Non-Junction,None,,,         ,Arthur,Hipp,Cloudy,Angle,no,no,no,yes,no,False
102224834,METROPOLITAN NASHVILLE POLICE DEPT,20180986751,Davidson,Nashville,11/26/2018 11:50:00 AM,2,0,0,36.112390,-86.768020,THOMPSON LN,,,,0.00,,,W IRIS DR,,,,0.00,Y,Four-Way,N,Intersection-Related,None,,,         ,Jon,Mcvey,Cloudy,Angle,no,no,no,no,yes,False
102224857,VANDERBILT UNIVERSITY POLICE,20180986678,Davidson,Nashville,11/26/2018 10:58:00 AM,2,0,0,36.138440,-86.807050,25TH AVS,,,,0.00,,,,,,,0.00,,, ,Non-Junction,None,,,         ,Linda,Jennings,Cloudy,Rear to Rear,no,no,no,yes,yes,Campus
102224862,METROPOLITAN NASHVILLE POLICE DEPT,20180986601,Davidson,Nashville,11/26/2018 10:42:00 AM,2,0,0,36.044960,-86.666440,BELL RD,,,,200.00,Feet,East,CEDAR POINTE PKWY,,,,0.00,N,Not at Intersection,N,Non-Junction,None,,,         ,Edward,Starke,Clear,Angle,no,no,no,no,no,False
102224863,METROPOLITAN NASHVILLE POLICE DEPT,20180986818,Davidson,Nashville,11/26/2018 12:20:00 PM,2,1,0,36.206670,-86.778430,W TRINITY LN,,,,0.00,,,HAMPTON ST,,,,0.00,Y,T-Intersection,N,Intersection,None,,,         ,Wesley,Young,Cloudy,Angle,no,no,no,no,no,False
102224873,METROPOLITAN NASHVILLE POLICE DEPT,20180986561,Davidson,Nashville,11/26/2018 12:00:00 AM,1,0,0,36.077580,-86.690510,EZELL RD,,,,157.00,Feet,West,BAKERTOWN RD,,,,0.00,N,Not at Intersection,N,Non-Junction,None,,,         ,Amy,Hirschmann,Cloudy,Unknown,no,no,no,no,yes,False
102224877,METROPOLITAN NASHVILLE POLICE DEPT,20180986951,Davidson,Nashville,11/26/2018 1:19:00 PM,2,0,0,36.151920,-86.849900,CHARLOTTE AV,,,,0.00,,,52ND AVN,,,,0.00,Y,Four-Way, ,Intersection,None,,,         ,Curtis,Rich,Cloudy,Angle,no,no,no,no,no,False
102224884,METROPOLITAN NASHVILLE POLICE DEPT,20180986922,Davidson,Nashville,11/26/2018 1:12:00 PM,2,0,0,36.106750,-86.764730,POWELL AV,,,,93.00,Feet,North,POWELL PL,,,,0.00,N,Not at Intersection,N,Non-Junction,None,,,         ,Jon,Mcvey,Cloudy,Angle,no,no,no,no,yes,False
102224887,METROPOLITAN NASHVILLE POLICE DEPT,20180986869,Davidson,Nashville,11/26/2018 12:44:00 PM,2,0,0,36.221680,-86.761570,HART LN,,,,33.00,Feet,West,DICKERSON PKE,,,,0.00,N,Not at Intersection,N,Non-Junction,None,,,         ,Russell,Freeman,Cloudy,Front to Rear,no,no,no,no,yes,False
102224925,METROPOLITAN NASHVILLE POLICE DEPT,20180986969,Davidson,Nashville,11/26/2018 1:32:00 PM,2,0,0,36.073840,-86.638050,MURFREESBORO PKE,,,,292.00,Feet,South,RURAL HILL RD,,,,0.00,N,Not at Intersection, ,Non-Junction,None,,,         ,Tien,Nguyen,Cloudy,"Sideswipe, Same Direction",no,no,no,no,no,False
102224926,METROPOLITAN NASHVILLE POLICE DEPT,20180986248,Davidson,Nashville,11/26/2018 7:22:00 AM,2,0,0,36.115140,-86.917490,I 40,,,,0.00,,,,,,,199.60,N,Not at Intersection, ,Non-Junction,None,,,         ,Terrence,Bradley,Cloudy,Front to Rear,no,no,no,no,no,False
102224938,GOODLETTSVILLE POLICE DEPT,18-41670,Davidson,Goodlettsville,11/26/2018 1:38:00 PM,2,0,0,36.311130,-86.702220,I 65,,,,0.00,,,,,,,96.10,N,Not at Intersection, ,Entrance/Exit Ramp Related,None,,,         ,Joseph,Waldron,Cloudy,"Sideswipe, Same Direction",no,no,no,no,yes,False
102224944,METROPOLITAN NASHVILLE POLICE DEPT,20180987016,Davidson,Nashville,11/26/2018 1:45:00 PM,2,0,0,36.093320,-86.736200,NOLENSVILLE PKE,,,,0.00,,,MCNALLY DR,,,,0.00,Y,Four-Way, ,Intersection,None,,,         ,Jon,Mcvey,Cloudy,Angle,no,no,no,no,no,False
102224948,METROPOLITAN NASHVILLE POLICE DEPT,20180986984,Davidson,Not in City Limit,11/26/2018 1:50:00 PM,2,0,0,36.022640,-86.712210,PERSIA WAY,,,,23.00,Feet,East,NOLENSVILLE PKE,,,,0.00,N,Not at Intersection,N,Non-Junction,None,,,         ,Steffani,Dahlstrom,Clear,Angle,no,no,no,no,no,False
102225001,METROPOLITAN NASHVILLE POLICE DEPT,20180986964,Davidson,Nashville,11/26/2018 1:29:00 PM,2,1,0,36.080560,-86.726640,NOLENSVILLE PKE,,,,360.00,Feet,North,HARDING PL,,,,0.00,N,Not at Intersection,N,Non-Junction,None,,,         ,Alberta,Auguste,Clear,HeadOn,no,no,no,no,no,False
102225002,VANDERBILT UNIVERSITY POLICE,18-0986750,Davidson,Nashville,11/26/2018 11:15:00 AM,2,0,0,36.111630,-86.765710,STATE HWY 155,,,,0.00,,,,,,,0.00,,, ,Non-Junction,None,,,         ,Robert,Pasinger,Clear,Rear to Side,no,no,no,yes,no,OHO
102225005,GOODLETTSVILLE POLICE DEPT,18-41669,Davidson,Goodlettsville,11/26/2018 1:13:00 PM,3,1,0,36.310610,-86.703580,I65 S EXT RAMP,,,,450.00,Feet,East,RIVERGATE PKWY,,,,0.00,N,Not at Intersection,Y,Entrance/Exit Ramp Related,None,,,         ,Jeremy,Baker,Cloudy,Not Collision with Motor Vehicle in Transport,no,no,no,no,yes,False