master_record_number,agency,agency_tracking_number,county,city,collision_date,vehicles_involved,number_injured,number_dead,latitude,longitude,roadway_name,roadway_suffix,roadway_number,roadway_local_id,distance_from_reference,miles-feet_indicator,direction_from_reference,intersection_road_name,intersection_road_name_suffix,intersection_road_number,intersection_local_id,mile_marker,intersection_indicator,intersect_type,interchange_related_indicator,relation_to_junction,work_zone_type,construction_maintenance_zone,construction_maintenance_zone_location,fatal_case_number,officer_first_name,officer_last_name,weather_condition(s),manner_of_crash,pedestrian,bicycle,scooter,parking,hitrun,mou
102225021,METROPOLITAN NASHVILLE POLICE DEPT,20180987112,Davidson,Not in City Limit,11/26/2018 2:25:00 PM,2,0,0,36.274670,-86.797110,I24 W EXT RAMP,,,,0.00,,,I 24,,,,0.00,Y,Y-Intersection,N,Entrance/Exit Ramp Related,None,,,         ,Christopher,Littles,Cloudy,"Sideswipe, Same Direction",no,no,no,no,yes,False
102225022,METROPOLITAN NASHVILLE POLICE DEPT,20180987043,Davidson,Nashville,11/26/2018 2:09:00 PM,2,0,0,36.170400,-86.768450,INTERSTATE DR,,,,0.00,,,WOODLAND ST,,,,0.00,Y,Four-Way, ,Intersection,None,,,         ,James,Hill,Cloudy,Angle,no,no,no,no,no,False
102225032,METROPOLITAN NASHVILLE POLICE DEPT,20180987044,Davidson,Not in City Limit,11/26/2018 2:04:00 PM,1,0,0,35.998160,-86.681070,PETTUS RD,,,,2234.00,Feet,East,NOLENSVILLE RD,,,,0.00,N,Not at Intersection,N,Non-Junction,None,,,         ,Troy,Loewen,Cloudy,Not Collision with Motor Vehicle in Transport,no,no,no,no,no,False
102225054,METROPOLITAN NASHVILLE POLICE DEPT,20180987121,Davidson,Nashville,11/26/2018 2:52:00 PM,2,1,0,36.083290,-86.766910,HARDING PL,,,,100.00,Feet,West,I65 S ENT RAMP,,,,0.00,N,Not at Intersection,N,Non-Junction,None,,,         ,Akira,McSwain,Clear,Front to Rear,no,no,no,no,no,False
102225057,METROPOLITAN NASHVILLE POLICE DEPT,20180987041,Davidson,Nashville,11/26/2018 2:07:00 PM,2,0,0,36.173630,-86.602170,CENTRAL PKE,,,,17.00,Feet,North,OLD HICKORY BLVD,,,,0.00,N,Not at Intersection, ,Non-Junction,None,,,         ,Thomas,Odom,Cloudy,Front to Rear,no,no,no,no,no,False
102225091,METROPOLITAN NASHVILLE POLICE DEPT,20180987202,Davidson,Nashville,11/26/2018 6:00:00 AM,2,0,0,36.042430,-86.661860,BELL HOLLOW APTS PVTDR,,,,0.00,,,CANE RIDGE RD,,,,0.00,Y,OTHER,N,Non-Junction,None,,,         ,Eric,Wegener,Clear,Angle,no,no,no,yes,yes,False
102225094,METROPOLITAN NASHVILLE POLICE DEPT,20180987329,Davidson,Not in City Limit,11/26/2018 4:06:00 PM,1,0,0,36.283840,-86.746970,DICKERSON PKES,,,,193.00,Feet,South,CUNNIFF PKWY,,,,0.00,N,Not at Intersection, ,Non-Junction,None,,,         ,Christopher,Littles,Cloudy,Not Collision with Motor Vehicle in Transport,no,no,no,no,no,False
102225107,METROPOLITAN NASHVILLE POLICE DEPT,20180987186,Davidson,Nashville,11/26/2018 2:50:00 PM,2,0,0,36.154000,-86.758990,MAURY ST,,,,14.00,Feet,South,OLD HERMITAGE AV,,,,0.00,N,Not at Intersection, ,,None,,,         ,Jessica,Johann,,,no,no,no,no,no,False
102225120,METROPOLITAN NASHVILLE POLICE DEPT,20180987313,Davidson,Nashville,11/26/2018 4:03:00 PM,2,0,0,36.210180,-86.733660,GALLATIN PKE,,,,0.00,,,HOME RD,,,,0.00,Y,T-Intersection, ,Intersection,None,,,         ,Christopher,Valdez,Cloudy,Angle,no,no,no,no,yes,False
102225121,METROPOLITAN NASHVILLE POLICE DEPT,20180987113,Davidson,Nashville,11/26/2018 2:50:00 PM,2,1,0,36.154120,-86.757720,I 40,,,,0.00,,,,,,,211.10,N,Not at Intersection,N,Non-Junction,None,,,         ,Steven,Fisher,Clear,Front to Rear,no,no,no,no,no,False
102225126,METROPOLITAN NASHVILLE POLICE DEPT,20180987376,Davidson,Nashville,11/26/2018 4:30:00 PM,2,0,0,36.137470,-86.778740,ALLOWAY ST,,,,0.00,,,8TH AVS,,,,0.00,Y,T-Intersection,N,Intersection,None,,,         ,FELIKS,ABRAHAMYAN,Clear,Front to Rear,no,no,no,no,yes,False
102225129,METROPOLITAN NASHVILLE POLICE DEPT,20180987343,Davidson,Nashville,11/26/2018 4:14:00 PM,2,0,0,36.151690,-86.677000,ELM HILL PKE,,,,0.00,,,EMERY DR,,,,0.00,Y,Four-Way,N,Non-Junction,None,,,         ,Samuel,Sundra,Cloudy,Angle,no,no,no,no,no,False
102225147,METROPOLITAN NASHVILLE POLICE DEPT,20180987404,Davidson,Nashville,11/26/2018 12:00:00 AM,2,1,0,36.171270,-86.870980,CENTENNIAL BLVD,,,,0.00,,,BRILEY PKWY S EXT RAMP,,,,0.00,Y,Four-Way,Y,Intersection-Related,None,,,         ,Kelby,Dumond,Clear,"Sideswipe, Opposite Direction",no,no,no,no,no,False
102225160,METROPOLITAN NASHVILLE POLICE DEPT,20180987357,Davidson,Nashville,11/26/2018 4:22:00 PM,2,0,0,36.181700,-86.799690,I 65,,,,0.00,,,,,,,85.10,N,Not at Intersection, ,,None,,,         ,Kayla,Castro,,,no,no,no,no,no,False
102225166,METROPOLITAN NASHVILLE POLICE DEPT,20180987412,Davidson,Nashville,11/26/2018 4:09:00 PM,3,0,0,36.180810,-86.606490,OLD HICKORY BLVD,,,,494.00,Feet,North,FRIST BLVD,,,,0.00,N,Not at Intersection,N,Non-Junction,None,,,         ,Tony,Mingsing,Clear,Front to Rear,no,no,no,no,yes,False
102225167,METROPOLITAN NASHVILLE POLICE DEPT,20180987486,Davidson,Nashville,11/26/2018 5:10:00 PM,2,0,0,36.137250,-86.775840,I 65,,,,0.00,,,,,,,81.60,N,Not at Intersection, ,,None,,,         ,Akira,McSwain,,,no,no,no,no,no,False
102225171,METROPOLITAN NASHVILLE POLICE DEPT,20180987314,Davidson,Nashville,11/26/2018 4:00:00 PM,2,1,0,36.202900,-86.632560,BONNAWOOD DR,,,,7.00,Feet,East,BONNAWOOD CT,,,,0.00,N,Not at Intersection,N,Non-Junction,None,,,         ,Abbey,Sawl,Clear,Angle,no,no,no,no,no,False
102225172,METROPOLITAN NASHVILLE POLICE DEPT,20180987490,Davidson,Nashville,11/26/2018 5:13:00 PM,2,0,0,36.129310,-86.904280,CHARLOTTE PKE,,,,21.00,Feet,East,CHARLOTTE PKE PVTDR,,,,0.00,N,Not at Intersection,N,Non-Junction,None,,,         ,Mary,Robinson,Clear,Front to Rear,no,no,no,no,no,False
102225173,METROPOLITAN NASHVILLE POLICE DEPT,20180987351,Davidson,Nashville,11/26/2018 4:15:00 PM,2,0,0,36.049730,-86.646450,BELL FORGE LNE,,,,388.00,Feet,South,BELL RD,,,,0.00,N,Not at Intersection,N,Non-Junction,None,,,         ,Eric,Wegener,Clear,Angle,no,no,no,no,no,False
102225174,VANDERBILT UNIVERSITY POLICE,20180987191,Davidson,Nashville,11/26/2018 3:10:00 PM,1,0,0,36.141350,-86.806730,25TH AVS,,,,485.00,Feet,South,HIGHLAND AV,,,,0.00,N,Not at Intersection,N,Non-Junction,None,,,         ,Alan,Reed,Cloudy,Not Collision with Motor Vehicle in Transport,no,no,no,no,no,Campus
102225176,METROPOLITAN NASHVILLE POLICE DEPT,20180987285,Davidson,Nashville,11/26/2018 2:40:00 PM,2,0,0,36.045280,-86.646540,MT VIEW RD,,,,232.00,Feet,East,CROSSINGS BLVD,,,,0.00,N,Not at Intersection, ,Non-Junction,None,,,         ,Wesley,Carver,Cloudy,"Sideswipe, Same Direction",no,no,no,no,no,False
102225181,METROPOLITAN NASHVILLE POLICE DEPT,20180987498,Davidson,Nashville,11/26/2018 12:00:00 AM,2,0,0,36.157770,-86.771210,HERMITAGE AV,,,,80.00,Feet,East,1ST AVS,,,,0.00,N,Not at Intersection, ,Non-Junction,None,,,         ,Trevor,Taylor,Clear,Front to Rear,no,no,no,no,no,False
102225182,METROPOLITAN NASHVILLE POLICE DEPT,20180987565,Davidson,Nashville,11/26/2018 5:46:00 PM,3,0,0,36.120700,-86.807970,LOMBARDY AV,,,,0.00,Feet,,HILLSBORO PKE,,,,0.00,Y,Four-Way,N,Intersection-Related,None,,,         ,Ryan,Storm,Clear,Front to Rear,no,no,no,no,no,False
102225183,METROPOLITAN NASHVILLE POLICE DEPT,20180987567,Davidson,Nashville,11/26/2018 5:32:00 PM,2,0,0,36.140550,-86.737480,MURFREESBORO PKE,,,,106.00,Feet,East,MENZLER RD,,,,0.00,N,Not at Intersection, ,,None,,,         ,Jarret,Sonnenberg,,,no,no,no,no,no,False
102225184,METROPOLITAN NASHVILLE POLICE DEPT,20180987475,Davidson,Nashville,11/26/2018 5:05:00 PM,2,0,0,36.196370,-86.799500,FRENCH LANDING DR,,,,0.00,Feet,,ATHENS WAY,,,,0.00,Y,T-Intersection,Y,Intersection,None,,,         ,Kayla,Castro,Cloudy,Angle,no,no,no,no,no,False
102225185,METROPOLITAN NASHVILLE POLICE DEPT,20180987484,Davidson,Nashville,11/26/2018 5:05:00 PM,3,1,0,36.069110,-86.689330,I24 E EXT RAMP,,,,0.00,Feet,East,I 24,,,,0.00,N,Not at Intersection,N,Non-Junction,None,,,         ,Jesse,Cox,Clear,Front to Rear,no,no,no,no,no,False
102225196,METROPOLITAN NASHVILLE POLICE DEPT,20180987515,Davidson,Nashville,11/26/2018 4:51:00 PM,2,0,0,36.168100,-86.869300,BRILEY PKWYN,,,,51.00,Feet,South,BRILEY PKWY N EXT RAMP,,,,0.00,N,Not at Intersection, ,Non-Junction,None,,,         ,Laura,Williams,Cloudy,Front to Rear,no,no,no,no,no,False
102225197,METROPOLITAN NASHVILLE POLICE DEPT,20180987212,Davidson,Antioch,11/26/2018 2:15:00 PM,2,0,0,36.042540,-86.607090,HOBSON PKE,,,,193.00,Feet,West,MURFREESBORO PKE,,,,0.00,N,Not at Intersection,N,Non-Junction,None,,,         ,Andrew,Brazee,Cloudy,"Sideswipe, Same Direction",no,no,no,no,yes,False
102225201,METROPOLITAN NASHVILLE POLICE DEPT,20180987611,Davidson,Nashville,11/26/2018 5:40:00 PM,2,0,0,36.148430,-86.776590,I 40,,,,0.00,,,,,,,210.00,N,Not at Intersection,N,Non-Junction,None,,,         ,Jessica,Johann,Clear,Front to Rear,no,no,no,no,no,False
102225204,GOODLETTSVILLE POLICE DEPT,18-41678,Davidson,Goodlettsville,11/26/2018 3:25:00 PM,2,0,0,36.323340,-86.706140,I65 S ENT RAMP,,,,109.00,Feet,East,I 65,,,,0.00,N,Not at Intersection, ,Entrance/Exit Ramp Related,None,,,         ,Nicholas,Given,Cloudy,Front to Rear,no,no,no,no,no,False
102225219,GOODLETTSVILLE POLICE DEPT,18-41671,Davidson,Goodlettsville,11/26/2018 2:00:00 PM,2,1,0,36.302100,-86.709960,I 65,,,,0.00,,,,,,,95.30,N,Not at Intersection,N,Non-Junction,None,,,         ,William,Hunter,Cloudy,Front to Rear,no,no,no,no,no,False
102225224,METROPOLITAN NASHVILLE POLICE DEPT,20180987407,Davidson,Nashville,11/26/2018 4:21:00 PM,3,0,0,36.141810,-86.712810,I 40,,,,0.00,,,,,,,214.05,N,Not at Intersection, ,Non-Junction,None,,,         ,Dontaveous,Eubanks,Clear,Front to Rear,no,no,no,no,no,False
102225227,METROPOLITAN NASHVILLE POLICE DEPT,20180987537,Davidson,Nashville,11/26/2018 4:35:00 PM,2,0,0,36.171170,-86.873930,CENTENNIAL BLVD,,,,0.00,,,COCKRILL BEND BLVD,,,,0.00,Y,Four-Way, ,Intersection-Related,None,,,         ,Laura,Williams,Clear,Front to Rear,no,no,no,no,no,False
102225229,METROPOLITAN NASHVILLE POLICE DEPT,20180987557,Davidson,Nashville,11/26/2018 5:42:00 PM,2,1,0,36.070880,-86.769700,I 65,,,,0.00,,,,,,,77.00,N,Not at Intersection,N,Non-Junction,None,,,         ,FELIKS,ABRAHAMYAN,Clear,Front to Rear,no,no,no,no,no,False
102225232,METROPOLITAN NASHVILLE POLICE DEPT,20180987410,Davidson,Old Hickory,11/26/2018 4:25:00 PM,2,0,0,36.252610,-86.647940,OLD HICKORY BLVD,,,,0.00,,,HADLEY AV,,,,0.00,Y,T-Intersection,Y,Intersection-Related,None,,,         ,Craig,Gentry,Clear,Front to Rear,no,no,no,no,yes,False
102225233,METROPOLITAN NASHVILLE POLICE DEPT,20180987668,Davidson,Nashville,11/26/2018 5:26:00 PM,2,0,0,36.073970,-86.924290,HIGHWAY 70S,,,,67.00,Feet,East,BELLE FOREST CIR,,,,0.00,N,Not at Intersection,N,Non-Junction,None,,,         ,Mary,Robinson,Clear,Front to Rear,no,no,no,no,no,False
102225253,METROPOLITAN NASHVILLE POLICE DEPT,20180987651,Davidson,Nashville,11/26/2018 6:10:00 PM,2,0,0,36.180930,-86.749580,GALLATIN AV,,,,152.00,Feet,South,MANSFIELD ST,,,,0.00,N,Not at Intersection, ,Non-Junction,None,,,         ,Christopher,Butner,Clear,"Sideswipe, Same Direction",no,no,no,no,no,False
102225258,METROPOLITAN NASHVILLE POLICE DEPT,20180987511,Davidson,Nashville,11/26/2018 5:20:00 PM,2,0,0,36.159520,-86.776230,4TH AVS,,,,169.00,Feet,South,SYMPHONY PL,,,,0.00,N,Not at Intersection, ,Non-Junction,None,,,         ,Brandon,O'Guin,Clear,Angle,no,no,no,no,no,False
102225259,METROPOLITAN NASHVILLE POLICE DEPT,20180987748,Davidson,Nashville,11/26/2018 4:49:00 PM,2,0,0,36.215120,-86.597670,LEBANON PKE,,,,0.00,,,ANDREW JACKSON PKWY,,,,0.00,Y,Four-Way, ,,None,,,         ,Tony,Mingsing,,,no,no,no,no,no,False
102225265,METROPOLITAN NASHVILLE POLICE DEPT,20180987514,Davidson,Nashville,11/26/2018 5:25:00 PM,2,0,0,36.156310,-86.767940,HERMITAGE AV,,,,311.00,Feet,West,MIDDLETON ST,,,,0.00,N,Not at Intersection, ,,None,,,         ,Timothy,Mead,,,no,no,no,no,no,False
102225266,METROPOLITAN NASHVILLE POLICE DEPT,20180987621,Davidson,Nashville,11/26/2018 5:23:00 PM,2,0,0,36.127040,-86.843470,WOODLAWN DR,,,,228.00,Feet,South,HARDING PKE,,,,0.00,N,Not at Intersection,N,Non-Junction,None,,,         ,Ryan,Burger,Clear,Front to Rear,no,no,no,no,no,False
102225267,METROPOLITAN NASHVILLE POLICE DEPT,20180987658,Davidson,Nashville,11/26/2018 5:31:00 PM,3,0,0,36.206710,-86.779400,W TRINITY LN,,,,285.00,Feet,West,HAMPTON ST,,,,0.00,N,Not at Intersection,N,Non-Junction,None,,,         ,Kayla,Castro,Clear,Front to Rear,no,no,no,no,yes,False
102225268,METROPOLITAN NASHVILLE POLICE DEPT,20180987576,Davidson,Nashville,11/26/2018 5:49:00 PM,2,4,0,36.153200,-86.764470,I 40,,,,0.00,,,,,,,210.70,N,Not at Intersection,N,Non-Junction,None,,,         ,Samuel,Sundra,Clear,Front to Rear,no,no,no,no,no,False
102225271,METROPOLITAN NASHVILLE POLICE DEPT,20180987455,Davidson,Nashville,11/26/2018 4:47:00 PM,2,0,0,36.154040,-86.770070,2ND AVS,,,,50.00,Feet,South,ELM ST,,,,0.00,N,Not at Intersection, ,Non-Junction,None,,,         ,Joshua,Reece,Clear,Angle,no,no,no,no,no,False
102225272,GOODLETTSVILLE POLICE DEPT,18-41684,Davidson,Goodlettsville,11/26/2018 4:54:00 PM,3,0,0,36.318120,-86.702030,I 65,,,,0.00,,,,,,,96.55,N,Not at Intersection,N,Non-Junction,None,,,         ,William,Hunter,Cloudy,Front to Rear,no,no,no,no,no,False
102225276,METROPOLITAN NASHVILLE POLICE DEPT,20180987488,Davidson,Nashville,11/26/2018 5:10:00 PM,2,1,0,36.109720,-86.730500,THOMPSON LN,,,,172.00,Feet,East,MASHBURN RD,,,,0.00,N,Not at Intersection,N,Non-Junction,None,,,         ,Shelby,Hughes,Clear,Front to Rear,no,no,no,no,yes,False
102225277,METROPOLITAN NASHVILLE POLICE DEPT,20180987630,Davidson,Nashville,11/26/2018 6:09:00 PM,2,1,0,36.129620,-86.899820,I 40,,,,0.00,,,,,,,201.00,N,Not at Intersection,N,Non-Junction,None,,,         ,Jeremy,Huffine,Clear,"Sideswipe, Same Direction",no,no,no,no,yes,False
102225283,METROPOLITAN NASHVILLE POLICE DEPT,20180987755,Davidson,Nashville,11/26/2018 6:06:00 PM,2,0,0,36.107610,-86.676440,MURFREESBORO PKE,,,,146.00,Feet,East,DELL PKWY,,,,0.00,N,Not at Intersection,N,Non-Junction,None,,,         ,Jaby,Djabbarov,Clear,"Sideswipe, Same Direction",no,no,no,no,yes,False
102225285,METROPOLITAN NASHVILLE POLICE DEPT,20180987579,Davidson,Nashville,11/26/2018 12:00:00 AM,2,0,0,36.070000,-86.698800,EAST RIDGE DR,,,,10.00,Feet,South,HAYWOOD LN,,,,0.00,N,Not at Intersection,N,Non-Junction,None,,,         ,Ryan,Sherry,Clear,Angle,no,no,no,no,no,False
102225286,METROPOLITAN NASHVILLE POLICE DEPT,20180987776,Davidson,Nashville,11/26/2018 5:46:00 PM,2,0,0,36.091850,-86.704800,I 24,,,,0.00,,,,,,,55.20,N,Not at Intersection, ,Non-Junction,None,,,         ,Jonathan,Watch,Cloudy,Front to Rear,no,no,no,no,no,False
102225288,METROPOLITAN NASHVILLE POLICE DEPT,20180987605,Davidson,Nashville,11/26/2018 3:50:00 PM,2,0,0,36.171350,-86.601680,OLD HICKORY BLVD,,,,196.00,Feet,North,I40 W EXT RAMP,,,,0.00,N,Not at Intersection, ,"Driveway, Alley Access, etc",None,,,         ,Abbey,Sawl,Clear,Front to Rear,no,no,no,no,no,False
102225289,METROPOLITAN NASHVILLE POLICE DEPT,20180987535,Davidson,Nashville,11/26/2018 5:15:00 PM,2,0,0,36.063320,-86.637390,BELL RD,,,,0.00,,,RICE RD,,,,0.00,Y,T-Intersection,N,Intersection,None,,,         ,Mary,Williams,Clear,Angle,no,no,no,no,yes,False
102225295,GOODLETTSVILLE POLICE DEPT,18-41685,Davidson,Goodlettsville,11/26/2018 5:04:00 PM,2,0,0,36.297460,-86.713890,I 65,,,,0.00,,,,,,,94.95,N,Not at Intersection, ,Non-Junction,None,,,         ,Nicholas,Given,Cloudy,Front to Rear,no,no,no,no,no,False
102225299,METROPOLITAN NASHVILLE POLICE DEPT,20180987697,Davidson,Nashville,11/26/2018 6:38:00 PM,2,0,0,36.198910,-86.838380,CLARKSVILLE PKE,,,,170.00,Feet,South,NORTH GATE SHOPPING CTR PVTDR,,,,0.00,N,Not at Intersection, ,,None,,,         ,Kayla,Castro,,,no,no,no,no,no,False
102225302,METROPOLITAN NASHVILLE POLICE DEPT,20180987656,Davidson,Nashville,11/26/2018 5:05:00 PM,2,0,0,36.044770,-86.661010,BELL RD,,,,152.00,Feet,East,CANE RIDGE RD,,,,0.00,N,Not at Intersection, ,Non-Junction,None,,,         ,Wesley,Carver,Cloudy,Front to Rear,no,no,no,no,no,False
102225332,METROPOLITAN NASHVILLE POLICE DEPT,20180987439,Davidson,Nashville,11/26/2018 4:35:00 PM,2,0,0,36.145350,-86.740970,I 40,,,,0.00,,,,,,,212.25,N,Not at Intersection,N,Non-Junction,None,,,         ,Andrew,Brazee,Cloudy,"Sideswipe, Same Direction",no,no,no,no,yes,False
102225337,METROPOLITAN NASHVILLE POLICE DEPT,20180987734,Davidson,Nashville,11/26/2018 7:11:00 PM,2,0,0,36.145980,-86.753910,MURFREESBORO PKE,,,,0.00,,,EXPRESSWAY PARK DR,,,,0.00,Y,T-Intersection, ,Intersection,None,,,         ,Jessica,Johann,Clear,Front to Rear,no,no,no,no,no,False
102225338,METROPOLITAN NASHVILLE POLICE DEPT,20180987881,Davidson,Nashville,11/26/2018 6:30:00 PM,2,0,0,36.110600,-86.717950,BRILEY PKWYS,,,,469.00,Feet,West,AVERITT EXPRESS DR,,,,0.00,N,Not at Intersection, ,Non-Junction,None,,,         ,Jesse,Cox,Clear,Front to Rear,no,no,no,no,no,False
102225341,VANDERBILT UNIVERSITY POLICE,20180987551,Davidson,Nashville,11/26/2018 12:00:00 AM,2,0,0,36.142320,-86.799490,21ST AVS,,,,0.00,,,MEDICAL CENTER DR,,,,0.00,,Not at Intersection, ,Non-Junction,None,,,         ,Mark,Clear,Clear,Front to Rear,no,no,no,yes,no,Campus
102225342,METROPOLITAN NASHVILLE POLICE DEPT,20180987841,Davidson,Nashville,11/26/2018 6:00:00 PM,2,0,0,36.049980,-86.649500,BELL RD,,,,0.00,,,MT VIEW RD,,,,0.00,Y,Four-Way, ,Intersection-Related,None,,,         ,Eric,Wegener,Cloudy,Front to Rear,no,no,no,no,no,False
102225361,METROPOLITAN NASHVILLE POLICE DEPT,20180987631,Davidson,Nashville,11/26/2018 6:09:00 PM,2,0,0,36.109120,-86.726450,BRILEY PKWYN,,,,315.00,Feet,West,BRILEY PKWYS,,,,0.00,N,Not at Intersection,N,Non-Junction,None,,,         ,Andrew,Brazee,Cloudy,Front to Rear,no,no,no,no,no,False
102225363,METROPOLITAN NASHVILLE POLICE DEPT,20180987921,Davidson,Nashville,11/26/2018 8:33:00 PM,2,0,0,36.177270,-86.755500,MCFERRIN AV,,,,238.00,Feet,North,MAIN ST,,,,0.00,N,Not at Intersection, ,Non-Junction,None,,,         ,Christopher,Valdez,Clear,Other,no,no,no,no,yes,False
102225395,METROPOLITAN NASHVILLE POLICE DEPT,20180987660,Davidson,Nashville,11/26/2018 6:27:00 PM,2,0,0,36.087800,-86.691330,HARDING PL,,,,293.00,Feet,East,ANTIOCH PKE,,,,0.00,N,Not at Intersection, ,Non-Junction,None,,,         ,Shelby,Hughes,Clear,"Sideswipe, Same Direction",no,no,no,yes,no,False
102225422,METROPOLITAN NASHVILLE POLICE DEPT,20180987893,Davidson,Antioch,11/26/2018 5:27:00 PM,2,0,0,36.049310,-86.600000,PIN HOOK RD,,,,0.00,Feet,East,HOBSON PKE,,,,0.00,N,Not at Intersection, ,Non-Junction,None,,,         ,Wesley,Carver,Cloudy,Angle,no,no,no,no,no,False
102225425,METROPOLITAN NASHVILLE POLICE DEPT,20180987715,Davidson,Nashville,11/26/2018 7:00:00 PM,2,4,0,36.124320,-86.743410,I 440,,,,0.00,,,,,,,6.65,N,Not at Intersection,N,Non-Junction,None,,,         ,Andrew,Brazee,Cloudy,Angle,no,no,no,no,no,False
102225445,METROPOLITAN NASHVILLE POLICE DEPT,20180987873,Davidson,Nashville,11/26/2018 6:05:00 PM,3,0,0,36.074220,-86.692930,I 24,,,,0.00,,,,,,,56.60,N,Not at Intersection,N,Non-Junction,None,,,         ,Shelby,Hughes,Clear,Front to Rear,no,no,no,no,yes,False
102225474,METROPOLITAN NASHVILLE POLICE DEPT,20180988067,Davidson,Nashville,11/26/2018 10:17:00 PM,1,0,0,36.074680,-86.753700,BLACKMAN RD,,,,324.00,Feet,East,TIMBERHILL DR,,,,0.00,N,Not at Intersection, ,Non-Junction,None,,,         ,Douglas,Sykes,Clear,Not Collision with Motor Vehicle in Transport,no,no,no,no,no,False
102225506,METROPOLITAN NASHVILLE POLICE DEPT,20180987744,Davidson,Nashville,11/26/2018 7:04:00 PM,3,0,0,36.173590,-86.602150,OLD HICKORY BLVD,,,,0.00,,,CENTRAL PKE,,,,0.00,Y,Four-Way,N,Intersection,None,,,         ,Abbey,Sawl,Clear,Angle,no,no,no,no,no,False
102225532,METROPOLITAN NASHVILLE POLICE DEPT,20180988151,Davidson,Nashville,11/26/2018 10:20:00 PM,2,2,0,36.045480,-86.647290,CROSSINGS BLVD,,,,0.00,Feet,,MT VIEW RD,,,,0.00,Y,Four-Way,N,Unknown,None,,,         ,Sharissa,Perez,Clear,Front to Rear,no,no,no,no,no,False
102225535,METROPOLITAN NASHVILLE POLICE DEPT,20180988508,Davidson,Not in City Limit,11/27/2018 1:56:00 AM,2,0,0,36.266190,-86.742010,OLD HICKORY BLVDW,,,,195.00,Feet,West,NESBITT LN,,,,0.00,N,Not at Intersection,N,Non-Junction,None,,,         ,Ryan,Ludvigson,Cloudy,Not Collision with Motor Vehicle in Transport,no,no,no,no,no,False
102225565,METROPOLITAN NASHVILLE POLICE DEPT,20180988683,Davidson,Not in City Limit,11/27/2018 3:09:00 AM,1,0,0,35.997570,-86.675060,PETTUS RD,,,,0.88,Miles,South,OLD HICKORY BLVD,,,,0.00,N,Not at Intersection, ,Non-Junction,None,,,         ,Kaleb,Stella,Clear,Not Collision with Motor Vehicle in Transport,no,no,no,no,no,False
102225597,METROPOLITAN NASHVILLE POLICE DEPT,20180988927,Davidson,Nashville,11/27/2018 4:45:00 AM,2,1,0,36.204820,-86.606320,ANDREW JACKSON PKWY,,,,129.00,Feet,North,RACHELS TRL,,,,0.00,N,Not at Intersection,N,Non-Junction,None,,,         ,Patrick,Lancaster,Clear,HeadOn,no,no,no,no,no,False
102225629,METROPOLITAN NASHVILLE POLICE DEPT,20180989139,Davidson,Nashville,11/27/2018 12:00:00 AM,2,0,0,36.165460,-86.800340,HERMAN ST,,,,0.00,,,16TH AVN,,,,0.00,Y,Four-Way,N,Intersection,None,,,         ,Wesley,Young,Unknown,Front to Rear,no,no,no,no,yes,False
102225666,METROPOLITAN NASHVILLE POLICE DEPT,20180989106,Davidson,Not in City Limit,11/27/2018 6:15:00 AM,4,1,0,36.324350,-86.870910,I 24,,,,0.00,,,,,,,34.80,N,Not at Intersection,N,Non-Junction,None,,,         ,Bobby,Samuels,Clear,Front to Rear,no,no,no,no,no,False
102225679,METROPOLITAN NASHVILLE POLICE DEPT,2018-0989167,Davidson,Nashville,11/27/2018 7:09:00 AM,2,1,0,36.072130,-86.732890,WHISPERING HILLS DR,,,,0.00,,,EDMONDSON PKE,,,,0.00,Y,Four-Way,N,Intersection,None,,,         ,Stanley,Collins,Cloudy,Front to Rear,no,no,no,no,yes,False
102225682,VANDERBILT UNIVERSITY POLICE,20180989262,Davidson,Nashville,11/27/2018 7:35:00 AM,2,0,0,36.142130,-86.805800,HIGHLAND AV,,,,0.00,,,,,,,0.00,,, ,Non-Junction,None,,,         ,William,Gladu,Cloudy,Angle,no,no,no,yes,no,Campus
102225686,METROPOLITAN NASHVILLE POLICE DEPT,20180989045,Davidson,Nashville,11/27/2018 5:50:00 AM,2,0,0,36.172280,-86.768730,I 24,,,,0.00,,,,,,,48.30,N,Not at Intersection,Y,Entrance/Exit Ramp Related,None,,,         ,Landon,Bagwell,Cloudy,"Sideswipe, Same Direction",no,no,no,no,yes,False
102225688,METROPOLITAN NASHVILLE POLICE DEPT,20180989210,Davidson,Nashville,11/27/2018 7:22:00 AM,2,0,0,36.096250,-86.703080,ANTIOCH PKE,,,,1156.00,Feet,East,SPACE PARK SOUTH DR,,,,0.00,N,Not at Intersection, ,,None,,,         ,Charles,Wakefield,,,no,no,no,no,no,False
102225708,METROPOLITAN NASHVILLE POLICE DEPT,20180986573,Davidson,Nashville,11/26/2018 10:25:00 AM,1,1,0,36.169280,-86.780990,3RD AVN,,,,0.00,,,4TH AVN,,,,0.00,Y,T-Intersection,N,Intersection-Related,None,,,         ,Cory,West,Clear,Not Collision with Motor Vehicle in Transport,yes,no,no,no,no,False
102225725,METROPOLITAN NASHVILLE POLICE DEPT,20180989395,Davidson,Nashville,11/27/2018 7:30:00 AM,2,0,0,36.048770,-86.665180,I 24,,,,0.00,,,,,,,59.00,N,Not at Intersection, ,,None,,,         ,Steven,Williams,,,no,no,no,no,no,False