master_record_number,agency,agency_tracking_number,county,city,collision_date,vehicles_involved,number_injured,number_dead,latitude,longitude,roadway_name,roadway_suffix,roadway_number,roadway_local_id,distance_from_reference,miles-feet_indicator,direction_from_reference,intersection_road_name,intersection_road_name_suffix,intersection_road_number,intersection_local_id,mile_marker,intersection_indicator,intersect_type,interchange_related_indicator,relation_to_junction,work_zone_type,construction_maintenance_zone,construction_maintenance_zone_location,fatal_case_number,officer_first_name,officer_last_name,weather_condition(s),manner_of_crash,pedestrian,bicycle,scooter,parking,hitrun,mou
102228381,METROPOLITAN NASHVILLE POLICE DEPT,20180996492,Davidson,Nashville,11/29/2018 4:03:00 PM,2,0,0,36.069530,-86.722850,COTTON LN,,,,354.00,Feet,South,NOLENSVILLE PKE,,,,0.00,N,Not at Intersection,N,Non-Junction,None,,,         ,Ryan,Coll,Rain,Front to Rear,no,no,no,yes,yes,False
102228386,METROPOLITAN NASHVILLE POLICE DEPT,20180996406,Davidson,Not in City Limit,11/29/2018 3:18:00 PM,2,1,0,36.048320,-86.952510,TEMPLE RD,,,,120.00,Feet,East,OLD HARDING PKE,,,,0.00,N,Not at Intersection,N,Non-Junction,None,,,         ,Jeremy,Huffine,Rain,Front to Rear,no,no,no,no,no,False
102228402,METROPOLITAN NASHVILLE POLICE DEPT,20180996528,Davidson,Nashville,11/29/2018 3:33:00 PM,2,0,0,36.193470,-86.830920,CLARKSVILLE PKE,,,,109.00,Feet,East,BUENA VISTA PKE,,,,0.00,N,Not at Intersection, ,Non-Junction,None,,,         ,Eric,McCoy,Rain,Front to Rear,no,no,no,no,no,False
102228411,METROPOLITAN NASHVILLE POLICE DEPT,20180996669,Davidson,Nashville,11/29/2018 5:11:00 PM,2,0,0,36.087490,-86.692060,HARDING PL,,,,49.00,Feet,East,ANTIOCH PKE,,,,0.00,N,Not at Intersection,N,Non-Junction,None,,,         ,YUNUS,ADAK,Rain,Front to Rear,no,no,no,no,yes,False
102228421,METROPOLITAN NASHVILLE POLICE DEPT,20180996464,Davidson,Nashville,11/29/2018 3:40:00 PM,2,0,0,36.153090,-86.764040,UNIVERSITY CT,,,,0.00,,,CARROLL ST,,,,0.00,Y,T-Intersection,N,Intersection,None,,,         ,Darci,Stechman,Cloudy,Angle,no,no,no,no,yes,False
102228426,METROPOLITAN NASHVILLE POLICE DEPT,20180996653,Davidson,Nashville,11/29/2018 5:03:00 PM,2,0,0,36.161330,-86.780600,COMMERCE ST,,,,0.00,,,6TH AVN,,,,0.00,Y,T-Intersection, ,,None,,,         ,Evan,Grace,,,no,no,no,no,no,False
102228435,METROPOLITAN NASHVILLE POLICE DEPT,20180996498,Davidson,Nashville,11/29/2018 4:04:00 PM,3,0,0,36.099470,-86.710960,I 24,,,,0.00,,,,,,,54.60,N,Not at Intersection, ,Non-Junction,None,,,         ,Ciarra,Rench,Rain,Front to Rear,no,no,no,no,no,False
102228436,METROPOLITAN NASHVILLE POLICE DEPT,20180996685,Davidson,Nashville,11/29/2018 5:17:00 PM,2,1,0,36.217460,-86.743510,HART LN,,,,17.00,Feet,West,BEN ALLEN RD,,,,0.00,N,Not at Intersection,N,Non-Junction,None,,,         ,Amanda,Fox,Rain,Angle,no,no,no,no,no,False
102228440,METROPOLITAN NASHVILLE POLICE DEPT,20180996448,Davidson,Nashville,11/29/2018 2:21:00 PM,2,0,0,36.160470,-86.775280,3RD AVS,,,,0.00,,,SHELBY ST PEDESTRIAN BRIDGE GR,,,,0.00,Y,OTHER, ,Non-Junction,None,,,         ,Thomas,Broatch,Cloudy,Angle,no,no,no,no,no,False
102228445,METROPOLITAN NASHVILLE POLICE DEPT,20180996549,Davidson,Nashville,11/29/2018 4:24:00 PM,2,0,0,36.102180,-86.756270,ARMORY DR,,,,0.00,,,SIDCO DR,,,,0.00,Y,OTHER, ,Non-Junction,None,,,         ,Brandon,Harbaugh,Rain,Other,no,no,no,no,no,False
102228446,METROPOLITAN NASHVILLE POLICE DEPT,20180996608,Davidson,Nashville,11/29/2018 4:40:00 PM,1,0,0,36.182190,-86.745060,N 14TH ST,,,,0.00,,,STRATTON AV,,,,0.00,Y,OTHER,N,Non-Junction,None,,,         ,Gregory,Cenicola,Rain,Not Collision with Motor Vehicle in Transport,no,no,no,no,yes,False
102228448,METROPOLITAN NASHVILLE POLICE DEPT,20180996686,Davidson,Nashville,11/29/2018 4:37:00 PM,2,0,0,36.174450,-86.795730,10TH AVN,,,,0.00,,,MONROE ST,,,,0.00,Y,T-Intersection,N,Intersection-Related,None,,,         ,Christopher,Dickerson,Rain,Angle,no,no,no,no,no,False
102228465,METROPOLITAN NASHVILLE POLICE DEPT,20180996631,Davidson,Nashville,11/29/2018 4:53:00 PM,1,1,0,36.086870,-86.696350,HARDING PL,,,,118.00,Feet,West,METROPLEX DR,,,,0.00,N,Not at Intersection,N,Non-Junction,None,,,         ,William,Durham,Rain,Not Collision with Motor Vehicle in Transport,yes,no,no,yes,no,False
102228468,METROPOLITAN NASHVILLE POLICE DEPT,2018996202,Davidson,Nashville,11/29/2018 1:30:00 PM,2,0,0,36.126010,-86.851990,POSTWOOD PL,,,,391.00,Feet,East,POST RD,,,,0.00,N,Not at Intersection, ,Non-Junction,None,,,         ,Alexander,Donald,Rain,"Sideswipe, Same Direction",no,no,no,no,yes,False
102228469,METROPOLITAN NASHVILLE POLICE DEPT,20180996623,Davidson,Not in City Limit,11/29/2018 4:49:00 PM,2,0,0,36.277610,-86.800250,I 24,,,,0.00,,,,,,,40.50,N,Not at Intersection, ,Non-Junction,None,,,         ,Christopher,Littles,Rain,Front to Rear,no,no,no,no,no,False
102228470,METROPOLITAN NASHVILLE POLICE DEPT,20180996723,Davidson,Nashville,11/29/2018 5:35:00 PM,3,0,0,36.246930,-86.744370,I65 S EXT RAMP,,,,0.00,,,I 65,,,,0.00,Y,Y-Intersection,N,OtherLocation,None,,,         ,Christopher,Littles,Rain,Angle,no,no,no,no,yes,False
102228472,METROPOLITAN NASHVILLE POLICE DEPT,20180996822,Davidson,Nashville,11/29/2018 5:45:00 PM,1,0,0,36.249020,-86.742190,I 65,,,,0.00,,,,,,,91.10,N,Not at Intersection,N,Non-Junction,None,,,         ,Christopher,Littles,Rain,Unknown,no,no,no,no,no,False
102228476,GOODLETTSVILLE POLICE DEPT,18-42055,Davidson,Goodlettsville,11/29/2018 5:30:00 PM,2,0,0,36.310570,-86.702300,I 65,,,,0.00,,,,,,,96.05,N,Not at Intersection, ,Non-Junction,None,,,         ,Marcus,Zugelder,Rain,Front to Rear,no,no,no,no,no,False
102228485,METROPOLITAN NASHVILLE POLICE DEPT,20180996737,Davidson,Nashville,11/29/2018 5:30:00 PM,2,0,0,36.150640,-86.864960,I 40,,,,0.00,,,,,,,203.55,N,Not at Intersection,N,Non-Junction,None,,,         ,Laura,Williams,Clear,Front to Rear,no,no,no,no,yes,False
102228486,METROPOLITAN NASHVILLE POLICE DEPT,20180996764,Davidson,Nashville,11/29/2018 5:07:00 PM,2,0,0,36.156920,-86.798980,18TH AVN,,,,0.00,,,PATTERSON ST,,,,0.00,Y,Four-Way, ,Intersection,None,,,         ,Gary,Peters,Rain,Angle,no,no,no,no,no,False
102228487,BERRY HILL POLICE DEPT,18-4284,Davidson,Berry Hill,11/29/2018 12:00:00 AM,2,2,0,36.120240,-86.765780,BRANSFORD AV,,,,122.00,Feet,North,MELROSE AV,,,,0.00,N,Not at Intersection,N,Non-Junction,None,,,         ,John,Gleixner,Rain,Front to Rear,no,no,no,no,no,False
102228488,METROPOLITAN NASHVILLE POLICE DEPT,20180996610,Davidson,Nashville,11/29/2018 4:41:00 PM,2,1,0,36.086860,-86.695950,HARDING PL,,,,0.00,Feet,,METROPLEX DR,,,,0.00,Y,T-Intersection,N,Intersection-Related,None,,,         ,Shelby,Hughes,Rain,Front to Rear,no,no,no,no,yes,False
102228492,METROPOLITAN NASHVILLE POLICE DEPT,20180996736,Davidson,Nashville,11/29/2018 5:40:00 PM,2,0,0,36.069970,-86.685630,HAYWOOD LN,,,,0.00,,,BAKERTOWN RD,,,,0.00,Y,Four-Way,N,Non-Junction,None,,,         ,Eric,Wegener,Rain,HeadOn,no,no,no,no,no,False
102228503,METROPOLITAN NASHVILLE POLICE DEPT,20180996399,Davidson,Nashville,11/29/2018 3:25:00 PM,3,0,0,36.045400,-86.712940,OLD HICKORY BLVD,,,,95.00,Feet,East,NOLENSVILLE PKE,,,,0.00,N,Not at Intersection, ,Non-Junction,Work Zone,,,         ,Andrew,Brazee,Rain,Front to Rear,no,no,no,no,no,False
102228522,METROPOLITAN NASHVILLE POLICE DEPT,20180996878,Davidson,Nashville,11/29/2018 6:04:00 PM,2,0,0,36.158600,-86.818540,28TH AVN,,,,46.00,Feet,South,CLIFTON AV,,,,0.00,N,Not at Intersection, ,,None,,,         ,Kayla,Castro,,,no,no,no,no,no,False
102228523,METROPOLITAN NASHVILLE POLICE DEPT,20180996735,Davidson,Nashville,11/29/2018 2:52:00 PM,2,0,0,36.169190,-86.808810,JEFFERSON ST,,,,237.00,Feet,East,21ST AVN,,,,0.00,N,Not at Intersection,N,Non-Junction,None,,,         ,Christopher,Dickerson,Rain,"Sideswipe, Same Direction",no,no,no,no,yes,False
102228525,METROPOLITAN NASHVILLE POLICE DEPT,20180996482,Davidson,Nashville,11/29/2018 3:13:00 PM,2,0,0,0.000000,0.000000,APPLE RIDGE CIR,CIR,,,500.00,Feet,North,,,,,10.00,N,Not at Intersection, ,,None,,,         ,FELIKS,ABRAHAMYAN,,,no,no,no,no,no,False
102228529,METROPOLITAN NASHVILLE POLICE DEPT,20180996777,Davidson,Nashville,11/29/2018 3:58:00 PM,2,0,0,36.066170,-86.774230,FRANKLIN PKE,,,,47.00,Feet,South,HOGAN RD,,,,0.00,N,Not at Intersection, ,,None,,,         ,Nicholas,Carroll,,,no,no,no,no,no,False
102228530,METROPOLITAN NASHVILLE POLICE DEPT,20180996717,Davidson,Nashville,11/29/2018 5:08:00 PM,3,0,0,36.089350,-86.802940,BATTERY LN,,,,0.00,,,GRANNY WHITE PKE,,,,0.00,Y,Four-Way,N,Intersection,None,,,         ,Ryan,Storm,Rain,Angle,no,no,no,no,no,False
102228532,METROPOLITAN NASHVILLE POLICE DEPT,20180996707,Davidson,Nashville,11/29/2018 5:20:00 PM,2,0,0,36.231870,-86.624650,OLD HICKORY BLVD,,,,154.00,Feet,South,SHUTE LN,,,,0.00,N,Not at Intersection,N,Non-Junction,None,,,         ,Marvis,Malone,Cloudy,"Sideswipe, Same Direction",no,no,no,no,yes,False
102228545,METROPOLITAN NASHVILLE POLICE DEPT,20180996699,Davidson,Nashville,11/29/2018 4:14:00 PM,2,0,0,36.113290,-86.772400,I 65,,,,0.00,,,,,,,80.00,N,Not at Intersection, ,Non-Junction,None,,,         ,FELIKS,ABRAHAMYAN,Rain,Front to Rear,no,no,no,no,no,False
102228552,METROPOLITAN NASHVILLE POLICE DEPT,20180996800,Davidson,Nashville,11/29/2018 4:40:00 PM,2,0,0,36.213040,-86.735640,HOME RD,,,,22.00,Feet,West,HART LN,,,,0.00,N,Not at Intersection,N,Non-Junction,None,,,         ,Amanda,Fox,Rain,Angle,no,no,no,no,yes,False
102228553,METROPOLITAN NASHVILLE POLICE DEPT,20180996832,Davidson,Nashville,11/29/2018 5:43:00 PM,2,0,0,36.051450,-86.702710,OCALA DR,,,,0.00,,,EULALA DR,,,,0.00,Y,Four-Way,N,Intersection,None,,,         ,Nathaniel,Myers,Cloudy,Angle,no,no,no,no,yes,False
102228555,METROPOLITAN NASHVILLE POLICE DEPT,20180996943,Davidson,Nashville,11/29/2018 6:50:00 PM,2,0,0,36.183960,-86.775090,I 24,,,,0.00,,,,,,,47.30,N,Not at Intersection, ,,None,,,         ,Riley,Brewer,,,no,no,no,no,no,False
102228559,METROPOLITAN NASHVILLE POLICE DEPT,20180996592,Davidson,Nashville,11/29/2018 4:00:00 PM,2,0,0,36.134140,-86.819920,I440 E ENT RAMP,,,,0.00,Feet,East,I 440,,,,0.00,N,Not at Intersection, ,Non-Junction,None,,,         ,Jeremy,Spears,Clear,Angle,no,no,no,no,no,False
102228561,METROPOLITAN NASHVILLE POLICE DEPT,20180996658,Davidson,Nashville,11/29/2018 5:07:00 PM,3,0,0,36.155590,-86.771070,2ND AVS,,,,0.00,,,LEA AV,,,,0.00,Y,Four-Way,N,Intersection,None,,,         ,Thomas,Broatch,Cloudy,Angle,no,no,no,no,no,False
102228562,METROPOLITAN NASHVILLE POLICE DEPT,20180996614,Davidson,Nashville,11/29/2018 4:28:00 PM,2,0,0,36.164070,-86.783920,7TH AVN,,,,250.00,Feet,North,UNION ST,,,,0.00,N,Not at Intersection, ,Non-Junction,None,,,         ,Joshua,Reece,Rain,Front to Rear,no,no,no,no,no,False
102228574,METROPOLITAN NASHVILLE POLICE DEPT,20180996827,Davidson,Nashville,11/29/2018 5:36:00 PM,2,0,0,36.107140,-86.719460,I24 W EXT RAMP,,,,0.00,Feet,East,I 24,,,,0.00,N,Not at Intersection, ,Non-Junction,None,,,         ,Ciarra,Rench,Rain,"Sideswipe, Same Direction",no,no,no,no,no,False
102228581,METROPOLITAN NASHVILLE POLICE DEPT,20180996867,Davidson,Nashville,11/29/2018 5:44:00 PM,2,0,0,36.157820,-86.775120,4TH AVS,,,,177.00,Feet,South,MOLLOY ST,,,,0.00,N,Not at Intersection, ,Non-Junction,None,,,         ,Jonathan,Nicholson,Rain,"Sideswipe, Same Direction",no,no,no,no,no,False
102228583,METROPOLITAN NASHVILLE POLICE DEPT,20180996974,Davidson,Nashville,11/29/2018 7:39:00 PM,1,0,0,36.095080,-86.707420,I 24,,,,0.00,,,,,,,55.00,N,Not at Intersection,N,Non-Junction,None,,,         ,YUNUS,ADAK,Cloudy,Not Collision with Motor Vehicle in Transport,no,no,no,no,no,False
102228584,METROPOLITAN NASHVILLE POLICE DEPT,20180996801,Davidson,Nashville,11/29/2018 4:01:00 PM,2,0,0,36.181170,-86.799960,I 65,,,,0.00,,,,,,,85.10,N,Not at Intersection, ,Non-Junction,None,,,         ,Sara,Lober,Rain,Front to Rear,no,no,no,no,no,False
102228588,METROPOLITAN NASHVILLE POLICE DEPT,20180996599,Davidson,Nashville,11/29/2018 4:39:00 PM,2,1,0,36.232290,-86.624730,SHUTE LN,,,,0.00,,,OLD HICKORY BLVD,,,,0.00,Y,T-Intersection,Y,Intersection,None,,,         ,Craig,Gentry,Rain,Angle,no,no,no,no,no,False
102228589,METROPOLITAN NASHVILLE POLICE DEPT,20180996818,Davidson,Nashville,11/29/2018 4:39:00 PM,2,0,0,36.226310,-86.603190,SAUNDERSVILLE RD,,,,0.00,,,SHUTE LN,,,,0.00,Y,T-Intersection, ,Intersection,None,,,         ,Craig,Gentry,Rain,Front to Rear,no,no,no,no,no,False
102228591,METROPOLITAN NASHVILLE POLICE DEPT,20180996709,Davidson,Nashville,11/29/2018 4:27:00 PM,2,0,0,36.145430,-86.776970,I 65,,,,0.00,,,,,,,82.20,N,Not at Intersection, ,Non-Junction,None,,,         ,FELIKS,ABRAHAMYAN,Rain,"Sideswipe, Same Direction",no,no,no,no,no,False
102228592,METROPOLITAN NASHVILLE POLICE DEPT,20180996889,Davidson,Not in City Limit,11/29/2018 6:32:00 PM,2,0,0,36.270570,-86.736340,I 65,,,,0.00,,,,,,,92.70,N,Not at Intersection, ,Non-Junction,None,,,         ,Christopher,Littles,Cloudy,Front to Rear,no,no,no,no,no,False
102228593,METROPOLITAN NASHVILLE POLICE DEPT,20180996933,Davidson,Not in City Limit,11/29/2018 7:22:00 PM,1,0,0,36.267230,-86.710870,GALLATIN PKEN,,,,120.00,Feet,North,DUPONT AV,,,,0.00,N,Not at Intersection, ,Non-Junction,None,,,         ,Christopher,Littles,Cloudy,Not Collision with Motor Vehicle in Transport,no,no,no,yes,no,False
102228594,METROPOLITAN NASHVILLE POLICE DEPT,20180996509,Davidson,Antioch,11/29/2018 4:07:00 PM,2,0,0,36.013100,-86.620910,I24 E EXT RAMP,,,,0.00,Feet,East,I 24,,,,0.00,N,Not at Intersection, ,Entrance/Exit Ramp Related,None,,,         ,Andrew,Brazee,Rain,Front to Rear,no,no,no,no,no,False
102228595,METROPOLITAN NASHVILLE POLICE DEPT,20180996626,Davidson,Nashville,11/29/2018 4:50:00 PM,2,1,0,36.082170,-86.651950,UNA ANTIOCH PKE,,,,0.00,,,PICCADILLY ROW,,,,0.00,Y,T-Intersection,N,Intersection,None,,,         ,Andrew,Brazee,Rain,Angle,no,no,no,no,no,False
102228599,METROPOLITAN NASHVILLE POLICE DEPT,20180997020,Davidson,Nashville,11/29/2018 8:00:00 PM,1,0,0,36.175260,-86.766920,ELLINGTON PKWY N ENT RAMP,,,,0.00,Feet,East,ELLINGTON PKWYN,,,,0.00,N,Not at Intersection,N,Non-Junction,None,,,         ,Riley,Brewer,Rain,Not Collision with Motor Vehicle in Transport,no,no,no,no,no,False
102228601,METROPOLITAN NASHVILLE POLICE DEPT,20180996845,Davidson,Nashville,11/29/2018 5:54:00 PM,2,0,0,36.143800,-86.700630,I 40,,,,0.00,,,,,,,214.70,N,Not at Intersection, ,Non-Junction,None,,,         ,Cheri,Cox,Rain,Front to Rear,no,no,no,no,no,False
102228614,METROPOLITAN NASHVILLE POLICE DEPT,20180996875,Davidson,Nashville,11/29/2018 5:51:00 PM,2,0,0,36.116710,-86.923250,CHARLOTTE PKE,,,,0.00,,,OLD HICKORY BLVD,,,,0.00,Y,Four-Way,N,Intersection,None,,,         ,Mary,Robinson,Cloudy,Angle,no,no,no,no,no,False
102228615,METROPOLITAN NASHVILLE POLICE DEPT,20180996709,Davidson,Nashville,11/29/2018 4:27:00 PM,3,1,0,36.110340,-86.766890,POWELL AV,,,,237.00,Feet,South,OLD POWELL AV,,,,0.00,N,Not at Intersection, ,Non-Junction,None,,,         ,FELIKS,ABRAHAMYAN,Rain,Front to Rear,no,no,no,no,no,False
102228618,METROPOLITAN NASHVILLE POLICE DEPT,20180996987,Davidson,Nashville,11/29/2018 7:15:00 PM,2,0,0,36.060730,-86.916150,HIGHWAY 100,,,,0.00,,,OLD HICKORY BLVD,,,,0.00,Y,T-Intersection, ,Intersection,None,,,         ,Laura,Williams,Clear,Front to Rear,no,no,no,no,no,False
102228627,METROPOLITAN NASHVILLE POLICE DEPT,20180997032,Davidson,Nashville,11/29/2018 6:20:00 PM,2,0,0,36.154870,-86.627020,-- UNKNOWN RAMP/ROAD --,,,,0.00,,,I 40,,,,0.00,Y,OTHER, ,Non-Junction,None,,,         ,Brady,Reynolds,Clear,Front to Rear,no,no,no,no,no,False
102228642,METROPOLITAN NASHVILLE POLICE DEPT,20180996779,Davidson,Nashville,11/29/2018 6:10:00 PM,2,0,0,36.155890,-86.785450,11TH AVS,,,,80.00,Feet,South,MCGAVOCK ST,,,,0.00,N,Not at Intersection, ,Non-Junction,None,,,         ,Timothy,Mead,Cloudy,Front to Rear,no,no,no,no,yes,False
102228643,METROPOLITAN NASHVILLE POLICE DEPT,20180997061,Davidson,Nashville,11/29/2018 7:35:00 PM,2,0,0,36.185380,-86.636290,LEBANON PKE,,,,69.00,Feet,East,JACKSON DOWNS BLVD,,,,0.00,N,Not at Intersection, ,Non-Junction,None,,,         ,Tony,Mingsing,Rain,Front to Rear,no,no,no,no,no,False
102228648,METROPOLITAN NASHVILLE POLICE DEPT,20180996858,Davidson,Nashville,11/29/2018 6:25:00 PM,2,0,0,36.119580,-86.808750,HILLSBORO PKE,,,,0.00,,,STOKES LN,,,,0.00,Y,OTHER, ,Non-Junction,None,,,         ,Brandon,Harbaugh,Rain,"Sideswipe, Opposite Direction",no,no,no,no,no,False
102228683,METROPOLITAN NASHVILLE POLICE DEPT,20180996361,Davidson,Nashville,11/29/2018 3:00:00 PM,2,0,0,36.125520,-86.785840,CARUTHERS AV,,,,145.00,Feet,East,10TH AVS,,,,0.00,N,Not at Intersection, ,,None,,,         ,Akira,McSwain,,,no,no,no,no,no,False
102228684,METROPOLITAN NASHVILLE POLICE DEPT,20180996466,Davidson,Nashville,11/29/2018 3:45:00 PM,2,0,0,36.151840,-86.791620,MUSIC SQE,,,,0.00,,,DIVISION ST,,,,0.00,Y,Roundabout,N,Non-Junction,None,,,         ,Akira,McSwain,Clear,"Sideswipe, Same Direction",no,no,no,no,no,False
102228685,METROPOLITAN NASHVILLE POLICE DEPT,20180996628,Davidson,Nashville,11/29/2018 4:26:00 PM,2,0,0,36.115810,-86.782940,I 440,,,,0.00,,,,,,,4.35,N,Not at Intersection, ,,None,,,         ,Akira,McSwain,,,no,no,no,no,no,False
102228686,METROPOLITAN NASHVILLE POLICE DEPT,20180996757,Davidson,Nashville,11/29/2018 5:13:00 PM,2,0,0,36.101250,-86.764610,I 65,,,,0.00,,,,,,,79.15,N,Not at Intersection, ,,None,,,         ,Akira,McSwain,,,no,no,no,no,no,False
102228687,METROPOLITAN NASHVILLE POLICE DEPT,20180996758,Davidson,Nashville,11/29/2018 5:38:00 PM,2,0,0,36.100870,-86.764450,I 65,,,,0.00,,,,,,,79.10,N,Not at Intersection, ,Non-Junction,None,,,         ,Akira,McSwain,Clear,Front to Rear,no,no,no,no,no,False
102228688,METROPOLITAN NASHVILLE POLICE DEPT,20180997017,Davidson,Nashville,11/29/2018 8:00:00 PM,2,0,0,36.146030,-86.799170,SCARRITT PL,,,,114.00,Feet,East,21ST AVS,,,,0.00,N,Not at Intersection,N,Non-Junction,None,,,         ,Akira,McSwain,Clear,"Sideswipe, Opposite Direction",no,no,no,yes,yes,Campus
102228689,METROPOLITAN NASHVILLE POLICE DEPT,20180996807,Davidson,Nashville,11/29/2018 6:17:00 PM,2,0,0,36.144080,-86.698750,I 40,,,,0.00,,,,,,,214.80,N,Not at Intersection,N,Non-Junction,None,,,         ,Seth,Vaughn,Rain,Front to Rear,no,no,no,no,no,False
102228709,METROPOLITAN NASHVILLE POLICE DEPT,20180996949,Davidson,Nashville,11/29/2018 7:14:00 PM,2,0,0,36.154390,-86.792600,BROADWAY,,,,97.00,Feet,East,16TH AVS,,,,0.00,N,Not at Intersection, ,Non-Junction,None,,,         ,Gary,Peters,Cloudy,Angle,no,no,no,no,no,False
102228712,METROPOLITAN NASHVILLE POLICE DEPT,20180996661,Davidson,Nashville,11/29/2018 5:08:00 PM,2,0,0,36.153890,-86.843140,I 40,,,,0.00,,,,,,,204.75,N,Not at Intersection, ,Non-Junction,None,,,         ,Alexander,Donald,Rain,Front to Rear,no,no,no,no,no,False
102228732,METROPOLITAN NASHVILLE POLICE DEPT,2018-0996551,Davidson,Nashville,11/29/2018 4:26:00 PM,2,0,0,36.238830,-86.740800,ELLINGTON PKWYN,,,,39.00,Feet,East,BRILEY PKWYW,,,,0.00,N,Not at Intersection,N,Non-Junction,None,,,         ,Ryan,Allen,Rain,"Sideswipe, Same Direction",no,no,no,no,no,False
102228745,METROPOLITAN NASHVILLE POLICE DEPT,20180997079,Davidson,Not in City Limit,11/29/2018 4:31:00 PM,1,0,0,36.109550,-86.546300,HOBSON PKE,,,,846.00,Feet,East,GRANNY WRIGHT LN,,,,0.00,N,Not at Intersection, ,Non-Junction,None,,,         ,Andrew,Brazee,Rain,Not Collision with Motor Vehicle in Transport,no,no,no,no,no,False
102228777,METROPOLITAN NASHVILLE POLICE DEPT,20180996718,Davidson,Nashville,11/29/2018 5:35:00 PM,3,0,0,36.123430,-86.794500,BELMONT BLVD,,,,49.00,Feet,North,DALLAS AV,,,,0.00,N,Not at Intersection,N,Non-Junction,None,,,         ,Austin,Kendrick,Rain,Front to Rear,no,no,no,no,no,False
102228780,METROPOLITAN NASHVILLE POLICE DEPT,20180996953,Davidson,Not in City Limit,11/29/2018 12:00:00 AM,2,2,0,36.264210,-86.735190,OLD HICKORY BLVDW,,,,0.00,,,BOYDS HILLTOP DR,,,,0.00,Y,T-Intersection,Y,Non-Junction,None,,,         ,Michael,Quinn,Clear,Front to Rear,no,no,no,no,no,False
102228782,METROPOLITAN NASHVILLE POLICE DEPT,20180997202,Davidson,Nashville,11/29/2018 9:09:00 PM,1,1,0,36.211490,-86.817490,BUENA VISTA PKE,,,,39.00,Feet,North,STOKERS LN,,,,0.00,N,Not at Intersection,N,Non-Junction,None,,,         ,Eric,McCoy,Rain,Not Collision with Motor Vehicle in Transport,no,no,no,no,no,False
102228783,METROPOLITAN NASHVILLE POLICE DEPT,20180997169,Davidson,Nashville,11/29/2018 6:50:00 PM,2,0,0,36.120530,-86.911690,I 40,,,,0.00,,,,,,,200.10,N,Not at Intersection,N,Non-Junction,None,,,         ,Kelby,Dumond,Clear,"Sideswipe, Same Direction",no,no,no,no,no,False
102228837,METROPOLITAN NASHVILLE POLICE DEPT,20180997317,Davidson,Nashville,11/29/2018 10:52:00 PM,1,2,0,36.163400,-86.815120,MORENA ST,,,,210.00,Feet,East,26TH AVN,,,,0.00,N,Not at Intersection,N,Non-Junction,None,,,         ,Corey,Oakley,Cloudy,Not Collision with Motor Vehicle in Transport,no,no,no,yes,no,False
102228838,METROPOLITAN NASHVILLE POLICE DEPT,20180996912,Davidson,Nashville,11/29/2018 7:11:00 PM,2,1,0,36.079600,-86.726320,NOLENSVILLE PKE,,,,0.00,,,HARDING PL,,,,0.00,Y,Four-Way,N,Intersection,None,,,         ,John,Stanfield,Rain,Front to Rear,no,no,no,no,no,False
102228851,METROPOLITAN NASHVILLE POLICE DEPT,20180997486,Davidson,Nashville,11/29/2018 10:11:00 PM,2,0,0,36.144900,-86.816480,31ST AVN,,,,99.00,Feet,North,POSTON AV,,,,0.00,N,Not at Intersection,N,Non-Junction,None,,,         ,Dakota,Vermillion,Rain,"Sideswipe, Same Direction",no,no,no,no,yes,False
102228853,METROPOLITAN NASHVILLE POLICE DEPT,20180997338,Davidson,Nashville,11/29/2018 10:07:00 PM,2,0,0,36.177720,-86.800990,I 65,,,,0.00,,,,,,,84.85,N,Not at Intersection, ,Non-Junction,None,,,         ,Jacob,Dick,Clear,"Sideswipe, Same Direction",no,no,no,no,no,False
102228857,METROPOLITAN NASHVILLE POLICE DEPT,20180997407,Davidson,Nashville,11/29/2018 11:10:00 PM,2,0,0,36.171880,-86.797010,JEFFERSON ST,,,,11.00,Feet,East,11TH AVN,,,,0.00,N,Not at Intersection,N,Non-Junction,None,,,         ,Christopher,Royer,Cloudy,Front to Rear,no,no,no,no,no,False
102228860,METROPOLITAN NASHVILLE POLICE DEPT,20180997269,Davidson,Nashville,11/29/2018 10:24:00 PM,2,0,0,36.088410,-86.701610,I24 W ENT RAMP,,,,0.00,,,I 24,,,,0.00,Y,Y-Intersection,Y,Entrance/Exit Ramp Related,None,,,         ,Shelby,Hughes,Clear,Rear to Rear,no,no,no,no,yes,False
102228877,METROPOLITAN NASHVILLE POLICE DEPT,20180997380,Davidson,Nashville,11/29/2018 10:40:00 PM,2,0,0,36.037720,-86.794750,OLD HICKORY BLVD,,,,0.00,,,BRENTWOOD BLVD,,,,0.00,Y,T-Intersection,N,Intersection,None,,,         ,David,Barras,Rain,Front to Rear,no,no,no,no,no,False
102228881,METROPOLITAN NASHVILLE POLICE DEPT,20180997536,Davidson,Nashville,11/30/2018 12:00:00 AM,1,0,0,36.040150,-86.677830,BLUE HOLE RD,,,,469.00,Feet,North,ERNA CT,,,,0.00,N,Not at Intersection,N,Non-Junction,None,,,         ,Jarrett,Ipox,Clear,Not Collision with Motor Vehicle in Transport,no,no,no,no,no,False
102228883,METROPOLITAN NASHVILLE POLICE DEPT,20180997712,Davidson,Nashville,11/30/2018 1:47:00 AM,1,0,0,36.115320,-86.772790,I440 W ENT RAMP,,,,0.00,Feet,East,I 65,,,,0.00,N,Not at Intersection,N,Entrance/Exit Ramp Related,None,,,         ,Randall,Atkinson,Cloudy,Not Collision with Motor Vehicle in Transport,no,no,no,no,no,False