master_record_number,agency,agency_tracking_number,county,city,collision_date,vehicles_involved,number_injured,number_dead,latitude,longitude,roadway_name,roadway_suffix,roadway_number,roadway_local_id,distance_from_reference,miles-feet_indicator,direction_from_reference,intersection_road_name,intersection_road_name_suffix,intersection_road_number,intersection_local_id,mile_marker,intersection_indicator,intersect_type,interchange_related_indicator,relation_to_junction,work_zone_type,construction_maintenance_zone,construction_maintenance_zone_location,fatal_case_number,officer_first_name,officer_last_name,weather_condition(s),manner_of_crash,pedestrian,bicycle,scooter,parking,hitrun,mou
102231272,METROPOLITAN NASHVILLE POLICE DEPT,20181000189,Davidson,Nashville,11/30/2018 12:00:00 AM,1,0,0,36.188730,-86.793220,I 65,,,,0.00,,,,,,,85.55,N,Not at Intersection,N,Non-Junction,None,,,         ,Erik,Schall,Rain,Not Collision with Motor Vehicle in Transport,no,no,no,no,no,False
102231283,METROPOLITAN NASHVILLE POLICE DEPT,20181000215,Davidson,Nashville,12/1/2018 12:00:00 AM,2,0,0,36.164880,-86.820000,I40 W EXT RAMP,,,,0.00,Feet,East,I 40,,,,0.00,N,Not at Intersection,N,Entrance/Exit Ramp Related,None,,,         ,Corey,Oakley,Cloudy,Front to Rear,no,no,no,no,yes,False
102231294,METROPOLITAN NASHVILLE POLICE DEPT,20181000286,Davidson,Nashville,12/1/2018 1:22:00 AM,1,0,0,36.228760,-86.668720,NEELYS BEND RD,,,,0.00,Feet,East,HIDDEN ACRES DR,,,,0.00,N,Not at Intersection, ,Non-Junction,None,,,         ,Reuben,Hewit,Clear,Not Collision with Motor Vehicle in Transport,no,no,no,no,no,False
102231321,METROPOLITAN NASHVILLE POLICE DEPT,20181000422,Davidson,Nashville,12/1/2018 2:44:00 AM,1,0,0,36.172840,-86.801810,I 40,,,,0.00,,,,,,,207.70,N,Not at Intersection,N,Non-Junction,None,,,         ,Corey,Oakley,Cloudy,Not Collision with Motor Vehicle in Transport,no,no,no,no,no,False
102231327,METROPOLITAN NASHVILLE POLICE DEPT,20181000381,Davidson,Nashville,12/1/2018 2:15:00 AM,1,1,0,36.161540,-86.775970,3RD AVS,,,,0.00,Feet,,BROADWAY,,,,0.00,Y,Four-Way,N,Intersection,None,,,         ,Brenna,Hosey,Clear,Not Collision with Motor Vehicle in Transport,yes,no,no,no,yes,False
102231328,VANDERBILT UNIVERSITY POLICE,181000749,Davidson,Nashville,12/1/2018 12:14:00 AM,2,0,0,36.149370,-86.803470,WEST END AV,,,,0.00,,,LOUISE AV,,,,0.00,Y,OTHER, ,Non-Junction,None,,,         ,Joseph,Serna,Rain,Angle,no,no,no,no,no,Campus
102231348,METROPOLITAN NASHVILLE POLICE DEPT,20181000584,Davidson,Nashville,12/1/2018 3:57:00 AM,1,1,0,36.157790,-86.793040,15TH AVN,,,,181.00,Feet,North,CHURCH ST,,,,0.00,N,Not at Intersection,N,Non-Junction,None,,,         ,Eric,Westbrook,Rain,Not Collision with Motor Vehicle in Transport,yes,no,no,no,yes,False
102231349,METROPOLITAN NASHVILLE POLICE DEPT,20181000419,Davidson,Not in City Limit,12/1/2018 2:42:00 AM,1,1,0,36.311870,-86.860090,WHITES CREEK PKE,,,,1479.00,Feet,East,OLD CLARKSVILLE PKE,,,,0.00,N,Not at Intersection,N,Non-Junction,None,,,         ,John,Deiterick,Rain,Not Collision with Motor Vehicle in Transport,no,no,no,no,yes,False
102231360,METROPOLITAN NASHVILLE POLICE DEPT,20181000572,Davidson,Not in City Limit,12/1/2018 3:37:00 AM,2,0,0,36.320680,-86.849320,I 24,,,,0.00,,,,,,,36.05,N,Not at Intersection, ,Non-Junction,None,,,         ,Abigail,Malone,Rain,Front to Rear,no,no,no,no,yes,False
102231367,METROPOLITAN NASHVILLE POLICE DEPT,20181000586,Davidson,Nashville,12/1/2018 4:02:00 AM,1,1,0,36.072220,-86.691710,I 24,,,,0.00,,,,,,,56.80,N,Not at Intersection,N,Non-Junction,None,,,         ,Kaleb,Stella,Rain,Not Collision with Motor Vehicle in Transport,no,no,no,no,no,False
102231368,METROPOLITAN NASHVILLE POLICE DEPT,20181000356,Davidson,Nashville,12/1/2018 12:23:00 AM,2,0,0,36.093220,-86.626920,BAYVIEW DR,,,,298.00,Feet,South,HARBOR LIGHTS DR,,,,0.00,N,Not at Intersection,N,Non-Junction,None,,,         ,Bridget,Griepentrog,Rain,"Sideswipe, Opposite Direction",no,no,no,no,yes,False
102231369,METROPOLITAN NASHVILLE POLICE DEPT,20181000429,Davidson,Nashville,12/1/2018 2:30:00 AM,2,0,0,36.038760,-86.733350,OLD HICKORY BLVD,,,,0.00,,,MONTELLE LN,,,,0.00,Y,T-Intersection,N,Non-Junction,None,,,         ,William,Hamblen,Rain,Front to Rear,no,no,no,no,yes,False
102231390,METROPOLITAN NASHVILLE POLICE DEPT,20181000437,Davidson,Nashville,12/1/2018 2:23:00 AM,2,0,0,36.154160,-86.793180,WEST END AV,,,,93.00,Feet,West,BROADWAY,,,,0.00,N,Not at Intersection,N,Non-Junction,None,,,         ,Dakota,Vermillion,Rain,"Sideswipe, Same Direction",no,no,no,no,no,False
102231405,METROPOLITAN NASHVILLE POLICE DEPT,20181000633,Davidson,Nashville,12/1/2018 4:36:00 AM,2,2,0,36.089340,-86.771650,FRANKLIN PKE,,,,388.00,Feet,South,N CURTISWOOD LN,,,,0.00,N,Not at Intersection,N,Non-Junction,None,,,         ,Stephen,Johnston,Rain,Front to Rear,no,no,no,no,no,False
102231406,METROPOLITAN NASHVILLE POLICE DEPT,20181000571,Davidson,Nashville,12/1/2018 3:50:00 AM,3,1,0,36.134280,-86.779090,WEDGEWOOD AV,,,,0.00,,,8TH AVS,,,,0.00,Y,Four-Way,N,Intersection,None,,,         ,David,Barras,Rain,Angle,no,no,no,no,no,False
102231421,METROPOLITAN NASHVILLE POLICE DEPT,20181000790,Davidson,Nashville,12/1/2018 7:08:00 AM,1,0,0,36.162730,-86.761520,I 24,,,,0.00,,,,,,,49.30,N,Not at Intersection,N,Non-Junction,None,,,         ,Kyle,Eicholtz,Rain,Not Collision with Motor Vehicle in Transport,no,no,no,no,no,False
102231440,METROPOLITAN NASHVILLE POLICE DEPT,20181000738,Davidson,Nashville,12/1/2018 12:00:00 AM,1,1,0,36.224310,-86.774540,I 65,,,,0.00,,,,,,,88.55,N,Not at Intersection,N,Non-Junction,None,,,         ,Joseph,Gawlowski,Rain,Not Collision with Motor Vehicle in Transport,no,no,no,no,no,False
102231456,BERRY HILL POLICE DEPT,18-4299,Davidson,Berry Hill,11/30/2018 2:05:00 PM,2,0,0,36.119760,-86.770470,BERRY RD,,,,0.00,,,FESSEY PARK RD,,,,0.00,Y,OTHER, ,OtherLocation,None,,,         ,Larry,Carter,Cloudy,"Sideswipe, Opposite Direction",no,no,no,yes,no,False
102231467,METROPOLITAN NASHVILLE POLICE DEPT,20181000839,Davidson,Nashville,12/1/2018 7:39:00 AM,2,0,0,36.082100,-86.761700,HARDING PL,,,,0.00,,,SIDCO DR,,,,0.00,Y,Four-Way,N,Intersection,None,,,         ,Raymond,Flaherty,Rain,Front to Rear,no,no,no,no,no,False
102231514,METROPOLITAN NASHVILLE POLICE DEPT,20181000624,Davidson,Antioch,12/1/2018 12:00:00 AM,2,0,0,36.069770,-86.575320,LONDON GARDENS CT,,,,214.00,Feet,West,LONDONVIEW PL,,,,0.00,N,Not at Intersection,N,Non-Junction,None,,,         ,Landon,Bagwell,Rain,Other,no,no,no,no,yes,False
102231521,METROPOLITAN NASHVILLE POLICE DEPT,20181000788,Davidson,Not in City Limit,12/1/2018 1:40:00 AM,1,0,0,36.008630,-86.694460,CULBERTSON RD,,,,771.00,Feet,North,MILL CREEK LENOX VILLAGE GRNWY,,,,0.00,N,Not at Intersection,N,Non-Junction,None,,,         ,Brandon,Evans,Rain,Not Collision with Motor Vehicle in Transport,no,no,no,no,no,False
102231528,METROPOLITAN NASHVILLE POLICE DEPT,20181000836,Davidson,Nashville,12/1/2018 7:38:00 AM,2,0,0,36.163950,-86.778360,CHURCH ST,,,,0.00,,,PRINTERS ALY,,,,0.00,Y,OTHER, ,"Driveway, Alley Access, etc",None,,,         ,Byron,Carter,Rain,Angle,no,no,no,no,no,False
102231539,BELLE MEADE POLICE DEPT,18-0335,Davidson,Belle Meade,12/1/2018 8:34:00 AM,1,2,0,36.088880,-86.850780,LYNNWOOD BLVD,,,,208.00,Feet,North,FORSYTHE PL,,,,0.00,N,Not at Intersection,N,Non-Junction,None,,,         ,David,Wright,Rain,Not Collision with Motor Vehicle in Transport,no,no,no,no,no,False
102231557,METROPOLITAN NASHVILLE POLICE DEPT,20181001055,Davidson,Nashville,12/1/2018 10:10:00 AM,2,0,0,36.193290,-86.865120,BRILEY PKWYS,,,,191.00,Feet,North,BRILEY PKWY S EXT RAMP,,,,0.00,N,Not at Intersection, ,Non-Junction,None,,,         ,William,Coy,Rain,"Sideswipe, Same Direction",no,no,no,no,no,False
102231573,METROPOLITAN NASHVILLE POLICE DEPT,20181000922,Davidson,Nashville,12/1/2018 8:36:00 AM,1,1,0,36.173710,-86.767920,JAMES ROBERTSON PKWY ENT RAMP,,,,496.00,Feet,South,I 24,,,,0.00,N,Not at Intersection,N,Entrance/Exit Ramp Related,None,,,         ,Doyle,Price,Rain,Not Collision with Motor Vehicle in Transport,no,no,no,no,no,False
102231574,METROPOLITAN NASHVILLE POLICE DEPT,20181000917,Davidson,Nashville,12/1/2018 8:13:00 AM,2,0,0,36.096440,-86.656060,SMITH SPRINGS RD,,,,0.00,Feet,,MURFREESBORO PKE,,,,0.00,Y,Y-Intersection,N,Intersection-Related,None,,,         ,Richard,Luellen,Rain,Front to Rear,no,no,no,no,no,False
102231576,METROPOLITAN NASHVILLE POLICE DEPT,20181001048,Davidson,Nashville,12/1/2018 10:00:00 AM,2,2,0,36.146940,-86.666440,DONELSON PKE,,,,363.00,Feet,North,ROYAL PKWY,,,,0.00,N,Not at Intersection,N,Non-Junction,None,,,         ,Zachary,Scott,Rain,Angle,no,no,no,no,yes,False
102231580,METROPOLITAN NASHVILLE POLICE DEPT,20181001026,Davidson,Nashville,12/1/2018 12:00:00 AM,1,0,0,36.100890,-86.730190,ANTIOCH PKE,,,,124.00,Feet,East,SOUTHLAKE DR,,,,0.00,N,Not at Intersection,N,Non-Junction,None,,,         ,James,Thomas,Cloudy,Not Collision with Motor Vehicle in Transport,no,no,no,no,yes,False
102231591,METROPOLITAN NASHVILLE POLICE DEPT,20181001099,Davidson,Nashville,12/1/2018 12:00:00 AM,2,0,0,36.241960,-86.757080,DICKERSON PKE,,,,0.00,,,DICKERSON PKE ENT RAMP,,,,0.00,Y,OTHER,N,Intersection,None,,,         ,William,Monaghan,Clear,Angle,no,no,no,no,yes,False
102231604,METROPOLITAN NASHVILLE POLICE DEPT,20181001102,Davidson,Nashville,12/1/2018 10:45:00 AM,2,0,0,36.196180,-86.687520,BRILEY PKWY N EXT RAMP,,,,0.00,Feet,East,BRILEY PKWYS,,,,0.00,N,Not at Intersection, ,Non-Junction,None,,,         ,Zachary,Plese,Clear,Front to Rear,no,no,no,no,no,False
102231605,METROPOLITAN NASHVILLE POLICE DEPT,20181001039,Davidson,Nashville,12/1/2018 9:57:00 AM,1,2,0,36.158480,-86.777120,DEMONBREUN ST,,,,0.00,,,5TH AVS,,,,0.00,Y,Four-Way,N,Intersection,None,,,         ,Destiny,Zunic,Rain,Not Collision with Motor Vehicle in Transport,yes,no,no,no,no,False
102231606,METROPOLITAN NASHVILLE POLICE DEPT,20181001125,Davidson,Nashville,12/1/2018 11:09:00 AM,1,0,0,36.074900,-86.693060,I 24,,,,0.00,,,,,,,56.60,N,Not at Intersection,N,Non-Junction,None,,,         ,Jason,Hees,Rain,Not Collision with Motor Vehicle in Transport,no,no,no,no,no,False
102231618,METROPOLITAN NASHVILLE POLICE DEPT,20181001062,Davidson,Nashville,12/1/2018 10:17:00 AM,2,1,0,36.237110,-86.730820,BRILEY PKWYE,,,,310.00,Feet,East,BRILEY PKWYW,,,,0.00,N,Not at Intersection,N,Non-Junction,None,,,         ,Joseph,Progar,Rain,Angle,no,no,no,no,no,False
102231626,METROPOLITAN NASHVILLE POLICE DEPT,20181001073,Davidson,Not in City Limit,12/1/2018 9:59:00 AM,1,0,0,36.268840,-86.776070,BRICK CHURCH PKE,,,,253.00,Feet,South,FINNLAND DR,,,,0.00,N,Not at Intersection,N,Non-Junction,None,,,         ,Samuel,Kersten,Rain,Not Collision with Motor Vehicle in Transport,no,no,no,no,yes,False
102231639,METROPOLITAN NASHVILLE POLICE DEPT,20181001177,Davidson,Not in City Limit,12/1/2018 11:30:00 AM,2,0,0,36.264210,-86.734090,OLD HICKORY BLVDW,,,,66.00,Feet,West,HEAD DR,,,,0.00,N,Not at Intersection,N,Non-Junction,None,,,         ,Cyretha,Frazier,Rain,Front to Rear,no,no,no,no,yes,False
102231643,METROPOLITAN NASHVILLE POLICE DEPT,20181001153,Davidson,Nashville,12/1/2018 11:13:00 AM,2,0,0,36.201870,-86.776850,I 65,,,,0.00,,,,,,,87.00,N,Not at Intersection, ,Non-Junction,None,,,         ,Caleb,Jernigan,Cloudy,Front to Rear,no,no,no,no,no,False
102231645,METROPOLITAN NASHVILLE POLICE DEPT,20181001191,Davidson,Nashville,12/1/2018 11:32:00 AM,2,0,0,36.218010,-86.841640,KINGS LN,,,,932.00,Feet,East,TIMOTHY DR,,,,0.00,N,Not at Intersection, ,"Driveway, Alley Access, etc",None,,,         ,Victor,Alexander,Rain,Front to Rear,no,no,no,no,no,False
102231710,METROPOLITAN NASHVILLE POLICE DEPT,20181001227,Davidson,Nashville,12/1/2018 12:00:00 AM,1,0,0,36.074090,-86.693350,LINBAR DR,,,,318.00,Feet,North,BAKERTOWN RD,,,,0.00,N,Not at Intersection,N,Non-Junction,None,,,         ,Jason,Kedzierski,Cloudy,Not Collision with Motor Vehicle in Transport,no,no,no,no,yes,False
102231716,BERRY HILL POLICE DEPT,18-4310,Davidson,Berry Hill,12/1/2018 10:52:00 AM,2,0,0,36.120090,-86.775010,FRANKLIN PKE,,,,0.00,,,GALE LN,,,,0.00,Y,T-Intersection, ,Intersection,None,,,         ,Larry,Carter,Rain,"Sideswipe, Same Direction",no,no,no,no,no,False
102231722,METROPOLITAN NASHVILLE POLICE DEPT,20181001164,Davidson,Nashville,12/1/2018 11:39:00 AM,2,1,0,36.201820,-86.776600,I 65,,,,0.00,,,,,,,87.00,N,Not at Intersection, ,Non-Junction,None,,,         ,Caleb,Jernigan,Cloudy,Front to Rear,no,no,no,no,no,False
102231727,METROPOLITAN NASHVILLE POLICE DEPT,20181001214,Davidson,Nashville,12/1/2018 12:25:00 PM,1,1,0,36.232460,-86.825950,BRILEY PKWYW,,,,218.00,Feet,West,BUENA VISTA PKE,,,,0.00,N,Not at Intersection,N,Non-Junction,None,,,         ,William,Coy,Rain,Not Collision with Motor Vehicle in Transport,no,no,no,no,no,False
102231761,METROPOLITAN NASHVILLE POLICE DEPT,20181001258,Davidson,Nashville,12/1/2018 1:02:00 PM,2,0,0,36.187720,-86.776120,I 24,,,,0.00,,,,,,,47.05,N,Not at Intersection,N,Non-Junction,None,,,         ,Byron,Carter,Rain,"Sideswipe, Same Direction",no,no,no,no,yes,False
102231764,METROPOLITAN NASHVILLE POLICE DEPT,2018-1001263,Davidson,Nashville,12/1/2018 12:20:00 PM,2,0,0,36.243260,-86.666470,CUMBERLAND STATION BLVD,,,,67.00,Feet,North,JOE PYRON DR,,,,0.00,N,Not at Intersection, ,Non-Junction,None,,,         ,Matthew,Harris,Cloudy,Rear to Side,no,no,no,no,no,False
102231795,METROPOLITAN NASHVILLE POLICE DEPT,20181001203,Davidson,Nashville,12/1/2018 12:00:00 PM,2,1,0,36.092980,-86.705710,I 24,,,,0.00,,,,,,,55.15,N,Not at Intersection,N,Non-Junction,None,,,         ,Jason,Hees,Rain,"Sideswipe, Same Direction",no,no,no,no,no,False
102231796,METROPOLITAN NASHVILLE POLICE DEPT,20181001250,Davidson,Nashville,12/1/2018 12:36:00 PM,2,0,0,36.097240,-86.709170,I 24,,,,0.00,,,,,,,54.80,N,Not at Intersection,N,Non-Junction,None,,,         ,Brandon,Evans,Cloudy,Front to Rear,no,no,no,no,no,False
102231798,METROPOLITAN NASHVILLE POLICE DEPT,20181001305,Davidson,Antioch,12/1/2018 1:50:00 PM,2,0,0,36.013450,-86.621020,I24 E EXT RAMP,,,,0.00,,,I 24,,,,0.00,Y,Four-Way, ,,None,,,         ,Steven,Williams,,,no,no,no,no,no,False
102231799,METROPOLITAN NASHVILLE POLICE DEPT,20181001255,Davidson,Nashville,12/1/2018 12:52:00 PM,3,0,0,36.176370,-86.767130,SPRING ST ENT RAMP,,,,0.00,,,SPRING ST,,,,0.00,Y,Y-Intersection,Y,Entrance/Exit Ramp Related,None,,,         ,Doyle,Price,Rain,Front to Rear,no,no,no,no,no,False
102231806,METROPOLITAN NASHVILLE POLICE DEPT,20181001303,Davidson,Nashville,12/1/2018 1:49:00 PM,1,1,0,36.167150,-86.779610,3RD AVN,,,,0.00,,,JAMES ROBERTSON PKWY,,,,0.00,Y,Four-Way,Y,Intersection,None,,,         ,Robert,Schohn,Rain,Not Collision with Motor Vehicle in Transport,yes,no,no,no,no,False
102231811,METROPOLITAN NASHVILLE POLICE DEPT,20181001148,Davidson,Nashville,12/1/2018 10:34:00 AM,2,0,0,36.106370,-86.742880,MORTON AV,,,,0.00,,,NOLENSVILLE PKE,,,,0.00,Y,T-Intersection,Y,Intersection,None,,,         ,Edward,Starke,Rain,Angle,no,no,no,no,no,False
102231828,METROPOLITAN NASHVILLE POLICE DEPT,20181001234,Davidson,Antioch,12/1/2018 12:46:00 PM,2,4,0,36.039400,-86.602990,MURFREESBORO PKE,,,,0.00,,,OLD HICKORY BLVD,,,,0.00,Y,T-Intersection,N,Intersection,None,,,         ,Brandon,Vance,Cloudy,Angle,no,no,no,no,no,False
102231830,METROPOLITAN NASHVILLE POLICE DEPT,20181001277,Davidson,Nashville,12/1/2018 1:08:00 PM,1,0,0,36.161340,-86.597130,BELL RD,,,,0.00,Feet,,OLD HICKORY BLVD,,,,0.00,Y,T-Intersection,Y,Intersection,None,,,         ,Kelsey,Hemminger,Cloudy,Not Collision with Motor Vehicle in Transport,no,no,no,no,no,False
102231834,METROPOLITAN NASHVILLE POLICE DEPT,20181001256,Davidson,Nashville,12/1/2018 1:01:00 PM,2,0,0,36.229160,-86.759320,DICKERSON PKE,,,,79.00,Feet,South,BROADMOOR DR,,,,0.00,N,Not at Intersection,N,Non-Junction,None,,,         ,Nicholas,Smith,Cloudy,Angle,no,no,no,no,no,False
102231838,METROPOLITAN NASHVILLE POLICE DEPT,20181001318,Davidson,Nashville,12/1/2018 2:05:00 PM,2,1,0,36.180430,-86.803200,BUCHANAN ST,,,,0.00,,,10TH AVN,,,,0.00,Y,Four-Way,N,Non-Junction,None,,,         ,Caleb,Jernigan,Cloudy,Front to Rear,no,no,no,no,no,False
102231843,METROPOLITAN NASHVILLE POLICE DEPT,20181001346,Davidson,Nashville,12/1/2018 2:36:00 PM,2,0,0,36.086160,-86.691240,ANTIOCH PKE,,,,272.00,Feet,North,PERIMETER HILL DR,,,,0.00,N,Not at Intersection, ,Non-Junction,None,,,         ,Jason,Hees,Cloudy,Angle,no,no,no,no,yes,False
102231845,METROPOLITAN NASHVILLE POLICE DEPT,20181001311,Davidson,Nashville,12/1/2018 2:00:00 PM,2,0,0,36.101900,-86.713090,I 24,,,,0.00,,,,,,,54.45,N,Not at Intersection, ,Non-Junction,None,,,         ,Nopel,Stella,Clear,Front to Rear,no,no,no,no,no,False
102231866,METROPOLITAN NASHVILLE POLICE DEPT,20181001210,Davidson,Nashville,12/1/2018 12:01:00 PM,2,0,0,36.047200,-86.862310,OLD HICKORY BLVD,,,,132.00,Feet,East,HILLSBORO PKE,,,,0.00,N,Not at Intersection,N,Non-Junction,None,,,         ,Ty,Cummings,Cloudy,"Sideswipe, Same Direction",no,no,no,no,no,False
102231873,METROPOLITAN NASHVILLE POLICE DEPT,20181001307,Davidson,Nashville,12/1/2018 1:50:00 PM,2,0,0,36.151800,-86.771250,4TH AVS,,,,0.00,,,LAFAYETTE ST,,,,0.00,Y,Y-Intersection,Y,Intersection,None,,,         ,Thomas,Clingan,Cloudy,Angle,no,no,no,no,no,False
102231907,METROPOLITAN NASHVILLE POLICE DEPT,20181001320,Davidson,Nashville,12/1/2018 1:37:00 PM,2,0,0,36.104970,-86.818630,BANDYWOOD DR,,,,269.00,Feet,East,HILLSBORO CIR,,,,0.00,N,Not at Intersection, ,Non-Junction,None,,,         ,Ty,Cummings,Cloudy,Front to Rear,no,no,no,no,no,False
102231912,METROPOLITAN NASHVILLE POLICE DEPT,20181001319,Davidson,Nashville,12/1/2018 1:45:00 PM,3,0,0,36.142040,-86.875990,CHARLOTTE PKE,,,,516.00,Feet,West,CHARLOTTE ROAD CIR,,,,0.00,N,Not at Intersection, ,Non-Junction,None,,,         ,Douglas,Atwood,Cloudy,Front to Rear,no,no,no,no,no,False
102231924,METROPOLITAN NASHVILLE POLICE DEPT,20181001404,Davidson,Nashville,12/1/2018 2:21:00 PM,2,0,0,36.146540,-86.767720,4TH AVS,,,,0.00,,,MILDRED SHUTE AV,,,,0.00,Y,T-Intersection, ,Intersection-Related,None,,,         ,Douglas,Sykes,Clear,"Sideswipe, Same Direction",no,no,no,no,no,False
102231931,METROPOLITAN NASHVILLE POLICE DEPT,20181001417,Davidson,Nashville,12/1/2018 1:18:00 PM,2,0,0,36.069530,-86.693360,HAYWOOD LN,,,,165.00,Feet,East,EZELL RD,,,,0.00,N,Not at Intersection, ,Non-Junction,None,,,         ,Taylor,Hurley,Cloudy,Front to Rear,no,no,no,no,no,False
102231935,METROPOLITAN NASHVILLE POLICE DEPT,20181001321,Davidson,Not in City Limit,12/1/2018 1:00:00 PM,2,0,0,36.070330,-86.945250,DORAL COUNTRY DR,,,,22.00,Feet,North,TODD PREIS DR,,,,0.00,N,Not at Intersection, ,Non-Junction,None,,,         ,Terrence,Bradley,Clear,Angle,no,no,no,no,no,False
102231941,METROPOLITAN NASHVILLE POLICE DEPT,20181001300,Davidson,Nashville,12/1/2018 1:49:00 PM,1,0,0,36.182400,-86.776200,COWAN ST,,,,678.00,Feet,West,I24 E EXT RAMP,,,,0.00,N,Not at Intersection,N,Non-Junction,None,,,         ,James,Hill,Cloudy,Not Collision with Motor Vehicle in Transport,no,no,no,no,no,False
102231944,METROPOLITAN NASHVILLE POLICE DEPT,20181001384,Davidson,Nashville,12/1/2018 1:10:00 PM,2,0,0,36.080400,-86.717930,RECOVERY RD,,,,0.00,,,HARDING PL,,,,0.00,Y,Four-Way,Y,Intersection,None,,,         ,Mary,Williams,Clear,Angle,no,no,no,no,yes,False
102231947,METROPOLITAN NASHVILLE POLICE DEPT,20181001493,Davidson,Nashville,12/1/2018 3:56:00 PM,2,0,0,36.124150,-86.751480,I440 W EXT RAMP,,,,57.00,Feet,East,I 440,,,,0.00,N,Not at Intersection, ,Non-Junction,None,,,         ,YUNUS,ADAK,Clear,Other,no,no,no,no,no,False
102231952,METROPOLITAN NASHVILLE POLICE DEPT,20181001431,Davidson,Nashville,12/1/2018 2:18:00 PM,2,0,0,36.151050,-86.783130,MAGAZINE ST,,,,0.00,,,DIVISION ST,,,,0.00,Y,T-Intersection, ,Non-Junction,None,,,         ,Jonathan,Nicholson,Cloudy,"Sideswipe, Same Direction",no,no,no,no,no,False
102231965,METROPOLITAN NASHVILLE POLICE DEPT,20181001474,Davidson,Nashville,12/1/2018 3:50:00 PM,2,0,0,36.072920,-86.645500,RICE RD,,,,448.00,Feet,East,EDGE O LAKE DR,,,,0.00,N,Not at Intersection, ,Non-Junction,None,,,         ,Devonte,Coleman,Cloudy,HeadOn,no,no,no,no,no,False
102231966,METROPOLITAN NASHVILLE POLICE DEPT,20181001458,Davidson,Nashville,12/1/2018 3:11:00 PM,2,0,0,36.081990,-86.761400,HARDING PL,,,,96.00,Feet,East,SIDCO DR,,,,0.00,N,Not at Intersection, ,,None,,,         ,Citlaly,Juarez,,,no,no,no,no,no,False
102231968,METROPOLITAN NASHVILLE POLICE DEPT,20181001341,Davidson,Not in City Limit,12/1/2018 2:26:00 PM,1,1,0,36.276320,-86.728370,E CAMPBELL RD,,,,371.00,Feet,East,N GRAYCROFT AV,,,,0.00,N,Not at Intersection,N,Non-Junction,None,,,         ,Peter,Vaught,Clear,Not Collision with Motor Vehicle in Transport,no,no,no,no,no,False
102231977,METROPOLITAN NASHVILLE POLICE DEPT,20181001529,Davidson,Nashville,12/1/2018 3:23:00 PM,2,0,0,36.193960,-86.830940,BUENA VISTA PKE,,,,137.00,Feet,North,CLARKSVILLE PKE,,,,0.00,N,Not at Intersection, ,Non-Junction,None,,,         ,Justin,Vaughn,Clear,Front to Rear,no,no,no,no,no,False
102231987,METROPOLITAN NASHVILLE POLICE DEPT,20181001507,Davidson,Nashville,12/1/2018 3:58:00 PM,2,2,0,36.238110,-86.735990,BRILEY PKWY W EXT RAMP,,,,0.00,Feet,East,I65 N ENT RAMP,,,,0.00,N,Not at Intersection,N,Non-Junction,None,,,         ,Peter,Vaught,Clear,"Sideswipe, Same Direction",no,no,no,no,no,False
102232003,VANDERBILT UNIVERSITY POLICE,180999667,Davidson,Nashville,11/30/2018 6:15:00 PM,2,0,0,36.144840,-86.806800,25TH AVS,,,,0.00,,,VANDERBILT PL,,,,0.00,Y,T-Intersection, ,Intersection,None,,,         ,Frank,Marsua,Cloudy,Front to Rear,no,no,no,no,no,Campus
102232005,METROPOLITAN NASHVILLE POLICE DEPT,20181001533,Davidson,Nashville,12/1/2018 1:30:00 PM,2,0,0,36.044790,-86.661900,BELL RD,,,,109.00,Feet,West,CANE RIDGE RD,,,,0.00,N,Not at Intersection, ,Non-Junction,None,,,         ,Ian,Swander,Cloudy,Front to Rear,no,no,no,no,no,False
102232021,METROPOLITAN NASHVILLE POLICE DEPT,20181001586,Davidson,Nashville,12/1/2018 3:44:00 PM,2,0,0,36.044600,-86.668360,ARBOR COMMON,,,,88.00,Feet,South,BELL RD,,,,0.00,N,Not at Intersection,N,Non-Junction,None,,,         ,Devonte,Coleman,Cloudy,Front to Rear,no,no,no,yes,yes,False
102232027,METROPOLITAN NASHVILLE POLICE DEPT,20181001638,Davidson,Nashville,12/1/2018 5:30:00 PM,2,0,0,36.165830,-86.862770,PENNSYLVANIA AV,,,,0.00,,,62ND AVN,,,,0.00,Y,Four-Way,N,Intersection,None,,,         ,Robert,Crow,Cloudy,Angle,no,no,no,no,no,False
102232028,METROPOLITAN NASHVILLE POLICE DEPT,20181001688,Davidson,Nashville,12/1/2018 6:00:00 PM,2,0,0,36.044850,-86.668370,ARBOR COMMON,,,,0.00,,,BEECHWOOD TER,,,,0.00,Y,OTHER, ,Non-Junction,None,,,         ,Eric,Wegener,Rain,Angle,no,no,no,no,no,False
102232044,METROPOLITAN NASHVILLE POLICE DEPT,20181001670,Davidson,Nashville,12/1/2018 5:42:00 PM,2,0,0,36.202420,-86.739150,LITTON AV,,,,0.00,,,GALLATIN PKE,,,,0.00,Y,T-Intersection, ,Intersection,None,,,         ,Marc,Kozen,Clear,Front to Rear,no,no,no,no,no,False
102232066,Nashville Airport Police,18-04872,Davidson,Nashville,11/30/2018 8:32:00 PM,2,0,0,36.133180,-86.664330,BNA DR,,,,0.00,,,DONELSON PKES,,,,0.00,Y,T-Intersection,N,Entrance/Exit Ramp Related,None,,,         ,Ian,Sturgis,Rain,Angle,no,no,no,no,no,False