master_record_number,agency,agency_tracking_number,county,city,collision_date,vehicles_involved,number_injured,number_dead,latitude,longitude,roadway_name,roadway_suffix,roadway_number,roadway_local_id,distance_from_reference,miles-feet_indicator,direction_from_reference,intersection_road_name,intersection_road_name_suffix,intersection_road_number,intersection_local_id,mile_marker,intersection_indicator,intersect_type,interchange_related_indicator,relation_to_junction,work_zone_type,construction_maintenance_zone,construction_maintenance_zone_location,fatal_case_number,officer_first_name,officer_last_name,weather_condition(s),manner_of_crash,pedestrian,bicycle,scooter,parking,hitrun,mou
102234642,METROPOLITAN NASHVILLE POLICE DEPT,20181005734,Davidson,Nashville,12/3/2018 2:50:00 PM,2,0,0,36.114010,-86.691700,MURFREESBORO PKE,,,,900.00,Feet,West,MCGAVOCK PKE,,,,0.00,N,Not at Intersection, ,Non-Junction,None,,,         ,Donald,Davidson,Clear,Front to Rear,no,no,no,no,no,False
102234645,METROPOLITAN NASHVILLE POLICE DEPT,20181006377,Davidson,Nashville,12/3/2018 7:10:00 PM,2,0,0,36.160160,-86.779160,BROADWAY,,,,240.00,Feet,West,5TH AVS,,,,0.00,N,Not at Intersection,N,Non-Junction,None,,,         ,Cody,O'Quinn,Clear,Front to Rear,no,no,no,no,yes,False
102234648,METROPOLITAN NASHVILLE POLICE DEPT,20181007584,Davidson,Nashville,12/4/2018 5:35:00 AM,4,1,0,36.153050,-86.765300,I 40,,,,0.00,,,,,,,210.70,N,Not at Intersection,N,Non-Junction,None,,,         ,Eric,Schaefer,Clear,Front to Rear,no,no,no,no,no,False
102234650,METROPOLITAN NASHVILLE POLICE DEPT,20181007682,Davidson,Nashville,12/4/2018 7:15:00 AM,2,0,0,36.178330,-86.794850,ROSA L PARKS BLVD,,,,96.00,Feet,North,CHEATHAM PL,,,,0.00,N,Not at Intersection, ,Non-Junction,None,,,         ,Wesley,Young,Cloudy,Angle,no,no,no,no,no,False
102234653,METROPOLITAN NASHVILLE POLICE DEPT,20181007734,Davidson,Nashville,12/4/2018 7:34:00 AM,2,0,0,36.088780,-86.613010,SMITH SPRINGS RD,,,,328.00,Feet,East,CLEARLAKE DRW,,,,0.00,N,Not at Intersection, ,Non-Junction,None,,,         ,Jason,Milyaro Lucas,Clear,"Sideswipe, Opposite Direction",no,no,no,no,yes,False
102234658,METROPOLITAN NASHVILLE POLICE DEPT,20181007675,Davidson,Nashville,12/4/2018 6:38:00 AM,2,0,0,36.110820,-86.743490,THOMPSON LN,,,,100.00,Feet,West,FOSTER AV,,,,0.00,N,Not at Intersection, ,Non-Junction,None,,,         ,Charles,Wakefield,Clear,Front to Rear,no,no,no,no,no,False
102234660,METROPOLITAN NASHVILLE POLICE DEPT,20181007803,Davidson,Nashville,12/4/2018 7:55:00 AM,2,0,0,36.170010,-86.679780,MCGAVOCK PKE,,,,237.00,Feet,North,LEBANON PKE,,,,0.00,N,Not at Intersection,N,Non-Junction,None,,,         ,Tien,Nguyen,Cloudy,Angle,no,no,no,no,no,False
102234664,METROPOLITAN NASHVILLE POLICE DEPT,20181007715,Davidson,Nashville,12/4/2018 7:24:00 AM,2,0,0,36.168850,-86.568120,I 40,,,,0.00,,,,,,,222.65,N,Not at Intersection, ,Non-Junction,None,,,         ,Tien,Nguyen,Cloudy,Front to Rear,no,no,no,no,no,False
102234676,METROPOLITAN NASHVILLE POLICE DEPT,20181007733,Davidson,Nashville,12/4/2018 7:30:00 AM,1,0,0,36.067550,-86.636720,BELL RD,,,,363.00,Feet,North,MORRIS GENTRY BLVD,,,,0.00,N,Not at Intersection, ,Non-Junction,None,,,         ,Jessie,Meadows,Clear,Not Collision with Motor Vehicle in Transport,no,no,no,no,no,False
102234679,METROPOLITAN NASHVILLE POLICE DEPT,20181007645,Davidson,Nashville,12/4/2018 6:24:00 AM,2,0,0,36.153250,-86.756360,I 40,,,,0.00,,,,,,,211.20,N,Not at Intersection,N,Non-Junction,None,,,         ,Justin,Jackson,Clear,"Sideswipe, Same Direction",no,no,no,no,yes,False
102234683,METROPOLITAN NASHVILLE POLICE DEPT,20181007775,Davidson,Nashville,12/4/2018 7:48:00 AM,2,0,0,36.207220,-86.776400,I 65,,,,0.00,,,I65 S ENT RAMP,,,,0.00,Y,OTHER, ,Entrance/Exit Ramp Related,None,,,         ,William,Coy,Cloudy,Front to Rear,no,no,no,no,no,False
102234685,GOODLETTSVILLE POLICE DEPT,18-42533,Davidson,Goodlettsville,12/3/2018 1:30:00 PM,2,0,0,36.323520,-86.701080,CONFERENCE DR,,,,0.00,,,NORTHGATE CIR,,,,0.00,Y,Four-Way,N,Intersection,None,,,         ,Charles,Hauskin,Cloudy,Angle,no,no,no,no,no,False
102234690,METROPOLITAN NASHVILLE POLICE DEPT,20181007821,Davidson,Nashville,12/4/2018 8:00:00 AM,2,0,0,36.044900,-86.724610,OLD HICKORY BLVD,,,,87.00,Feet,East,AMALIE DR,,,,0.00,N,Not at Intersection, ,Non-Junction,None,,,         ,Alberta,Auguste,Cloudy,Front to Rear,no,no,no,no,no,False
102234713,METROPOLITAN NASHVILLE POLICE DEPT,20181007931,Davidson,Nashville,12/4/2018 8:33:00 AM,2,0,0,36.112190,-86.922770,OLD HICKORY BLVD,,,,0.00,,,I40 W EXT RAMP,,,,0.00,Y,T-Intersection,N,Entrance/Exit Ramp Related,None,,,         ,Curtis,Rich,Cloudy,Front to Rear,no,no,no,no,no,False
102234715,METROPOLITAN NASHVILLE POLICE DEPT,20181007839,Davidson,Nashville,12/4/2018 8:10:00 AM,2,1,0,36.152580,-86.783780,11TH AVS,,,,120.00,Feet,South,PINE ST,,,,0.00,N,Not at Intersection,N,Non-Junction,None,,,         ,Cody,O'Quinn,Cloudy,Angle,no,no,no,no,no,False
102234728,METROPOLITAN NASHVILLE POLICE DEPT,20181007907,Davidson,Nashville,12/4/2018 8:35:00 AM,2,0,0,36.110740,-86.745120,NOLENSVILLE PKE,,,,77.00,Feet,South,THOMPSON LN,,,,0.00,N,Not at Intersection,N,Non-Junction,None,,,         ,James,Thomas,Cloudy,Front to Rear,no,no,no,no,yes,False
102234730,METROPOLITAN NASHVILLE POLICE DEPT,20181007797,Davidson,Nashville,12/4/2018 7:55:00 AM,2,3,0,36.177020,-86.770970,DICKERSON PKE,,,,140.00,Feet,North,SPRING ST,,,,0.00,N,Not at Intersection,N,Entrance/Exit Ramp Related,None,,,         ,Erik,Nash,Cloudy,Front to Rear,no,no,no,no,no,False
102234739,METROPOLITAN NASHVILLE POLICE DEPT,20181007935,Davidson,Nashville,12/4/2018 8:49:00 AM,3,0,0,36.170160,-86.806410,I 40,,,,0.00,,,,,,,207.30,N,Not at Intersection, ,Non-Junction,None,,,         ,Fabjan,Llukaj,Cloudy,Front to Rear,no,no,no,no,yes,False
102234747,METROPOLITAN NASHVILLE POLICE DEPT,20181007961,Davidson,Nashville,12/4/2018 8:58:00 AM,3,3,0,36.145950,-86.666600,ROYAL PKWY,,,,0.00,,,DONELSON PKE,,,,0.00,Y,Four-Way,N,Intersection-Related,None,,,         ,Tien,Nguyen,Cloudy,Angle,no,no,no,no,no,False
102234769,METROPOLITAN NASHVILLE POLICE DEPT,20181007648,Davidson,Nashville,12/4/2018 6:36:00 AM,1,0,0,36.172140,-86.727490,HUNTLEIGH DR,,,,0.00,,,,,,,0.00,,,N,Non-Junction,None,,,         ,Russell,Freeman,Cloudy,Not Collision with Motor Vehicle in Transport,no,no,no,no,no,False
102234770,METROPOLITAN NASHVILLE POLICE DEPT,20181008163,Davidson,Nashville,12/4/2018 10:48:00 AM,2,0,0,36.217080,-86.696380,MCGAVOCK PKE,,,,0.00,,,MUSIC VALLEY DR,,,,0.00,Y,Four-Way, ,Intersection-Related,None,,,         ,Tien,Nguyen,Cloudy,Front to Rear,no,no,no,no,no,False
102234773,METROPOLITAN NASHVILLE POLICE DEPT,20181007688,Davidson,Nashville,12/4/2018 7:24:00 AM,2,0,0,36.141000,-86.718570,I 40,,,,0.00,,,,,,,213.70,N,Not at Intersection,N,Non-Junction,None,,,         ,Tien,Nguyen,Cloudy,"Sideswipe, Same Direction",no,no,no,no,yes,False
102234780,METROPOLITAN NASHVILLE POLICE DEPT,20181007990,Davidson,Madison,12/4/2018 9:20:00 AM,2,0,0,36.265440,-86.739730,OLD HICKORY BLVDW,,,,0.00,Feet,West,I65 S ENT RAMP,,,,0.00,N,Not at Intersection, ,Non-Junction,None,,,         ,Arthur,Hipp,Cloudy,Front to Rear,no,no,no,no,no,False
102234790,THP District 3 - Nashville,318078325,Davidson,Not in City Limit,11/28/2018 6:45:00 AM,2,0,0,36.323880,-86.867500,I 24,,,,0.00,,,,,,,35.00,N,Not at Intersection,N,Non-Junction,None,,,         ,Kevin,Smith,Clear,Front to Rear,no,no,no,no,no,False
102234802,METROPOLITAN NASHVILLE POLICE DEPT,20181008083,Davidson,Nashville,12/4/2018 10:14:00 AM,2,0,0,36.230320,-86.773800,EWING DR,,,,0.00,,,RICHMOND HILL DR,,,,0.00,Y,Four-Way,N,Intersection,None,,,         ,Samuel,Kersten,Cloudy,Front to Rear,no,no,no,no,yes,False
102234812,METROPOLITAN NASHVILLE POLICE DEPT,20181008139,Davidson,Nashville,12/4/2018 10:02:00 AM,2,0,0,36.151290,-86.761770,CHARLES E DAVIS BLVD,,,,161.00,Feet,North,CANNON ST,,,,0.00,N,Not at Intersection,N,Non-Junction,None,,,         ,Michael,Dance,Cloudy,Rear to Side,no,no,no,yes,yes,False
102234816,METROPOLITAN NASHVILLE POLICE DEPT,20181007981,Davidson,Nashville,12/4/2018 7:30:00 AM,2,0,0,36.116360,-86.703910,BRILEY PKWYS,,,,475.00,Feet,West,BRILEY PKWYN,,,,0.00,N,Not at Intersection, ,Non-Junction,None,,,         ,Jessie,Meadows,Clear,"Sideswipe, Same Direction",no,no,no,no,no,False
102234817,METROPOLITAN NASHVILLE POLICE DEPT,20181007754,Davidson,Nashville,12/4/2018 7:40:00 AM,2,0,0,36.070880,-86.871580,PAGE RD,,,,50.00,Feet,North,CHICKERING RD,,,,0.00,N,Not at Intersection, ,Non-Junction,None,,,         ,Walter,Gray II,Cloudy,Front to Rear,no,no,no,no,no,False
102234818,METROPOLITAN NASHVILLE POLICE DEPT,20181008026,Davidson,Nashville,12/4/2018 9:18:00 AM,2,0,0,36.147220,-86.757690,LAFAYETTE ST,,,,75.00,Feet,East,FAIRFIELD AV,,,,0.00,N,Not at Intersection, ,Non-Junction,None,,,         ,Jessie,Meadows,Clear,"Sideswipe, Same Direction",no,no,no,no,no,False
102234819,METROPOLITAN NASHVILLE POLICE DEPT,20181008193,Davidson,Goodlettsville,12/4/2018 11:05:00 AM,2,0,0,36.295350,-86.700550,GALLATIN PKEN,,,,144.00,Feet,South,RIVERGATE STATION PVTDR,,,,0.00,N,Not at Intersection, ,Non-Junction,None,,,         ,Cyretha,Frazier,Cloudy,Front to Rear,no,no,no,no,no,False
102234835,METROPOLITAN NASHVILLE POLICE DEPT,20181008313,Davidson,Nashville,12/4/2018 11:55:00 AM,2,0,0,36.129270,-86.904910,CHARLOTTE PKE,,,,70.00,Feet,East,CHARLOTTE PKE PVTDR,,,,0.00,N,Not at Intersection, ,Non-Junction,None,,,         ,Curtis,Rich,Cloudy,Angle,no,no,no,yes,yes,False
102234839,METROPOLITAN NASHVILLE POLICE DEPT,20181008218,Davidson,Not in City Limit,12/4/2018 11:22:00 AM,2,0,0,36.321390,-86.867310,WHITES CREEK PKE,,,,0.00,,,,,,,0.00,,, ,Non-Junction,None,,,         ,Wesley,Young,Cloudy,Angle,no,no,no,yes,no,False
102234866,METROPOLITAN NASHVILLE POLICE DEPT,20181008280,Davidson,Nashville,12/4/2018 11:46:00 AM,1,0,0,36.164730,-86.593650,LAKE PKWY,,,,404.00,Feet,West,PORT ANADARKO TRL,,,,0.00,N,Not at Intersection,N,OtherLocation,None,,,         ,Tien,Nguyen,Cloudy,Not Collision with Motor Vehicle in Transport,no,no,no,no,yes,False
102234868,METROPOLITAN NASHVILLE POLICE DEPT,20181008138,Davidson,Nashville,12/4/2018 10:30:00 AM,2,0,0,36.039020,-86.659130,CANE RIDGE RD,,,,2.00,Feet,West,MOUNTAINHIGH DR,,,,0.00,N,Not at Intersection, ,Non-Junction,None,,,         ,Jessie,Meadows,Clear,Angle,no,no,no,no,no,False
102234869,METROPOLITAN NASHVILLE POLICE DEPT,20181008215,Davidson,Nashville,12/3/2018 4:00:00 PM,1,0,0,36.066850,-86.718090,NOLENSVILLE PKE,,,,80.00,Feet,North,NORTHCREST DR,,,,0.00,N,Not at Intersection,N,Non-Junction,None,,,         ,Jessie,Meadows,Clear,Not Collision with Motor Vehicle in Transport,no,no,no,yes,yes,False
102234870,METROPOLITAN NASHVILLE POLICE DEPT,20181008298,Davidson,Madison,12/4/2018 11:58:00 AM,2,1,0,36.283690,-86.692320,MYATT DR,,,,0.00,,,NORTHGATE BUSINESS PKWY,,,,0.00,Y,T-Intersection,N,Intersection,None,,,         ,Michelle,Steidl,Cloudy,Angle,no,no,no,no,no,False
102234996,METROPOLITAN NASHVILLE POLICE DEPT,20181008433,Davidson,Madison,12/4/2018 12:37:00 PM,2,0,0,36.296910,-86.699160,GALLATIN PKEN,,,,0.00,,,RIVERGATE PKWY,,,,0.00,Y,Four-Way, ,Non-Junction,None,,,         ,Cyretha,Frazier,Cloudy,Angle,no,no,no,no,no,False
102235001,METROPOLITAN NASHVILLE POLICE DEPT,20181008329,Davidson,Nashville,12/4/2018 12:15:00 PM,2,1,0,36.177790,-86.786490,MONROE ST,,,,0.00,,,3RD AVN,,,,0.00,Y,Four-Way,N,Intersection-Related,None,,,         ,Cody,O'Quinn,Cloudy,Front to Rear,no,no,no,no,no,False
102235003,METROPOLITAN NASHVILLE POLICE DEPT,20181008320,Davidson,Nashville,12/4/2018 12:06:00 PM,1,1,0,36.231510,-86.791600,EWING DR,,,,251.00,Feet,East,GWYNNWOOD DR,,,,0.00,N,Not at Intersection,N,Non-Junction,None,,,         ,James,Wray,Clear,Not Collision with Motor Vehicle in Transport,no,no,no,no,no,False
102235009,METROPOLITAN NASHVILLE POLICE DEPT,20181008375,Davidson,Nashville,12/4/2018 12:55:00 PM,2,0,0,36.143200,-86.685670,I 40,,,,0.00,,,,,,,215.55,N,Not at Intersection,N,Non-Junction,None,,,         ,Gerry,Hutcheson,Cloudy,Angle,no,no,no,no,no,False
102235027,METROPOLITAN NASHVILLE POLICE DEPT,20181008486,Davidson,Nashville,12/4/2018 1:25:00 PM,1,0,0,36.059670,-86.772830,I 65,,,,0.00,,,,,,,75.20,N,Not at Intersection,N,Non-Junction,None,,,         ,Jon,Mcvey,Cloudy,Not Collision with Motor Vehicle in Transport,no,no,no,no,no,False
102235028,METROPOLITAN NASHVILLE POLICE DEPT,20181008334,Davidson,Nashville,12/4/2018 11:58:00 AM,2,0,0,36.183650,-86.610660,OLD HICKORY BLVD,,,,0.00,,,ANDREW JACKSON PKWY,,,,0.00,Y,Four-Way, ,Intersection,None,,,         ,Cassandra,Del Bosco,Cloudy,Angle,no,no,no,no,no,False
102235029,METROPOLITAN NASHVILLE POLICE DEPT,20181008332,Davidson,Nashville,12/4/2018 12:13:00 PM,2,0,0,36.162120,-86.782650,CHURCH ST,,,,0.00,,,7TH AVN,,,,0.00,Y,Four-Way, ,Intersection,None,,,         ,Samuel,White,Clear,Angle,no,no,no,no,no,False
102235038,METROPOLITAN NASHVILLE POLICE DEPT,20181008554,Davidson,Nashville,12/4/2018 1:50:00 PM,2,0,0,36.067930,-86.770640,I 65,,,,0.00,,,,,,,76.80,N,Not at Intersection,N,Non-Junction,None,,,         ,Earl,Davis,Cloudy,Front to Rear,no,no,no,no,no,False
102235065,METROPOLITAN NASHVILLE POLICE DEPT,20181008249,Davidson,Nashville,12/4/2018 11:36:00 AM,1,1,0,36.162940,-86.780880,CHURCH ST,,,,0.00,,,,,,,0.00,,,N,OtherLocation,None,,,         ,Frank,Campbell,Cloudy,Not Collision with Motor Vehicle in Transport,yes,no,no,yes,no,False
102235070,METROPOLITAN NASHVILLE POLICE DEPT,20181008391,Davidson,Nashville,12/4/2018 12:34:00 PM,1,0,0,36.243190,-86.780420,BRICK CHURCH PKE,,,,146.00,Feet,North,MASONWOOD DR,,,,0.00,N,Not at Intersection,N,Non-Junction,None,,,         ,Samuel,Kersten,Cloudy,Not Collision with Motor Vehicle in Transport,no,no,no,no,yes,False
102235105,TENNESSEE STATE UNIVERSITY ,18-68169,Davidson,Nashville,12/4/2018 12:15:00 PM,4,0,0,36.164710,-86.826610,ALAMEDA ST,,,,80.00,Feet,West,33RD AVN,,,,0.00,N,Not at Intersection, ,Non-Junction,None,,,         ,Ashley,Boleyjack,Clear,"Sideswipe, Same Direction",no,no,no,yes,no,False
102235116,METROPOLITAN NASHVILLE POLICE DEPT,20181008679,Davidson,Nashville,12/4/2018 2:45:00 PM,2,3,0,36.143960,-86.722360,ELM HILL PKE,,,,62.00,Feet,East,SPENCE LN,,,,0.00,N,Not at Intersection, ,Non-Junction,None,,,         ,Samuel,Sundra,Cloudy,Front to Rear,no,no,no,no,no,False
102235124,BELLE MEADE POLICE DEPT,18-0338,Davidson,Belle Meade,12/4/2018 7:00:00 AM,2,0,0,36.104470,-86.857210,BELLE MEADE BLVD,,,,827.00,Feet,North,LEAKE AV,,,,0.00,N,Not at Intersection,N,Non-Junction,None,,,         ,Keith,Samol,Clear,Not Collision with Motor Vehicle in Transport,no,no,no,no,no,False
102235155,METROPOLITAN NASHVILLE POLICE DEPT,20181008704,Davidson,Nashville,12/4/2018 12:00:00 AM,1,0,0,36.197800,-86.687990,BRILEY PKWYN,,,,153.00,Feet,North,BRILEY PKWY N EXT RAMP,,,,0.00,N,Not at Intersection,N,Non-Junction,None,,,         ,Alexander,Spradling,Cloudy,Not Collision with Motor Vehicle in Transport,no,no,no,no,no,False
102235161,METROPOLITAN NASHVILLE POLICE DEPT,20181008778,Davidson,Nashville,12/4/2018 3:00:00 PM,2,0,0,36.093520,-86.624850,BELL RD,,,,135.00,Feet,South,HARBOR LIGHTS DR,,,,0.00,N,Not at Intersection, ,Non-Junction,None,,,         ,Brady,Reynolds,Clear,Front to Rear,no,no,no,no,no,False
102235174,METROPOLITAN NASHVILLE POLICE DEPT,20181008761,Davidson,Nashville,12/4/2018 3:26:00 PM,3,0,0,36.062520,-86.637810,BELL RD,,,,314.00,Feet,South,RICE RD,,,,0.00,N,Not at Intersection,N,Non-Junction,None,,,         ,Marcus,Darden,Clear,Front to Rear,no,no,no,no,yes,False
102235177,METROPOLITAN NASHVILLE POLICE DEPT,20181008672,Davidson,Nashville,12/4/2018 2:34:00 PM,2,0,0,36.120680,-86.803220,I 440,,,,0.00,,,,,,,2.95,N,Not at Intersection, ,,None,,,         ,Akira,McSwain,,,no,no,no,no,no,False
102235180,METROPOLITAN NASHVILLE POLICE DEPT,20181008877,Davidson,Not in City Limit,12/4/2018 4:11:00 PM,2,2,0,36.262490,-86.712120,GALLATIN PKES,,,,75.00,Feet,North,E OLD HICKORY BLVD,,,,0.00,N,Not at Intersection,N,Non-Junction,None,,,         ,Christopher,Littles,Cloudy,Front to Rear,no,no,no,no,no,False
102235185,METROPOLITAN NASHVILLE POLICE DEPT,20181008871,Davidson,Nashville,12/4/2018 3:53:00 PM,2,0,0,36.154510,-86.737600,LEBANON PKE,,,,586.00,Feet,East,OMOHUNDRO PL,,,,0.00,N,Not at Intersection, ,Non-Junction,None,,,         ,Samuel,Sundra,Cloudy,Front to Rear,no,no,no,no,no,False
102235190,METROPOLITAN NASHVILLE POLICE DEPT,20181008751,Davidson,Nashville,12/4/2018 3:10:00 PM,2,0,0,36.143370,-86.814580,WEST END AV,,,,59.00,Feet,South,30TH AVS,,,,0.00,N,Not at Intersection,N,Non-Junction,None,,,         ,Robert,Black Jr.,Clear,HeadOn,no,no,no,no,no,Campus
102235193,METROPOLITAN NASHVILLE POLICE DEPT,20181008809,Davidson,Nashville,12/4/2018 3:30:00 PM,2,1,0,36.249020,-86.838260,CLARKSVILLE PKE,,,,854.00,Feet,West,DRY FORK RD,,,,0.00,N,Not at Intersection,N,Non-Junction,None,,,         ,Bryan,Musgrave,Clear,Front to Rear,no,no,no,no,yes,False
102235197,METROPOLITAN NASHVILLE POLICE DEPT,20181008974,Davidson,Goodlettsville,12/4/2018 4:29:00 PM,2,0,0,36.301650,-86.693440,THE GALLERY AT RIVERGATE PVTDR,,,,0.00,,,GALLATIN PKEN,,,,0.00,Y,T-Intersection, ,Intersection,None,,,         ,Christopher,Littles,Cloudy,Angle,no,no,no,no,no,False
102235212,METROPOLITAN NASHVILLE POLICE DEPT,20181008932,Davidson,Nashville,12/4/2018 4:15:00 PM,2,0,0,36.146020,-86.776980,I40 E ENT RAMP,,,,0.00,Feet,East,I 65,,,,0.00,N,Not at Intersection, ,Non-Junction,None,,,         ,Conor,Cronin,Clear,Front to Rear,no,no,no,no,no,False
102235228,METROPOLITAN NASHVILLE POLICE DEPT,20181008990,Davidson,Nashville,12/4/2018 5:03:00 PM,3,0,0,36.129140,-86.772860,I 65,,,,0.00,,,,,,,81.00,N,Not at Intersection,N,Non-Junction,None,,,         ,FELIKS,ABRAHAMYAN,Clear,Front to Rear,no,no,no,no,no,False
102235230,METROPOLITAN NASHVILLE POLICE DEPT,20181008994,Davidson,Nashville,12/4/2018 3:21:00 PM,2,0,0,36.132850,-86.720290,MURFREESBORO PKE,,,,218.00,Feet,East,PAVILION BLVD,,,,0.00,N,Not at Intersection,N,Non-Junction,None,,,         ,Jarret,Sonnenberg,Clear,Front to Rear,no,no,no,no,yes,False
102235261,METROPOLITAN NASHVILLE POLICE DEPT,20181008997,Davidson,Nashville,12/4/2018 5:05:00 PM,2,1,0,36.029950,-86.592280,MURFREESBORO PKE,,,,0.00,,,HURRICANE CREEK BLVD,,,,0.00,Y,T-Intersection,N,Intersection,None,,,         ,Matthew,Turppa,Cloudy,Front to Rear,no,no,no,no,no,False
102235264,METROPOLITAN NASHVILLE POLICE DEPT,20181009099,Davidson,Nashville,12/4/2018 5:40:00 PM,2,0,0,36.141940,-86.776660,I 65,,,,0.00,,,,,,,81.95,N,Not at Intersection,N,Non-Junction,None,,,         ,Conor,Cronin,Clear,Front to Rear,no,no,no,no,no,False
102235267,METROPOLITAN NASHVILLE POLICE DEPT,20181009004,Davidson,Nashville,12/4/2018 5:07:00 PM,2,0,0,36.142260,-86.734760,I 40,,,,0.00,,,,,,,212.80,N,Not at Intersection,N,Non-Junction,None,,,         ,Samuel,Sundra,Clear,Front to Rear,no,no,no,no,no,False
102235269,METROPOLITAN NASHVILLE POLICE DEPT,20181008980,Davidson,Nashville,12/4/2018 3:12:00 PM,2,0,0,36.105520,-86.671560,MURFREESBORO PKE,,,,79.00,Feet,East,EZELL PKE,,,,0.00,N,Not at Intersection, ,Non-Junction,None,,,         ,Deandera,Payne,Clear,Front to Rear,no,no,no,no,no,False
102235270,METROPOLITAN NASHVILLE POLICE DEPT,201810088281,Davidson,Not in City Limit,12/4/2018 3:55:00 PM,1,1,0,36.094530,-87.037160,HIGHWAY 70,,,,1655.00,Feet,West,BEVERLY HILLS DR,,,,0.00,N,Not at Intersection,N,Non-Junction,None,,,         ,Jeremy,Spoonemore,Cloudy,Not Collision with Motor Vehicle in Transport,no,no,no,no,yes,False
102235271,METROPOLITAN NASHVILLE POLICE DEPT,20181009108,Davidson,Nashville,12/4/2018 5:40:00 PM,2,0,0,36.244520,-86.722460,LAKEWOOD DR,,,,0.00,,,GALLATIN PKES,,,,0.00,Y,T-Intersection,N,Intersection,None,,,         ,Christopher,Littles,Cloudy,Front to Rear,no,no,no,no,no,False
102235273,METROPOLITAN NASHVILLE POLICE DEPT,20181008876,Davidson,Nashville,12/4/2018 2:40:00 PM,2,0,0,36.186010,-86.634230,STONES RIVER GRNWY,,,,0.00,,,LEBANON PKE,,,,0.00,Y,T-Intersection, ,,None,,,         ,Allyson,Reis,,,no,no,no,no,no,False
102235277,METROPOLITAN NASHVILLE POLICE DEPT,20181009086,Davidson,Nashville,12/4/2018 5:19:00 PM,2,0,0,36.133287,-86.891973,CHARLOTTE PK,,,,0.00,,,PRIVATE DR,,,,0.00,Y,T-Intersection, ,Intersection-Related,None,,,         ,Jeremy,Huffine,Clear,Front to Rear,no,no,no,no,no,False
102235278,METROPOLITAN NASHVILLE POLICE DEPT,20181008971,Davidson,Nashville,12/4/2018 4:21:00 PM,2,0,0,36.040990,-86.746210,OLD HICKORY BLVD,,,,587.00,Feet,East,BRENTWOOD MEADOWS CIR,,,,0.00,N,Not at Intersection,N,"Driveway, Alley Access, etc",None,,,         ,David,Robberson,Clear,Angle,no,no,no,no,no,False
102235282,METROPOLITAN NASHVILLE POLICE DEPT,20181009129,Davidson,Nashville,12/4/2018 5:23:00 PM,2,0,0,36.195970,-86.717190,PORTER RD,,,,0.00,,,STRATFORD AV,,,,0.00,Y,Four-Way,N,Intersection,None,,,         ,Richard,Conger,Clear,Angle,no,no,no,no,yes,False
102235291,METROPOLITAN NASHVILLE POLICE DEPT,20181009074,Davidson,Nashville,12/4/2018 3:40:00 PM,2,0,0,36.059070,-86.716220,NOLENSVILLE PKE,,,,0.00,,,TUSCULUM RD,,,,0.00,Y,Four-Way,N,Intersection,None,,,         ,Andrew,Brazee,Cloudy,Front to Rear,no,no,no,no,yes,False
102235297,METROPOLITAN NASHVILLE POLICE DEPT,20181009117,Davidson,Not in City Limit,12/4/2018 6:00:00 PM,2,0,0,36.074120,-86.974040,I 40,,,,0.00,,,,,,,195.20,N,Not at Intersection, ,Non-Junction,None,,,         ,Jeremy,Spoonemore,Cloudy,"Sideswipe, Same Direction",no,no,no,no,no,False
102235310,METROPOLITAN NASHVILLE POLICE DEPT,20181008975,Davidson,Nashville,12/4/2018 4:55:00 PM,3,0,0,36.162980,-86.617330,I 40,,,,0.00,,,,,,,219.85,N,Not at Intersection,N,Non-Junction,None,,,         ,Abbey,Sawl,Clear,"Sideswipe, Same Direction",no,no,no,no,no,False
102235330,METROPOLITAN NASHVILLE POLICE DEPT,20181009280,Davidson,Nashville,12/4/2018 6:57:00 PM,2,0,0,36.123740,-86.702290,VULTEE BLVD,,,,457.00,Feet,East,KERMIT DR,,,,0.00,N,Not at Intersection, ,Non-Junction,None,,,         ,Deandera,Payne,Clear,Angle,no,no,no,no,no,False
102235339,METROPOLITAN NASHVILLE POLICE DEPT,20181009146,Davidson,Nashville,12/4/2018 5:30:00 PM,2,0,0,36.091370,-86.828900,HARDING PL,,,,50.00,Feet,West,HILLSBORO PKE,,,,0.00,N,Not at Intersection, ,Non-Junction,None,,,         ,Andrew,McCarron,Clear,Front to Rear,no,no,no,no,no,False
102235344,METROPOLITAN NASHVILLE POLICE DEPT,20181008973,Davidson,Nashville,12/4/2018 4:51:00 PM,3,2,0,36.169730,-86.797330,I 40,,,,0.00,,,,,,,207.95,N,Not at Intersection,N,Non-Junction,None,,,         ,Shannon,Forsyth,Clear,Front to Rear,no,no,no,no,no,False
102235346,METROPOLITAN NASHVILLE POLICE DEPT,20181008983,Davidson,Nashville,12/4/2018 4:45:00 PM,2,0,0,36.071990,-86.732980,EDMONDSON PKE,,,,56.00,Feet,South,WHISPERING HILLS DR,,,,0.00,N,Not at Intersection, ,Non-Junction,None,,,         ,Garrett,Reingardt,Clear,Front to Rear,no,no,no,no,no,False
102235349,METROPOLITAN NASHVILLE POLICE DEPT,20181009338,Davidson,Goodlettsville,12/4/2018 7:29:00 PM,2,0,0,36.296910,-86.699160,GALLATIN PKEN,,,,0.00,,,RIVERGATE PKWY,,,,0.00,Y,Four-Way,N,Intersection,None,,,         ,Christopher,Littles,Cloudy,"Sideswipe, Same Direction",no,no,no,no,no,False