master_record_number,agency,agency_tracking_number,county,city,collision_date,vehicles_involved,number_injured,number_dead,latitude,longitude,roadway_name,roadway_suffix,roadway_number,roadway_local_id,distance_from_reference,miles-feet_indicator,direction_from_reference,intersection_road_name,intersection_road_name_suffix,intersection_road_number,intersection_local_id,mile_marker,intersection_indicator,intersect_type,interchange_related_indicator,relation_to_junction,work_zone_type,construction_maintenance_zone,construction_maintenance_zone_location,fatal_case_number,officer_first_name,officer_last_name,weather_condition(s),manner_of_crash,pedestrian,bicycle,scooter,parking,hitrun,mou
102237579,METROPOLITAN NASHVILLE POLICE DEPT,20181015313,Davidson,Nashville,12/6/2018 6:14:00 PM,3,2,0,36.079100,-86.720540,WALLACE RD,,,,0.00,Feet,,RECOVERY RD,,,,0.00,Y,T-Intersection,N,Intersection-Related,None,,,         ,William,Durham,Clear,"Sideswipe, Opposite Direction",no,no,no,no,no,False
102237581,METROPOLITAN NASHVILLE POLICE DEPT,20181015417,Davidson,Not in City Limit,12/6/2018 6:56:00 PM,2,0,0,36.267300,-86.710860,GALLATIN PKEN,,,,146.00,Feet,North,DUPONT AV,,,,0.00,N,Not at Intersection,N,Non-Junction,None,,,         ,DuJuan,Kendrick,Clear,"Sideswipe, Same Direction",no,no,no,no,yes,False
102237586,METROPOLITAN NASHVILLE POLICE DEPT,20181015396,Davidson,Nashville,12/6/2018 7:01:00 PM,3,0,0,36.148370,-86.777000,I 40,,,,0.00,,,,,,,210.00,N,Not at Intersection, ,Non-Junction,None,,,         ,Citlaly,Juarez,Clear,"Sideswipe, Same Direction",no,no,no,no,yes,False
102237587,METROPOLITAN NASHVILLE POLICE DEPT,20181011918,Davidson,Nashville,12/5/2018 4:15:00 PM,4,0,0,36.163730,-86.786930,CHARLOTTE AV,,,,102.00,Feet,West,ROSA L PARKS BLVD,,,,0.00,N,Not at Intersection, ,Non-Junction,None,,,         ,Brandon,O'Guin,Cloudy,Front to Rear,no,no,no,no,yes,False
102237595,METROPOLITAN NASHVILLE POLICE DEPT,20181015314,Davidson,Nashville,12/6/2018 5:51:00 PM,2,2,0,36.062660,-86.630800,HAMILTON CHURCH RD,,,,0.00,Feet,,HAMILTON CROSSINGS,,,,0.00,Y,Four-Way, ,Intersection,None,,,         ,Andrew,Brazee,Clear,Angle,no,no,no,no,no,False
102237596,METROPOLITAN NASHVILLE POLICE DEPT,20181015484,Davidson,Nashville,12/6/2018 6:35:00 PM,2,0,0,36.168420,-86.687970,LEBANON PKE,,,,3.00,Feet,West,BRILEY PKWY N ENT RAMP,,,,0.00,N,Not at Intersection, ,,None,,,         ,Darci,Stechman,,,no,no,no,no,no,False
102237597,METROPOLITAN NASHVILLE POLICE DEPT,20181015523,Davidson,Nashville,12/6/2018 7:48:00 PM,1,0,0,36.183320,-86.850980,COUNTY HOSPITAL RD,,,,979.00,Feet,West,CAMILLA CALDWELL LN,,,,0.00,N,Not at Intersection, ,Non-Junction,None,,,         ,Andrey,Volfson,Clear,Not Collision with Motor Vehicle in Transport,no,no,no,no,no,False
102237598,METROPOLITAN NASHVILLE POLICE DEPT,20181015437,Davidson,Nashville,12/6/2018 6:15:00 PM,2,0,0,36.055640,-86.668040,HICKORY HOLLOW PKWY,,,,1328.00,Feet,East,MT VIEW RD,,,,0.00,N,Not at Intersection,N,Non-Junction,None,,,         ,Jesse,Cox,Clear,Angle,no,no,no,no,yes,False
102237607,METROPOLITAN NASHVILLE POLICE DEPT,20181015337,Davidson,Nashville,12/6/2018 6:20:00 PM,2,1,0,36.134640,-86.723470,MURFREESBORO PKE,,,,329.00,Feet,East,I24 W EXT RAMP,,,,0.00,N,Not at Intersection,N,Non-Junction,None,,,         ,Robert,Black Jr.,Clear,Angle,no,no,no,no,no,False
102237608,METROPOLITAN NASHVILLE POLICE DEPT,20181015299,Davidson,Nashville,12/6/2018 5:30:00 PM,2,0,0,36.157860,-86.791750,CHURCH ST,,,,46.00,Feet,West,14TH AVN,,,,0.00,N,Not at Intersection, ,Non-Junction,None,,,         ,Garrett,Reingardt,Clear,"Sideswipe, Same Direction",no,no,no,no,yes,False
102237609,METROPOLITAN NASHVILLE POLICE DEPT,20181015327,Davidson,Nashville,12/6/2018 5:55:00 PM,2,0,0,36.153980,-86.840720,I 40,,,,0.00,,,,,,,204.90,N,Not at Intersection,N,Non-Junction,None,,,         ,Laura,Williams,Cloudy,Front to Rear,no,no,no,no,yes,False
102237625,METROPOLITAN NASHVILLE POLICE DEPT,20181014843,Davidson,Nashville,12/6/2018 2:24:00 PM,2,0,0,36.156040,-86.789570,I 40,,,,0.00,,,,,,,209.10,N,Not at Intersection, ,,None,,,         ,Akira,McSwain,,,no,no,no,no,no,False
102237626,METROPOLITAN NASHVILLE POLICE DEPT,20181015039,Davidson,Nashville,12/6/2018 4:10:00 PM,2,0,0,36.042310,-86.713900,SWISS AV,,,,279.00,Feet,East,KNOLLS PL,,,,0.00,N,Not at Intersection,N,Non-Junction,None,,,         ,Akira,McSwain,Clear,Rear to Rear,no,no,no,yes,yes,False
102237627,METROPOLITAN NASHVILLE POLICE DEPT,20181015236,Davidson,Nashville,12/6/2018 5:36:00 PM,2,0,0,36.039710,-86.758400,OLD HICKORY BLVD,,,,417.00,Feet,East,BRENTWOOD CHASE DR,,,,0.00,N,Not at Intersection,N,Non-Junction,None,,,         ,Akira,McSwain,Clear,Front to Rear,no,no,no,no,yes,False
102237628,METROPOLITAN NASHVILLE POLICE DEPT,20181015325,Davidson,Nashville,12/6/2018 6:15:00 PM,4,0,0,36.040480,-86.782600,I 65,,,,0.00,,,,,,,74.70,N,Not at Intersection,N,Non-Junction,None,,,         ,Akira,McSwain,Clear,Front to Rear,no,no,no,no,yes,False
102237629,METROPOLITAN NASHVILLE POLICE DEPT,20181015321,Davidson,Nashville,12/6/2018 5:25:00 PM,2,0,0,36.203390,-86.615780,LEBANON PKE,,,,572.00,Feet,South,SAMOA DR,,,,0.00,N,Not at Intersection, ,Non-Junction,None,,,         ,Jessica,Johann,Cloudy,"Sideswipe, Same Direction",no,no,no,no,no,False
102237630,METROPOLITAN NASHVILLE POLICE DEPT,20181015507,Davidson,Nashville,12/6/2018 7:52:00 PM,2,1,0,36.146270,-86.809790,WEST END AV,,,,0.00,,,NATCHEZ TRC,,,,0.00,Y,Four-Way,N,Intersection,None,,,         ,FELIKS,ABRAHAMYAN,Clear,Angle,no,no,no,no,no,Campus
102237632,METROPOLITAN NASHVILLE POLICE DEPT,20181015278,Davidson,Nashville,12/6/2018 4:10:00 PM,2,1,0,36.116050,-86.790460,I 440,,,,0.00,,,,,,,4.00,N,Not at Intersection,N,Non-Junction,None,,,         ,Jonathan,Sharp,Clear,Front to Rear,no,no,no,no,no,False
102237634,METROPOLITAN NASHVILLE POLICE DEPT,20181015436,Davidson,Nashville,12/6/2018 6:37:00 PM,1,0,0,36.223480,-86.625230,6TH ST,,,,106.00,Feet,East,OLD HICKORY BLVD,,,,0.00,N,Not at Intersection,N,Non-Junction,None,,,         ,Leonard,Spadavecchia,Clear,Not Collision with Motor Vehicle in Transport,no,no,no,yes,no,False
102237637,METROPOLITAN NASHVILLE POLICE DEPT,20181015294,Davidson,Nashville,12/6/2018 3:55:00 PM,1,0,0,36.032320,-86.743770,EDMONDSON PKE,,,,675.00,Feet,North,CLOVERLAND DR,,,,0.00,N,Not at Intersection, ,Non-Junction,None,,,         ,Andrew,Brazee,Clear,Not Collision with Motor Vehicle in Transport,no,no,no,no,no,False
102237638,METROPOLITAN NASHVILLE POLICE DEPT,20181015198,Davidson,Nashville,12/6/2018 5:09:00 PM,2,0,0,36.152480,-86.771660,4TH AVS,,,,54.00,Feet,North,ASH ST,,,,0.00,N,Not at Intersection,N,Non-Junction,None,,,         ,Kevin,Johnson,Clear,Front to Rear,no,no,no,no,no,False
102237639,GOODLETTSVILLE POLICE DEPT,18-42995,Davidson,Goodlettsville,12/6/2018 5:40:00 PM,3,0,0,36.306010,-86.701470,VIETNAM VETERANS BLVDN,,,,360.00,Feet,East,VIETNAM VETERANS BLVD SB ENT R,,,,0.00,N,Not at Intersection,N,Non-Junction,None,,,         ,Andre,Sanders,Clear,Front to Rear,no,no,no,no,no,False
102237666,METROPOLITAN NASHVILLE POLICE DEPT,20181015237,Davidson,Nashville,12/6/2018 5:08:00 PM,2,0,0,36.058390,-86.678220,I 24,,,,0.00,,,,,,,58.00,N,Not at Intersection, ,,None,,,         ,Shelby,Hughes,,,no,no,no,no,no,False
102237668,METROPOLITAN NASHVILLE POLICE DEPT,20181015225,Davidson,Nashville,12/6/2018 5:24:00 PM,2,0,0,36.172160,-86.767140,JAMES ROBERTSON PKWY,,,,0.00,,,JAMES ROBERTSON PKWY ENT RAMP,,,,0.00,Y,OTHER,N,Non-Junction,None,,,         ,Michael,Douglas,Clear,"Sideswipe, Same Direction",no,no,no,no,no,False
102237675,METROPOLITAN NASHVILLE POLICE DEPT,20181015269,Davidson,Nashville,12/6/2018 5:03:00 PM,2,0,0,36.142780,-86.744320,MURFREESBORO PKE,,,,14.00,Feet,East,FESSLERS LN,,,,0.00,N,Not at Intersection, ,Non-Junction,None,,,         ,Andrew,Brazee,Clear,Front to Rear,no,no,no,no,no,False
102237680,METROPOLITAN NASHVILLE POLICE DEPT,20181015001,Davidson,Nashville,12/6/2018 3:35:00 PM,2,0,0,36.152290,-86.843490,47TH AVN,,,,51.00,Feet,North,CHARLOTTE AV,,,,0.00,N,Not at Intersection, ,Non-Junction,None,,,         ,Kelby,Dumond,Clear,"Sideswipe, Opposite Direction",no,no,no,no,yes,False
102237697,METROPOLITAN NASHVILLE POLICE DEPT,20181015197,Davidson,Nashville,12/6/2018 5:00:00 PM,2,0,0,36.087740,-86.607190,SMITH SPRINGS RD,,,,0.00,,,ANDERSON RD,,,,0.00,Y,OTHER, ,Non-Junction,None,,,         ,Terence,Mitchell,Clear,"Sideswipe, Same Direction",no,no,no,no,no,False
102237702,METROPOLITAN NASHVILLE POLICE DEPT,20181015170,Davidson,Nashville,12/6/2018 5:05:00 PM,2,0,0,36.167830,-86.663870,LEBANON PKE,,,,174.00,Feet,West,DONELSON PKE,,,,0.00,N,Not at Intersection,N,Non-Junction,None,,,         ,Allyson,Reis,Clear,Front to Rear,no,no,no,no,no,False
102237715,METROPOLITAN NASHVILLE POLICE DEPT,20181015267,Davidson,Nashville,12/6/2018 5:35:00 PM,3,1,0,36.140590,-86.720320,I 40,,,,0.00,,,,,,,213.60,N,Not at Intersection,N,Non-Junction,None,,,         ,Brady,Reynolds,Clear,Front to Rear,no,no,no,no,no,False
102237716,METROPOLITAN NASHVILLE POLICE DEPT,20181015524,Davidson,Nashville,12/6/2018 6:20:00 PM,2,0,0,36.080650,-86.630980,BELL RD,,,,443.00,Feet,West,PRIEST LAKE DR,,,,0.00,N,Not at Intersection, ,Non-Junction,None,,,         ,Brady,Reynolds,Clear,Angle,no,no,no,no,no,False
102237717,METROPOLITAN NASHVILLE POLICE DEPT,20181015529,Davidson,Nashville,12/6/2018 8:07:00 PM,2,1,0,36.138640,-86.665560,STATE HWY 255,,,,26.00,Feet,South,CONNECTING ROAD,,,,0.00,N,Not at Intersection,N,Non-Junction,None,,,         ,Brady,Reynolds,Clear,Front to Rear,no,no,no,no,no,False
102237718,METROPOLITAN NASHVILLE POLICE DEPT,20181015138,Davidson,Nashville,12/6/2018 4:25:00 PM,2,0,0,36.169340,-86.581360,I 40,,,,0.00,,,,,,,221.90,N,Not at Intersection,N,Non-Junction,None,,,         ,Marvis,Malone,Clear,Front to Rear,no,no,no,no,no,False
102237720,METROPOLITAN NASHVILLE POLICE DEPT,20181015180,Davidson,Goodlettsville,12/6/2018 5:12:00 PM,2,0,0,36.296910,-86.699160,GALLATIN PKEN,,,,0.00,,,RIVERGATE PKWY,,,,0.00,Y,Four-Way, ,Intersection,None,,,         ,Joel,Callies,Clear,"Sideswipe, Same Direction",no,no,no,no,no,False
102237743,METROPOLITAN NASHVILLE POLICE DEPT,20181015205,Davidson,Nashville,12/6/2018 5:14:00 PM,2,0,0,36.154760,-86.739620,OMOHUNDRO PL,,,,105.00,Feet,North,LEBANON PKE,,,,0.00,N,Not at Intersection, ,Non-Junction,None,,,         ,Christopher,Augustin,Clear,Front to Rear,no,no,no,no,no,False
102237755,METROPOLITAN NASHVILLE POLICE DEPT,20181015647,Davidson,Nashville,12/6/2018 9:00:00 PM,3,0,0,36.097650,-86.839040,ESTES RD,,,,628.00,Feet,South,ESTESWOOD DR,,,,0.00,N,Not at Intersection,N,Non-Junction,None,,,         ,Jeremy,Spears,Clear,Front to Rear,no,no,no,no,no,False
102237794,METROPOLITAN NASHVILLE POLICE DEPT,20181015758,Davidson,Nashville,12/6/2018 9:00:00 PM,2,0,0,36.215190,-86.588550,TULIP GROVE RD,,,,76.00,Feet,South,LEBANON PKE,,,,0.00,N,Not at Intersection,N,Non-Junction,None,,,         ,Jessica,Johann,Cloudy,"Sideswipe, Same Direction",no,no,no,no,no,False
102237816,METROPOLITAN NASHVILLE POLICE DEPT,20181015835,Davidson,Nashville,12/6/2018 11:07:00 PM,2,0,0,36.133420,-86.727120,I 24,,,,0.00,,,,,,,51.05,N,Not at Intersection, ,Non-Junction,None,,,         ,Robert,Erickson,Clear,Front to Rear,no,no,no,no,no,False
102237817,METROPOLITAN NASHVILLE POLICE DEPT,20181015820,Davidson,Nashville,12/6/2018 10:40:00 PM,2,0,0,36.170680,-86.771740,MAIN ST,,,,114.00,Feet,North,JAMES ROBERTSON PKWY,,,,0.00,N,Not at Intersection, ,,None,,,         ,Damon,Hutcheson,,,no,no,no,no,no,False
102237824,METROPOLITAN NASHVILLE POLICE DEPT,20181015900,Davidson,Nashville,12/6/2018 11:30:00 PM,2,0,0,36.141010,-86.733020,I 40,,,,0.00,,,,,,,213.00,N,Not at Intersection, ,Non-Junction,None,,,         ,Joseph,Patricio,Clear,Front to Rear,no,no,no,no,no,False
102237835,METROPOLITAN NASHVILLE POLICE DEPT,20181015778,Davidson,Nashville,12/6/2018 10:30:00 PM,2,0,0,36.176560,-86.770210,SPRING ST,,,,33.00,Feet,East,DICKERSON PKE,,,,0.00,N,Not at Intersection,N,Non-Junction,None,,,         ,Shaquille,Graham,Clear,Front to Rear,no,no,no,no,no,False
102237845,METROPOLITAN NASHVILLE POLICE DEPT,20181015955,Davidson,Nashville,12/7/2018 12:05:00 AM,1,0,0,36.193420,-86.777570,BAPTIST WORLD CENTER DR,,,,2.00,Feet,West,BRICK CHURCH PKE,,,,0.00,N,Not at Intersection,N,Non-Junction,None,,,         ,Jacob,Dick,Clear,Not Collision with Motor Vehicle in Transport,no,no,no,no,no,False
102237847,METROPOLITAN NASHVILLE POLICE DEPT,20181015968,Davidson,Nashville,12/7/2018 12:15:00 AM,1,1,0,36.242840,-86.736530,BRIARVILLE RD,,,,100.00,Feet,North,WORTH ST,,,,0.00,N,Not at Intersection,N,Non-Junction,None,,,         ,Ashton,Hill,Clear,Not Collision with Motor Vehicle in Transport,no,no,no,no,no,False
102237850,METROPOLITAN NASHVILLE POLICE DEPT,20181016156,Davidson,Nashville,12/6/2018 10:25:00 PM,2,0,0,36.052900,-86.687400,TUSCULUM RD,,,,20.00,Feet,East,OCALA DR,,,,0.00,N,Not at Intersection,N,Non-Junction,None,,,         ,William,Williams,Clear,Angle,no,no,no,no,yes,False
102237852,METROPOLITAN NASHVILLE POLICE DEPT,2018-1016114,Davidson,Nashville,12/7/2018 1:20:00 AM,2,0,0,36.123370,-86.849880,HARDING PKE,,,,362.00,Feet,West,ROYAL OAKS CONDOS PVTDR,,,,0.00,N,Not at Intersection, ,Non-Junction,None,,,         ,Kenneth,Bray,Clear,"Sideswipe, Same Direction",no,no,no,no,no,False
102237864,METROPOLITAN NASHVILLE POLICE DEPT,20181015873,Davidson,Nashville,12/6/2018 11:10:00 PM,2,0,0,36.164510,-86.781060,5TH AVN,,,,0.00,,,UNION ST,,,,0.00,Y,Four-Way, ,Intersection,None,,,         ,Austin,Childress,Clear,Angle,no,no,no,no,no,False
102237866,METROPOLITAN NASHVILLE POLICE DEPT,20181015972,Davidson,Nashville,12/7/2018 12:22:00 AM,2,2,0,36.082170,-86.646610,MURFREESBORO PKE,,,,249.00,Feet,North,SHIAWAY DR,,,,0.00,N,Not at Intersection,N,Non-Junction,None,,,         ,David,Smith,Cloudy,Front to Rear,no,no,no,no,no,False
102237882,METROPOLITAN NASHVILLE POLICE DEPT,2018-1016294,Davidson,Nashville,12/7/2018 2:50:00 AM,1,0,0,36.049220,-86.816140,WINDY RIDGE DR,,,,0.00,,,GRANNY WHITE PKE,,,,0.00,Y,T-Intersection,N,Non-Junction,None,,,         ,Thomas,Miller,Clear,Not Collision with Motor Vehicle in Transport,no,no,no,no,no,False
102237898,METROPOLITAN NASHVILLE POLICE DEPT,20181016358,Davidson,Nashville,12/7/2018 3:16:00 AM,1,0,0,36.108680,-86.720250,I24 W EXT RAMP,,,,0.00,,,I 24,,,,0.00,Y,OTHER,N,Entrance/Exit Ramp Related,None,,,         ,Robert,Erickson,Clear,Not Collision with Motor Vehicle in Transport,no,no,no,no,no,False
102237903,METROPOLITAN NASHVILLE POLICE DEPT,20181014797,Davidson,Nashville,12/6/2018 12:00:00 AM,2,0,0,36.069970,-86.685630,HAYWOOD LN,,,,0.00,,,BAKERTOWN RD,,,,0.00,Y,T-Intersection,N,Intersection,None,,,         ,Jason,Kedzierski,Cloudy,Angle,no,no,no,no,no,False
102237922,METROPOLITAN NASHVILLE POLICE DEPT,20181016456,Davidson,Nashville,12/7/2018 5:10:00 AM,2,1,0,36.045600,-86.658470,I24 W EXT RAMP,,,,0.00,Feet,East,I 24,,,,0.00,N,Not at Intersection,N,Entrance/Exit Ramp Related,None,,,         ,Maccio,Hightower,Clear,Angle,no,no,no,no,no,False
102237977,METROPOLITAN NASHVILLE POLICE DEPT,20181016663,Davidson,Nashville,12/7/2018 7:30:00 AM,2,0,0,36.175270,-86.792660,ROSA L PARKS BLVD,,,,0.00,,,ROSA L PARKS BLVD,,,,0.00,Y,Four-Way, ,Intersection-Related,None,,,         ,Ryan,Caulfield,Cloudy,Front to Rear,no,no,no,no,no,False
102237989,METROPOLITAN NASHVILLE POLICE DEPT,20181016596,Davidson,Nashville,12/7/2018 12:15:00 AM,1,0,0,36.121150,-86.718940,BROWNING RD,,,,283.00,Feet,West,EAST THOMPSON LN,,,,0.00,N,Not at Intersection,N,Non-Junction,None,,,         ,Jessie,Meadows,Clear,Not Collision with Motor Vehicle in Transport,no,no,no,no,yes,False
102237991,THP District 3 - Nashville,318080331,Davidson,Nashville,12/7/2018 2:00:00 AM,1,0,0,36.034790,-86.783310,I 65,,,,0.00,,,,,,,74.30,N,Not at Intersection,N,Non-Junction,None,,,         ,Christopher,Vance,Cloudy,Not Collision with Motor Vehicle in Transport,no,no,no,no,no,False
102238002,METROPOLITAN NASHVILLE POLICE DEPT,20181016669,Davidson,Nashville,12/7/2018 7:30:00 AM,1,0,0,36.160930,-86.760240,I 24,,,,0.00,,,,,,,49.40,N,Not at Intersection, ,Non-Junction,None,,,         ,Jonathon,Sheppard,Clear,Not Collision with Motor Vehicle in Transport,no,no,no,no,no,False
102238009,METROPOLITAN NASHVILLE POLICE DEPT,20181016716,Davidson,Nashville,12/7/2018 8:00:00 AM,2,0,0,36.156130,-86.848800,51ST AVN,,,,137.00,Feet,South,INDIANA AV,,,,0.00,N,Not at Intersection, ,Non-Junction,None,,,         ,Curtis,Rich,Cloudy,Front to Rear,no,no,no,no,no,False
102238013,METROPOLITAN NASHVILLE POLICE DEPT,20181016709,Davidson,Nashville,12/7/2018 7:59:00 AM,2,0,0,36.167150,-86.779610,3RD AVN,,,,0.00,,,JAMES ROBERTSON PKWY,,,,0.00,Y,Four-Way, ,Intersection,None,,,         ,Robert,Schohn,Clear,Front to Rear,no,no,no,no,no,False
102238017,METROPOLITAN NASHVILLE POLICE DEPT,20181016501,Davidson,Nashville,12/7/2018 12:00:00 AM,1,1,0,36.187110,-86.861170,BRILEY PKWY N ENT RAMP,,,,0.00,,,COUNTY HOSPITAL RD,,,,0.00,Y,Y-Intersection,N,Intersection-Related,None,,,         ,Charles,Duke,Clear,Not Collision with Motor Vehicle in Transport,no,no,no,no,yes,False
102238025,METROPOLITAN NASHVILLE POLICE DEPT,20181016779,Davidson,Nashville,12/7/2018 12:00:00 AM,2,0,0,36.153350,-86.840670,ALABAMA AV,,,,93.00,Feet,East,45TH AVN,,,,0.00,N,Not at Intersection, ,Non-Junction,None,,,         ,Curtis,Rich,Unknown,Front to Rear,no,no,no,no,yes,False
102238032,METROPOLITAN NASHVILLE POLICE DEPT,20181016577,Davidson,Nashville,12/7/2018 6:31:00 AM,2,0,0,36.172430,-86.594720,CENTRAL PKE,,,,129.00,Feet,East,TULIP GROVE RD,,,,0.00,N,Not at Intersection, ,Non-Junction,None,,,         ,Thomas,Odom,Cloudy,Front to Rear,no,no,no,no,no,False
102238033,METROPOLITAN NASHVILLE POLICE DEPT,20181016678,Davidson,Nashville,12/7/2018 7:40:00 AM,2,0,0,36.137200,-86.796950,WEDGEWOOD AV,,,,0.00,,,18TH AVS,,,,0.00,Y,Four-Way, ,Intersection,None,,,         ,David,Lang,Cloudy,Angle,no,no,no,no,no,Campus
102238034,METROPOLITAN NASHVILLE POLICE DEPT,20181015127,Davidson,Nashville,12/6/2018 1:45:00 PM,4,0,0,36.177660,-86.774510,N 1ST ST,,,,274.00,Feet,North,SPRING ST,,,,0.00,N,Not at Intersection,N,Non-Junction,None,,,         ,Kyle,Eicholtz,Clear,Front to Rear,no,no,no,no,yes,False
102238060,METROPOLITAN NASHVILLE POLICE DEPT,20181014729,Davidson,Nashville,12/6/2018 1:55:00 PM,2,1,0,36.172540,-86.766130,JAMES ROBERTSON PKWY,,,,88.00,Feet,West,MAIN ST,,,,0.00,N,Not at Intersection, ,Non-Junction,None,,,         ,Cody,O'Quinn,Cloudy,Front to Rear,no,no,no,no,no,False
102238081,METROPOLITAN NASHVILLE POLICE DEPT,20181016696,Davidson,Nashville,12/7/2018 7:45:00 AM,2,1,0,36.056310,-86.774660,I 65,,,,0.00,,,,,,,75.00,N,Not at Intersection,N,Non-Junction,None,,,         ,Justan,Vance,Cloudy,Front to Rear,no,no,no,no,no,False
102238085,METROPOLITAN NASHVILLE POLICE DEPT,20181016750,Davidson,Nashville,12/7/2018 8:17:00 AM,1,1,0,36.147440,-86.808490,25TH AVN,,,,0.00,,,ELLISTON PL,,,,0.00,Y,T-Intersection,N,Intersection,None,,,         ,David,Lang,Clear,Not Collision with Motor Vehicle in Transport,yes,no,no,no,no,Campus
102238106,METROPOLITAN NASHVILLE POLICE DEPT,20181015387,Davidson,Nashville,12/6/2018 6:35:00 PM,2,0,0,36.163000,-86.768750,S 1ST ST,,,,10.00,Feet,South,KOREAN VETERANS BLVD,,,,0.00,N,Not at Intersection, ,Non-Junction,None,,,         ,Jessie,Loy,Cloudy,"Sideswipe, Same Direction",no,no,no,no,no,False
102238125,METROPOLITAN NASHVILLE POLICE DEPT,20181016916,Davidson,Nashville,12/7/2018 9:46:00 AM,2,0,0,36.135360,-86.726900,I24E,,,,457.00,Feet,South,I24 W ENT RAMP,,,,0.00,N,Not at Intersection,N,Non-Junction,None,,,         ,Jessie,Meadows,Clear,Front to Rear,no,no,no,no,no,False
102238143,METROPOLITAN NASHVILLE POLICE DEPT,20181016908,Davidson,Nashville,12/7/2018 9:00:00 AM,2,0,0,36.122970,-86.751160,NOLENSVILLE PKE,,,,59.00,Feet,North,I440 E ENT RAMP,,,,0.00,N,Not at Intersection, ,Entrance/Exit Ramp Related,None,,,         ,Nathan,Kemp,Clear,"Sideswipe, Same Direction",no,no,no,no,no,False
102238191,METROPOLITAN NASHVILLE POLICE DEPT,20181016964,Davidson,Nashville,12/7/2018 10:10:00 AM,2,0,0,36.147890,-86.744650,I 40,,,,0.00,,,,,,,212.00,N,Not at Intersection,N,Non-Junction,None,,,         ,Thomas,Odom,Cloudy,"Sideswipe, Same Direction",no,no,no,no,yes,False
102238196,METROPOLITAN NASHVILLE POLICE DEPT,20181016702,Davidson,Not in City Limit,12/7/2018 12:00:00 AM,3,0,0,36.258540,-86.713500,GALLATIN PKES,,,,41.00,Feet,North,HARRIS ST,,,,0.00,N,Not at Intersection,N,Non-Junction,None,,,         ,William,Monaghan,Clear,Angle,no,no,no,no,no,False
102238211,METROPOLITAN NASHVILLE POLICE DEPT,20181016875,Davidson,Nashville,12/7/2018 9:25:00 AM,2,0,0,36.154710,-86.759780,I 40,,,,0.00,,,,,,,211.00,N,Not at Intersection,N,Non-Junction,None,,,         ,Zachary,Scott,Cloudy,Front to Rear,no,no,no,no,no,False
102238238,METROPOLITAN NASHVILLE POLICE DEPT,20181016816,Davidson,Nashville,12/7/2018 8:20:00 AM,2,0,0,36.119490,-86.766810,I 440,,,,0.00,,,,,,,5.35,N,Not at Intersection, ,Non-Junction,Work Zone,,,         ,David,Crisman,Clear,Front to Rear,no,no,no,no,no,False
102238260,METROPOLITAN NASHVILLE POLICE DEPT,20181017049,Davidson,Antioch,12/7/2018 10:50:00 AM,1,0,0,36.054760,-86.577760,HAMILTON CHURCH RD,,,,1851.00,Feet,East,OCEANFRONT CIRN,,,,0.00,N,Not at Intersection,N,Non-Junction,None,,,         ,Jessie,Meadows,Clear,Not Collision with Motor Vehicle in Transport,no,no,no,no,no,False
102238262,METROPOLITAN NASHVILLE POLICE DEPT,20181017141,Davidson,Nashville,12/7/2018 11:33:00 AM,2,0,0,36.130130,-86.900550,CHARLOTTE PKE,,,,68.00,Feet,East,CABOT DR,,,,0.00,N,Not at Intersection,N,Non-Junction,None,,,         ,Curtis,Rich,Cloudy,"Sideswipe, Opposite Direction",no,no,no,no,no,False
102238275,METROPOLITAN NASHVILLE POLICE DEPT,20181017136,Davidson,Nashville,12/7/2018 11:03:00 AM,2,0,0,36.051910,-86.682930,BENZING RD,,,,142.00,Feet,South,TUSCULUM RD,,,,0.00,N,Not at Intersection, ,Non-Junction,None,,,         ,Brandon,Vance,Clear,Front to Rear,no,no,no,no,no,False
102238293,METROPOLITAN NASHVILLE POLICE DEPT,20181017201,Davidson,Nashville,12/7/2018 12:02:00 PM,2,2,0,36.109820,-86.770590,I 65,,,,0.00,,,,,,,79.75,N,Not at Intersection,N,Non-Junction,None,,,         ,Nathan,Kemp,Clear,"Sideswipe, Same Direction",no,no,no,no,no,False
102238300,METROPOLITAN NASHVILLE POLICE DEPT,20181017139,Davidson,Old Hickory,12/7/2018 11:26:00 AM,2,0,0,36.267440,-86.668800,ROBINSON RD,,,,0.00,,,BRIDGEWAY AV,,,,0.00,Y,Four-Way,N,Intersection,None,,,         ,Thomas,Odom,Cloudy,Angle,no,no,no,no,no,False
102238312,METROPOLITAN NASHVILLE POLICE DEPT,20181017059,Davidson,Madison,12/7/2018 10:50:00 AM,2,0,0,36.261800,-86.712340,GALLATIN PKES,,,,153.00,Feet,South,E OLD HICKORY BLVD,,,,0.00,N,Not at Intersection, ,Non-Junction,None,,,         ,Blake,McKay,Clear,Angle,no,no,no,no,no,False
102238314,METROPOLITAN NASHVILLE POLICE DEPT,20181017176,Davidson,Nashville,12/7/2018 11:48:00 AM,2,0,0,36.164950,-86.776090,1ST AVN,,,,0.00,,,GAY ST,,,,0.00,Y,Four-Way, ,,None,,,         ,Byron,Carter,,,no,no,no,no,no,False