master_record_number,agency,agency_tracking_number,county,city,collision_date,vehicles_involved,number_injured,number_dead,latitude,longitude,roadway_name,roadway_suffix,roadway_number,roadway_local_id,distance_from_reference,miles-feet_indicator,direction_from_reference,intersection_road_name,intersection_road_name_suffix,intersection_road_number,intersection_local_id,mile_marker,intersection_indicator,intersect_type,interchange_related_indicator,relation_to_junction,work_zone_type,construction_maintenance_zone,construction_maintenance_zone_location,fatal_case_number,officer_first_name,officer_last_name,weather_condition(s),manner_of_crash,pedestrian,bicycle,scooter,parking,hitrun,mou
102240975,METROPOLITAN NASHVILLE POLICE DEPT,20181022121,Davidson,Nashville,12/9/2018 8:15:00 PM,1,0,0,36.065230,-86.675780,REEVES RD,,,,0.00,Feet,West,GOODWIN RD,,,,0.00,N,Not at Intersection,N,Non-Junction,None,,,         ,Devonte,Coleman,Unknown,Unknown,no,no,no,no,yes,False
102240976,METROPOLITAN NASHVILLE POLICE DEPT,20181022064,Davidson,Nashville,12/9/2018 8:44:00 PM,2,0,0,36.205890,-86.768610,E TRINITY LN,,,,0.00,Feet,East,W TRINITY LN,,,,0.00,N,Not at Intersection,N,Non-Junction,None,,,         ,Jessica,Scott,Clear,Unknown,no,no,no,no,no,False
102241034,METROPOLITAN NASHVILLE POLICE DEPT,20181022056,Davidson,Nashville,12/9/2018 8:00:00 PM,2,0,0,36.046680,-86.725060,HUNTINGTON PKWY,,,,0.00,,,AMALIE DR,,,,0.00,Y,T-Intersection,N,Intersection-Related,None,,,         ,Brandon,Hughes,Cloudy,Front to Rear,no,no,no,no,yes,False
102241045,METROPOLITAN NASHVILLE POLICE DEPT,20181022202,Davidson,Nashville,12/9/2018 10:48:00 PM,2,0,0,36.168200,-86.755180,S 8TH ST,,,,248.00,Feet,South,SYLVAN ST,,,,0.00,N,Not at Intersection, ,Non-Junction,None,,,         ,Joshua,Whitworth,Clear,Front to Rear,no,no,no,no,no,False
102241050,METROPOLITAN NASHVILLE POLICE DEPT,20181022210,Davidson,Not in City Limit,12/9/2018 9:30:00 PM,1,0,0,36.107600,-87.017260,OLD CHARLOTTE PKE,,,,207.00,Feet,West,SEARS RD,,,,0.00,N,Not at Intersection, ,Non-Junction,None,,,         ,Aaron,Wigginton,Rain,Not Collision with Motor Vehicle in Transport,no,no,no,no,no,False
102241059,METROPOLITAN NASHVILLE POLICE DEPT,20181022276,Davidson,Not in City Limit,12/9/2018 11:10:00 PM,2,0,0,36.013280,-87.043990,HIGHWAY 100,,,,0.79,Miles,West,HIGHWAY 96,,,,0.00,N,Not at Intersection,N,Non-Junction,None,,,         ,Jackson,Smythe,Cloudy,"Sideswipe, Same Direction",no,no,no,no,yes,False
102241063,METROPOLITAN NASHVILLE POLICE DEPT,20181022378,Davidson,Not in City Limit,12/9/2018 11:40:00 PM,1,0,0,36.277180,-86.708320,PIERCE RD,,,,243.00,Feet,North,SHANNON AV,,,,0.00,N,Not at Intersection,N,Non-Junction,None,,,         ,Corey,Ethridge,Clear,Not Collision with Motor Vehicle in Transport,no,no,no,no,no,False
102241073,Nashville Airport Police,2018-05000,Davidson,Nashville,12/10/2018 12:00:00 AM,2,0,0,36.136560,-86.667120,TERMINAL DR,,,,0.00,,,I40 E EXT RAMP,,,,0.00,,Not at Intersection,N,Non-Junction,None,,,         ,Patrick,Nicholson,Clear,Front to Rear,no,no,no,no,no,False
102241095,METROPOLITAN NASHVILLE POLICE DEPT,20181022587,Davidson,Nashville,12/10/2018 1:28:00 AM,2,0,0,36.144140,-86.692040,I 40,,,,0.00,,,,,,,215.20,N,Not at Intersection,N,Non-Junction,None,,,         ,Tyler,Manivong,Clear,"Sideswipe, Same Direction",no,no,no,no,yes,False
102241104,METROPOLITAN NASHVILLE POLICE DEPT,20181022666,Davidson,Nashville,12/10/2018 2:26:00 AM,1,0,0,36.166000,-86.777770,UNION ST EXT RAMP,,,,0.00,,,UNION ST,,,,0.00,Y,T-Intersection,Y,Intersection,None,,,         ,Blake,Lutz,Clear,Not Collision with Motor Vehicle in Transport,no,no,no,no,no,False
102241169,METROPOLITAN NASHVILLE POLICE DEPT,20181023040,Davidson,Nashville,12/10/2018 5:40:00 AM,2,0,0,36.146600,-86.755790,MURFREESBORO PKE,,,,0.00,,,LAFAYETTE ST,,,,0.00,Y,Four-Way, ,,None,,,         ,Meghan,Pope,,,no,no,no,no,no,False
102241184,METROPOLITAN NASHVILLE POLICE DEPT,20181023053,Davidson,Nashville,12/10/2018 5:52:00 AM,2,0,0,36.134280,-86.779630,WEDGEWOOD AV,,,,158.00,Feet,West,8TH AVS,,,,0.00,N,Not at Intersection, ,Non-Junction,None,,,         ,Bryce,Hatten,Clear,Front to Rear,no,no,no,no,no,False
102241188,METROPOLITAN NASHVILLE POLICE DEPT,20181023063,Davidson,Nashville,12/10/2018 6:00:00 AM,2,0,0,36.198910,-86.776460,I 65,,,,0.00,,,,,,,86.80,N,Not at Intersection,N,Non-Junction,None,,,         ,James,Murphy,Cloudy,Front to Rear,no,no,no,no,no,False
102241189,METROPOLITAN NASHVILLE POLICE DEPT,20181023140,Davidson,Nashville,12/10/2018 6:55:00 AM,2,0,0,36.154860,-86.830790,I 40,,,,0.00,,,,,,,205.45,N,Not at Intersection,N,Non-Junction,None,,,         ,Curtis,Rich,Clear,Front to Rear,no,no,no,no,no,False
102241203,METROPOLITAN NASHVILLE POLICE DEPT,20181023117,Davidson,Nashville,12/10/2018 6:28:00 AM,2,0,0,36.139840,-86.700290,BRILEY PKWY,,,,119.00,Feet,North,I40 E ENT RAMP,,,,0.00,N,Not at Intersection,N,Non-Junction,None,,,         ,Tyler,Manivong,Clear,Front to Rear,no,no,no,no,no,False
102241209,METROPOLITAN NASHVILLE POLICE DEPT,20181023182,Davidson,Nashville,12/10/2018 7:15:00 AM,2,0,0,36.167390,-86.663360,DONELSON PKE,,,,100.00,Feet,South,LEBANON PKE,,,,0.00,N,Not at Intersection, ,,None,,,         ,Samuel,Fredericks,,,no,no,no,no,no,False
102241214,METROPOLITAN NASHVILLE POLICE DEPT,20181023139,Davidson,Nashville,12/10/2018 6:50:00 AM,2,0,0,36.093190,-86.678680,DONELSON PKE,,,,146.00,Feet,North,HARDING PL,,,,0.00,N,Not at Intersection, ,Non-Junction,None,,,         ,Jessie,Meadows,Clear,Front to Rear,no,no,no,no,no,False
102241215,METROPOLITAN NASHVILLE POLICE DEPT,20181023189,Davidson,Nashville,12/10/2018 7:20:00 AM,2,1,0,36.123860,-86.806040,I440 W EXT RAMP,,,,0.00,,,I 440,,,,0.00,Y,OTHER, ,Entrance/Exit Ramp Related,None,,,         ,Randy,Puckett,Clear,Front to Rear,no,no,no,no,no,False
102241219,METROPOLITAN NASHVILLE POLICE DEPT,20181023188,Davidson,Nashville,12/10/2018 7:10:00 AM,2,1,0,36.076010,-86.839120,HILLSBORO PKE,,,,1189.00,Feet,South,TYNE BLVD,,,,0.00,N,Not at Intersection,N,Non-Junction,None,,,         ,Jon,Mcvey,Cloudy,Front to Rear,no,no,no,no,no,False
102241243,METROPOLITAN NASHVILLE POLICE DEPT,20181023215,Davidson,Nashville,12/10/2018 7:29:00 AM,2,0,0,36.223650,-86.774540,I 65,,,,0.00,,,,,,,88.50,N,Not at Intersection, ,Non-Junction,None,,,         ,Patrick,Taylor,Clear,"Sideswipe, Same Direction",no,no,no,no,no,False
102241249,METROPOLITAN NASHVILLE POLICE DEPT,20181023305,Davidson,Nashville,12/10/2018 8:09:00 AM,2,0,0,36.116140,-86.795130,I 440,,,,0.00,,,,,,,3.70,N,Not at Intersection,N,Non-Junction,None,,,         ,Randy,Puckett,Clear,Front to Rear,no,no,no,no,no,False
102241250,METROPOLITAN NASHVILLE POLICE DEPT,20181023368,Davidson,Nashville,12/10/2018 8:40:00 AM,2,0,0,36.216150,-86.597650,ANDREW JACKSON PKWY,,,,374.00,Feet,North,LEBANON PKE,,,,0.00,N,Not at Intersection,N,Non-Junction,None,,,         ,Tien,Nguyen,Clear,"Sideswipe, Same Direction",no,no,no,no,yes,False
102241251,METROPOLITAN NASHVILLE POLICE DEPT,20181023193,Davidson,Not in City Limit,12/10/2018 7:20:00 AM,2,0,0,36.277560,-86.792910,OLD HICKORY BLVD,,,,990.00,Feet,East,HICKORY HILLS BLVD,,,,0.00,N,Not at Intersection, ,Non-Junction,None,,,         ,Peter,Kinsey,Clear,Front to Rear,no,no,no,no,no,False
102241253,METROPOLITAN NASHVILLE POLICE DEPT,20181023316,Davidson,Nashville,12/10/2018 7:25:00 AM,2,0,0,36.129120,-86.727730,I24E,,,,254.00,Feet,North,I440 W ENT RAMP,,,,0.00,N,Not at Intersection, ,Entrance/Exit Ramp Related,None,,,         ,Todd,Watson,Clear,Front to Rear,no,no,no,no,no,False
102241254,METROPOLITAN NASHVILLE POLICE DEPT,20181023245,Davidson,Nashville,12/10/2018 7:45:00 AM,2,0,0,36.124920,-86.708790,MURFREESBORO PKE,,,,0.00,,,VULTEE BLVD,,,,0.00,Y,OTHER, ,Intersection,None,,,         ,Michael,Dance,Clear,"Sideswipe, Same Direction",no,no,no,no,no,False
102241255,METROPOLITAN NASHVILLE POLICE DEPT,20181023285,Davidson,Nashville,12/10/2018 8:01:00 AM,2,0,0,36.169050,-86.772240,S 1ST ST,,,,0.00,,,WOODLAND ST,,,,0.00,Y,Four-Way, ,,None,,,         ,James,Hill,,,no,no,no,no,no,False
102241258,METROPOLITAN NASHVILLE POLICE DEPT,20181023335,Davidson,Nashville,12/10/2018 8:22:00 AM,2,0,0,36.110300,-86.770520,I 65,,,,0.00,,,,,,,79.75,N,Not at Intersection, ,Non-Junction,None,,,         ,John,Chambers,Clear,Front to Rear,no,no,no,no,no,False
102241262,METROPOLITAN NASHVILLE POLICE DEPT,20181023382,Davidson,Nashville,12/10/2018 8:55:00 AM,2,0,0,36.144790,-86.822440,I 440,,,,0.00,,,,,,,1.10,N,Not at Intersection,N,Non-Junction,None,,,         ,Curtis,Rich,Clear,Front to Rear,no,no,no,no,no,False
102241280,METROPOLITAN NASHVILLE POLICE DEPT,20181023343,Davidson,Nashville,12/10/2018 8:28:00 AM,3,0,0,36.141200,-86.717450,I 40,,,,0.00,,,,,,,213.80,N,Not at Intersection, ,Non-Junction,None,,,         ,Michael,Dance,Clear,Front to Rear,no,no,no,no,no,False
102241301,METROPOLITAN NASHVILLE POLICE DEPT,20181023406,Davidson,Nashville,12/10/2018 8:15:00 AM,2,0,0,36.208460,-86.819360,BUENA VISTA PKE,,,,175.00,Feet,South,SHAWNWOOD CIR,,,,0.00,N,Not at Intersection,N,Non-Junction,None,,,         ,Daniel,Kallman,Clear,Front to Rear,no,no,no,no,yes,False
102241325,METROPOLITAN NASHVILLE POLICE DEPT,20181023442,Davidson,Nashville,12/10/2018 9:30:00 AM,2,0,0,36.154950,-86.761200,I24 W ENT RAMP,,,,0.00,,,I 40,,,,0.00,Y,Y-Intersection, ,Non-Junction,None,,,         ,Patrick,Taylor,Clear,Angle,no,no,no,no,no,False
102241359,METROPOLITAN NASHVILLE POLICE DEPT,20181023190,Davidson,Not in City Limit,12/10/2018 7:19:00 AM,3,0,0,36.318380,-86.841450,I 24,,,,0.00,,,,,,,36.65,N,Not at Intersection, ,Non-Junction,None,,,         ,James,Wray,Clear,Front to Rear,no,no,no,no,no,False
102241361,METROPOLITAN NASHVILLE POLICE DEPT,20181023357,Davidson,Nashville,12/10/2018 8:37:00 AM,2,1,0,36.110870,-86.770910,I 65,,,,0.00,,,,,,,79.80,N,Not at Intersection,N,Non-Junction,None,,,         ,Jon,Mcvey,Clear,Front to Rear,no,no,no,no,no,False
102241363,METROPOLITAN NASHVILLE POLICE DEPT,20181023562,Davidson,Nashville,12/10/2018 10:31:00 AM,1,1,0,36.162270,-86.780380,5TH AVN,,,,334.00,Feet,South,CHURCH ST,,,,0.00,N,Not at Intersection,N,Non-Junction,None,,,         ,Robert,Schohn,Clear,Not Collision with Motor Vehicle in Transport,yes,no,no,no,yes,False
102241366,METROPOLITAN NASHVILLE POLICE DEPT,20181023422,Davidson,Nashville,12/10/2018 9:23:00 AM,2,0,0,36.149670,-86.769810,4TH AVS,,,,0.00,,,MCCANN ST,,,,0.00,Y,T-Intersection, ,Intersection-Related,None,,,         ,Phillip,Murphy,Clear,"Sideswipe, Same Direction",no,no,no,no,no,False
102241368,METROPOLITAN NASHVILLE POLICE DEPT,20181023515,Davidson,Nashville,12/10/2018 9:40:00 AM,3,0,0,36.082670,-86.710490,HARDING PL,,,,0.00,Feet,,TAMPA DR,,,,0.00,Y,Four-Way, ,Intersection,None,,,         ,Todd,Watson,Clear,Front to Rear,no,no,no,no,no,False
102241377,METROPOLITAN NASHVILLE POLICE DEPT,20181023447,Davidson,Nashville,12/10/2018 9:32:00 AM,2,0,0,36.142220,-86.815220,31ST AVS,,,,159.00,Feet,South,WEST END AV,,,,0.00,N,Not at Intersection, ,"Driveway, Alley Access, etc",None,,,         ,Phillip,Murphy,Clear,Angle,no,no,no,no,no,Campus
102241386,METROPOLITAN NASHVILLE POLICE DEPT,20181023224,Davidson,Nashville,12/10/2018 7:31:00 AM,2,1,0,36.100420,-86.671980,CITATION DR,,,,88.00,Feet,East,EZELL PKE,,,,0.00,N,Not at Intersection,N,Non-Junction,None,,,         ,Jessie,Meadows,Clear,Angle,no,no,no,no,no,False
102241399,VANDERBILT UNIVERSITY POLICE,18-1023445,Davidson,Nashville,12/10/2018 12:00:00 AM,2,0,0,36.110420,-86.765490,POWELL AV,,,,0.00,,,,,,,0.00,,, ,Non-Junction,None,,,         ,Donald,Clark,Clear,Angle,no,no,no,yes,no,OHO
102241402,METROPOLITAN NASHVILLE POLICE DEPT,20181023542,Davidson,Nashville,12/10/2018 9:56:00 AM,2,0,0,36.223520,-86.774540,I 65,,,,0.00,,,,,,,88.50,N,Not at Intersection,N,Non-Junction,None,,,         ,James,Wray,Clear,"Sideswipe, Same Direction",no,no,no,no,yes,False
102241403,METROPOLITAN NASHVILLE POLICE DEPT,20181023591,Davidson,Not in City Limit,12/10/2018 12:00:00 AM,2,0,0,36.264840,-86.711290,GALLATIN PKEN,,,,213.00,Feet,North,OLD TIME VILLAGE PVTDR,,,,0.00,N,Not at Intersection, ,Non-Junction,None,,,         ,William,Monaghan,Clear,Angle,no,no,no,no,no,False
102241417,METROPOLITAN NASHVILLE POLICE DEPT,20181023470,Davidson,Nashville,12/10/2018 9:40:00 AM,2,0,0,36.215750,-86.720160,ARDEE AV,,,,146.00,Feet,West,KENNEDY AV,,,,0.00,N,Not at Intersection, ,Non-Junction,None,,,         ,Russell,Freeman,Clear,"Sideswipe, Same Direction",no,no,no,no,no,False
102241423,METROPOLITAN NASHVILLE POLICE DEPT,20181023728,Davidson,Not in City Limit,12/10/2018 11:42:00 AM,2,0,0,36.269120,-86.755790,DICKERSON PKE,,,,53.00,Feet,South,OLD HICKORY BLVD,,,,0.00,N,Not at Intersection, ,Non-Junction,None,,,         ,Blake,McKay,Clear,"Sideswipe, Same Direction",no,no,no,no,no,False
102241443,METROPOLITAN NASHVILLE POLICE DEPT,20181023646,Davidson,Nashville,12/10/2018 11:00:00 AM,2,0,0,36.153460,-86.769690,2ND AVS,,,,81.00,Feet,North,ASH ST,,,,0.00,N,Not at Intersection, ,Non-Junction,None,,,         ,Tony,Folad,Clear,"Sideswipe, Same Direction",no,no,no,no,no,False
102241446,METROPOLITAN NASHVILLE POLICE DEPT,20181023745,Davidson,Nashville,12/10/2018 11:36:00 AM,2,0,0,36.164360,-86.819930,28TH AVN,,,,0.00,,,I40 W EXT RAMP,,,,0.00,Y,T-Intersection,N,Entrance/Exit Ramp Related,None,,,         ,Wesley,Young,Clear,Angle,no,no,no,no,no,False
102241450,METROPOLITAN NASHVILLE POLICE DEPT,20181023706,Davidson,Nashville,12/10/2018 11:35:00 AM,2,0,0,36.152780,-86.778900,DREXEL ST,,,,123.00,Feet,East,8TH AVS,,,,0.00,N,Not at Intersection, ,,None,,,         ,James,Hill,,,no,no,no,no,no,False
102241482,METROPOLITAN NASHVILLE POLICE DEPT,20181023801,Davidson,Not in City Limit,12/10/2018 12:20:00 PM,2,0,0,35.995860,-86.687470,PETTUS RD,,,,183.00,Feet,North,NOLENSVILLE RD,,,,0.00,N,Not at Intersection, ,Non-Junction,None,,,         ,Jessie,Meadows,Clear,Front to Rear,no,no,no,no,no,False
102241489,METROPOLITAN NASHVILLE POLICE DEPT,20181023815,Davidson,Not in City Limit,12/10/2018 12:00:00 AM,2,0,0,36.264070,-86.735920,I65 N EXT RAMP,,,,0.00,Feet,East,OLD HICKORY BLVDW,,,,0.00,N,Not at Intersection, ,,None,,,         ,William,Monaghan,,,no,no,no,no,no,False
102241506,METROPOLITAN NASHVILLE POLICE DEPT,20181023896,Davidson,Nashville,12/10/2018 1:00:00 PM,2,0,0,36.146890,-86.792500,MUSIC SQE,,,,55.00,Feet,North,MUSIC SQS,,,,0.00,N,Not at Intersection,N,Non-Junction,None,,,         ,Randy,Puckett,Clear,Front to Rear,no,no,no,no,no,False
102241507,METROPOLITAN NASHVILLE POLICE DEPT,20181023917,Davidson,Nashville,12/10/2018 1:00:00 PM,2,0,0,36.162650,-86.820130,I 40,,,,0.00,,,,,,,206.30,N,Not at Intersection, ,Non-Junction,None,,,         ,Curtis,Rich,Clear,"Sideswipe, Same Direction",no,no,no,no,yes,False
102241552,METROPOLITAN NASHVILLE POLICE DEPT,20181023921,Davidson,Nashville,12/10/2018 1:10:00 PM,2,0,0,36.227230,-86.759750,DICKERSON PKE,,,,793.00,Feet,South,BROADMOOR DR,,,,0.00,N,Not at Intersection, ,Non-Junction,None,,,         ,Russell,Freeman,Clear,Angle,no,no,no,no,no,False
102241572,METROPOLITAN NASHVILLE POLICE DEPT,20181023852,Davidson,Nashville,12/10/2018 12:45:00 PM,2,0,0,36.215100,-86.775240,I 65,,,,0.00,,,,,,,88.00,N,Not at Intersection, ,Non-Junction,None,,,         ,Erik,Nash,Clear,"Sideswipe, Same Direction",no,no,no,no,yes,False
102241580,METROPOLITAN NASHVILLE POLICE DEPT,20181023994,Davidson,Nashville,12/10/2018 1:49:00 PM,2,0,0,36.144020,-86.813570,29TH AVS,,,,54.00,Feet,South,WEST END AV,,,,0.00,N,Not at Intersection, ,Non-Junction,None,,,         ,Randy,Puckett,Clear,Angle,no,no,no,no,no,Campus
102241592,METROPOLITAN NASHVILLE POLICE DEPT,20181023684,Davidson,Nashville,12/10/2018 11:25:00 AM,1,0,0,36.137420,-86.741050,FOSTER AV,,,,574.00,Feet,North,MURFREESBORO PKE,,,,0.00,N,Not at Intersection, ,Non-Junction,None,,,         ,Nopel,Stella,Clear,Not Collision with Motor Vehicle in Transport,no,no,no,no,no,False
102241596,METROPOLITAN NASHVILLE POLICE DEPT,20181023868,Davidson,Nashville,12/10/2018 12:30:00 PM,2,0,0,36.124290,-86.776440,FRANKLIN PKE,,,,260.00,Feet,South,INVERNESS AV,,,,0.00,N,Not at Intersection, ,Non-Junction,None,,,         ,Jon,Mcvey,Cloudy,Front to Rear,no,no,no,no,no,False
102241597,METROPOLITAN NASHVILLE POLICE DEPT,20181023926,Davidson,Nashville,12/10/2018 12:46:00 PM,2,1,0,36.039040,-86.782500,OLD HICKORY BLVD,,,,29.00,Feet,East,I65 N EXT RAMP,,,,0.00,N,Not at Intersection, ,Non-Junction,None,,,         ,Jon,Mcvey,Cloudy,Angle,no,no,no,no,yes,False
102241613,METROPOLITAN NASHVILLE POLICE DEPT,20181023941,Davidson,Nashville,12/10/2018 1:19:00 PM,2,0,0,36.232930,-86.750800,WALTON LN,,,,321.00,Feet,North,MAPLEWOOD TRC,,,,0.00,N,Not at Intersection,N,Non-Junction,None,,,         ,Nicholas,Silinsky,Clear,Angle,no,no,no,yes,no,False
102241619,METROPOLITAN NASHVILLE POLICE DEPT,20181024062,Davidson,Nashville,12/10/2018 2:19:00 PM,2,0,0,36.134610,-86.746800,FESSLERS LN,,,,59.00,Feet,South,POLK AV,,,,0.00,N,Not at Intersection,N,Non-Junction,None,,,         ,Jessie,Meadows,Clear,Front to Rear,no,no,no,no,yes,False
102241625,METROPOLITAN NASHVILLE POLICE DEPT,20181024007,Davidson,Nashville,12/10/2018 1:40:00 PM,2,0,0,36.205890,-86.768600,E TRINITY LN,,,,2.00,Feet,East,W TRINITY LN,,,,0.00,N,Not at Intersection, ,Non-Junction,None,,,         ,Zachary,Carter,Clear,"Sideswipe, Same Direction",no,no,no,no,no,False
102241626,METROPOLITAN NASHVILLE POLICE DEPT,20181024023,Davidson,Nashville,12/10/2018 12:00:00 AM,2,1,0,36.115640,-86.695550,MURFREESBORO PKE,,,,438.00,Feet,West,PINEWAY DR,,,,0.00,N,Not at Intersection,N,Non-Junction,None,,,         ,Sekou,Samassi,Clear,Front to Rear,no,no,no,no,yes,False
102241628,METROPOLITAN NASHVILLE POLICE DEPT,20181023966,Davidson,Nashville,12/10/2018 1:20:00 PM,1,0,0,36.155730,-86.760330,I24 W ENT RAMP,,,,0.00,,,I40 E ENT RAMP,,,,0.00,Y,OTHER, ,Non-Junction,None,,,         ,Gerry,Hutcheson,Cloudy,Not Collision with Motor Vehicle in Transport,no,no,no,no,no,False
102241638,GOODLETTSVILLE POLICE DEPT,18-43421,Davidson,Goodlettsville,12/10/2018 12:33:00 PM,1,0,0,36.315550,-86.701400,I 65,,,,0.00,,,,,,,96.40,N,Not at Intersection, ,Non-Junction,None,,,         ,George,Forbes,Clear,Not Collision with Motor Vehicle in Transport,no,no,no,no,no,False
102241684,METROPOLITAN NASHVILLE POLICE DEPT,20181024167,Davidson,Not in City Limit,12/10/2018 3:14:00 PM,1,1,0,36.279990,-86.759700,DALEMERE DR,,,,246.00,Feet,West,MARYDALE DR,,,,0.00,N,Not at Intersection,N,Non-Junction,None,,,         ,Christopher,Littles,Clear,Not Collision with Motor Vehicle in Transport,no,no,no,no,no,False
102241691,METROPOLITAN NASHVILLE POLICE DEPT,20181024036,Davidson,Nashville,12/10/2018 2:03:00 PM,2,0,0,36.158290,-86.771890,HERMITAGE AV,,,,0.00,,,KOREAN VETERANS BLVD,,,,0.00,Y,Four-Way, ,Intersection,None,,,         ,James,Hill,Clear,Angle,no,no,no,no,no,False
102241702,METROPOLITAN NASHVILLE POLICE DEPT,20181024143,Davidson,Nashville,12/10/2018 2:58:00 PM,2,0,0,36.156970,-86.832580,CLIFTON AV,,,,44.00,Feet,East,ALAMEDA ST,,,,0.00,N,Not at Intersection, ,Non-Junction,None,,,         ,Andrew,McCarron,Clear,Front to Rear,no,no,no,no,no,False
102241705,METROPOLITAN NASHVILLE POLICE DEPT,20181024145,Davidson,Nashville,12/10/2018 12:00:00 AM,3,0,0,36.164980,-86.763600,I 24,,,,0.00,,,,,,,49.10,N,Not at Intersection, ,Non-Junction,None,,,         ,Steven,Fisher,Clear,Front to Rear,no,no,no,no,no,False
102241717,METROPOLITAN NASHVILLE POLICE DEPT,20181024000,Davidson,Nashville,12/10/2018 2:11:00 PM,2,0,0,36.154340,-86.759660,I 40,,,,0.00,,,,,,,211.00,N,Not at Intersection, ,Non-Junction,None,,,         ,Allyson,Reis,Clear,Angle,no,no,no,no,no,False
102241739,METROPOLITAN NASHVILLE POLICE DEPT,20181024275,Davidson,Not in City Limit,12/10/2018 3:56:00 PM,2,0,0,36.045850,-86.948370,HIGHWAY 100,,,,193.00,Feet,East,CLAXTON CT,,,,0.00,N,Not at Intersection, ,Non-Junction,None,,,         ,Alexander,Donald,Clear,Front to Rear,no,no,no,no,no,False
102241750,METROPOLITAN NASHVILLE POLICE DEPT,20181024353,Davidson,Nashville,12/10/2018 4:20:00 PM,2,0,0,36.113320,-86.803140,WOODMONT BLVD,,,,0.00,,,AMANDA AV,,,,0.00,Y,Four-Way, ,Intersection,None,,,         ,Jonathan,Sharp,Clear,Front to Rear,no,no,no,no,no,False
102241759,METROPOLITAN NASHVILLE POLICE DEPT,20181024411,Davidson,Nashville,12/10/2018 4:50:00 PM,2,0,0,36.152620,-86.683510,MCGAVOCK PKE,,,,78.00,Feet,South,ELM HILL PKE,,,,0.00,N,Not at Intersection,N,Non-Junction,None,,,         ,Samuel,Sundra,Clear,"Sideswipe, Same Direction",no,no,no,no,yes,False
102241773,METROPOLITAN NASHVILLE POLICE DEPT,20181024430,Davidson,Nashville,12/10/2018 4:48:00 PM,2,1,0,36.126280,-86.711860,EAST THOMPSON LN,,,,274.00,Feet,West,MURFREESBORO PKE,,,,0.00,N,Not at Intersection,N,Non-Junction,None,,,         ,Jarret,Sonnenberg,Clear,Angle,no,no,no,no,no,False
102241780,METROPOLITAN NASHVILLE POLICE DEPT,20181024495,Davidson,Nashville,12/10/2018 5:15:00 PM,2,0,0,36.214490,-86.730520,STRATFORD AV,,,,0.00,,,GALLATIN PKE,,,,0.00,Y,T-Intersection, ,Non-Junction,None,,,         ,Richard,Conger,Clear,"Sideswipe, Same Direction",no,no,no,no,no,False
102241786,METROPOLITAN NASHVILLE POLICE DEPT,20181024385,Davidson,Not in City Limit,12/10/2018 4:36:00 PM,1,0,0,36.126350,-86.932020,GOWER RD,,,,355.00,Feet,North,HICKORY TRAIL DR,,,,0.00,N,Not at Intersection,N,Non-Junction,None,,,         ,Jeremy,Huffine,Clear,Not Collision with Motor Vehicle in Transport,no,no,no,no,no,False
102241791,METROPOLITAN NASHVILLE POLICE DEPT,20181024479,Davidson,Nashville,12/10/2018 5:17:00 PM,2,0,0,36.156240,-86.802940,20TH AVN,,,,0.00,,,MURPHY AV,,,,0.00,Y,T-Intersection,N,Intersection,None,,,         ,John,Roberson,Clear,"Sideswipe, Same Direction",no,no,no,no,no,False
102241794,METROPOLITAN NASHVILLE POLICE DEPT,20181024536,Davidson,Not in City Limit,12/10/2018 5:55:00 PM,2,0,0,36.259940,-86.713240,WOODRUFF ST,,,,60.00,Feet,West,GALLATIN PKES,,,,0.00,N,Not at Intersection, ,Non-Junction,None,,,         ,Christopher,Littles,Clear,Angle,no,no,no,no,no,False
102241799,METROPOLITAN NASHVILLE POLICE DEPT,20181024409,Davidson,Nashville,12/10/2018 3:57:00 PM,2,0,0,36.133270,-86.801710,PORTLAND AV,,,,116.00,Feet,West,MAGNOLIA BLVD,,,,0.00,N,Not at Intersection, ,,None,,,         ,FELIKS,ABRAHAMYAN,,,no,no,no,no,no,False
102241803,METROPOLITAN NASHVILLE POLICE DEPT,20181024558,Davidson,Nashville,12/10/2018 12:00:00 AM,2,0,0,36.150910,-86.782820,DIVISION ST,,,,97.00,Feet,East,MAGAZINE ST,,,,0.00,N,Not at Intersection, ,,None,,,         ,Steven,Fisher,,,no,no,no,no,no,False
102241804,METROPOLITAN NASHVILLE POLICE DEPT,20181024529,Davidson,Nashville,12/10/2018 5:50:00 PM,2,0,0,36.143660,-86.655210,ELM HILL PKE,,,,59.00,Feet,West,MCCRORY CREEK RD,,,,0.00,N,Not at Intersection, ,Non-Junction,None,,,         ,John,Kelley,Clear,Front to Rear,no,no,no,no,no,False
102241805,METROPOLITAN NASHVILLE POLICE DEPT,20181024152,Davidson,Antioch,12/10/2018 2:45:00 PM,3,0,0,36.049310,-86.600000,PIN HOOK RD,,,,0.00,,,HOBSON PKE,,,,0.00,Y,Four-Way,N,Non-Junction,Utility Zone,Lane Shift-Crossover,Transition Area,         ,Eric,Wegener,Clear,Front to Rear,no,no,no,no,yes,False
102241807,METROPOLITAN NASHVILLE POLICE DEPT,20181024480,Davidson,Nashville,12/10/2018 5:05:00 PM,3,0,0,36.141860,-86.652710,I 40,,,,0.00,,,,,,,217.60,N,Not at Intersection, ,Non-Junction,None,,,         ,Deandera,Payne,Clear,Front to Rear,no,no,no,no,no,False