master_record_number,agency,agency_tracking_number,county,city,collision_date,vehicles_involved,number_injured,number_dead,latitude,longitude,roadway_name,roadway_suffix,roadway_number,roadway_local_id,distance_from_reference,miles-feet_indicator,direction_from_reference,intersection_road_name,intersection_road_name_suffix,intersection_road_number,intersection_local_id,mile_marker,intersection_indicator,intersect_type,interchange_related_indicator,relation_to_junction,work_zone_type,construction_maintenance_zone,construction_maintenance_zone_location,fatal_case_number,officer_first_name,officer_last_name,weather_condition(s),manner_of_crash,pedestrian,bicycle,scooter,parking,hitrun,mou
102241808,VANDERBILT UNIVERSITY POLICE,20181024195,Davidson,Nashville,12/10/2018 12:00:00 AM,2,0,0,36.144540,-86.800500,21ST AVS,,,,0.00,,,,,,,0.00,,, ,Non-Junction,Construction Zone,,,         ,Shaneithia,Lewis,Clear,Unknown,no,no,no,yes,yes,Campus
102241832,METROPOLITAN NASHVILLE POLICE DEPT,20181024583,Davidson,Nashville,12/10/2018 5:53:00 PM,2,1,0,36.127000,-86.709230,THOMPSON PL,,,,469.00,Feet,East,MURFREESBORO PKE,,,,0.00,N,Not at Intersection,N,Non-Junction,None,,,         ,Jarret,Sonnenberg,Clear,Angle,no,no,no,no,yes,False
102241835,METROPOLITAN NASHVILLE POLICE DEPT,20181024566,Davidson,Nashville,12/10/2018 5:30:00 PM,2,0,0,36.065970,-86.686110,I 24,,,,0.00,,,,,,,57.30,N,Not at Intersection, ,Non-Junction,None,,,         ,Eric,Wegener,Clear,"Sideswipe, Same Direction",no,no,no,no,yes,False
102241836,METROPOLITAN NASHVILLE POLICE DEPT,20181024156,Davidson,Nashville,12/10/2018 3:10:00 PM,2,0,0,36.202450,-86.776850,I 65,,,,0.00,,,,,,,87.00,N,Not at Intersection, ,Non-Junction,None,,,         ,Sara,Lober,Clear,Front to Rear,no,no,no,no,no,False
102241845,METROPOLITAN NASHVILLE POLICE DEPT,20181024584,Davidson,Nashville,12/10/2018 6:08:00 PM,2,0,0,36.112600,-86.721190,EAST THOMPSON LN,,,,125.00,Feet,West,GLENCLIFF RD,,,,0.00,N,Not at Intersection, ,Non-Junction,None,,,         ,Johnathon,Birdwell,Clear,Front to Rear,no,no,no,no,no,False
102241850,METROPOLITAN NASHVILLE POLICE DEPT,20181024401,Davidson,Nashville,12/10/2018 4:39:00 PM,2,0,0,36.116720,-86.697950,MURFREESBORO PKE,,,,129.00,Feet,West,MCGAVOCK PKE,,,,0.00,N,Not at Intersection, ,Non-Junction,None,,,         ,Je-Marc,Sears,Clear,Front to Rear,no,no,no,no,no,False
102241851,METROPOLITAN NASHVILLE POLICE DEPT,20181024528,Davidson,Nashville,12/10/2018 5:50:00 PM,2,1,0,36.109430,-86.727990,BRILEY PKWYN,,,,17.00,Feet,East,EAST THOMPSON LN,,,,0.00,N,Not at Intersection, ,Non-Junction,None,,,         ,Je-Marc,Sears,Clear,Angle,no,no,no,no,no,False
102241854,METROPOLITAN NASHVILLE POLICE DEPT,20181024578,Davidson,Nashville,12/10/2018 6:20:00 PM,2,0,0,36.177900,-86.791280,6TH AVN,,,,31.00,Feet,South,TAYLOR ST,,,,0.00,N,Not at Intersection, ,Non-Junction,None,,,         ,Christopher,Dickerson,Clear,Angle,no,no,no,no,no,False
102241861,VANDERBILT UNIVERSITY POLICE,20181024477,Davidson,Nashville,12/10/2018 5:30:00 PM,1,1,0,36.138740,-86.801770,CHILDRENS WAY,,,,0.00,,,MEDICAL CENTER DR,,,,0.00,Y,Four-Way,N,Intersection-Related,None,,,         ,Jeremy,Shannon,Clear,Not Collision with Motor Vehicle in Transport,yes,no,no,no,no,Campus
102241862,METROPOLITAN NASHVILLE POLICE DEPT,20181024449,Davidson,Nashville,12/10/2018 5:08:00 PM,6,9,0,36.169920,-86.766830,I 24,,,,0.00,,,,,,,48.70,N,Not at Intersection,N,Non-Junction,None,,,         ,Gordon,Stovall,Clear,Front to Rear,no,no,no,no,no,False
102241863,METROPOLITAN NASHVILLE POLICE DEPT,20181024647,Davidson,Not in City Limit,12/10/2018 6:58:00 PM,2,0,0,36.264140,-86.735760,I65 N EXT RAMP,,,,0.00,,,OLD HICKORY BLVDW,,,,0.00,Y,T-Intersection, ,Entrance/Exit Ramp Related,None,,,         ,Christopher,Littles,Clear,Front to Rear,no,no,no,no,no,False
102241864,METROPOLITAN NASHVILLE POLICE DEPT,20181024708,Davidson,Not in City Limit,12/10/2018 4:30:00 PM,2,0,0,36.262820,-86.680970,STATE RT 45,,,,0.00,,,RIO VISTA DR,,,,0.00,Y,Four-Way,N,Intersection-Related,None,,,         ,Christopher,Littles,Clear,"Sideswipe, Same Direction",no,no,no,no,yes,False
102241865,GOODLETTSVILLE POLICE DEPT,18-43445,Davidson,Goodlettsville,12/10/2018 5:18:00 PM,2,0,0,36.294490,-86.705280,ALTA LOMA RD,,,,0.00,,,GLEAVES ST,,,,0.00,Y,Four-Way,Y,Intersection,None,,,         ,Shane,Farrell,Clear,Angle,no,no,no,no,yes,False
102241883,METROPOLITAN NASHVILLE POLICE DEPT,20181024698,Davidson,Nashville,12/10/2018 7:25:00 PM,2,0,0,36.125500,-86.848150,WHITE BRIDGE PKE,,,,242.00,Feet,North,WOODMONT BLVD,,,,0.00,N,Not at Intersection,N,OtherLocation,None,,,         ,Mary,Robinson,Clear,Unknown,no,no,no,yes,yes,False
102241886,METROPOLITAN NASHVILLE POLICE DEPT,20181024471,Davidson,Not in City Limit,12/10/2018 5:16:00 PM,4,1,0,36.081950,-86.956610,I40 W EXT RAMP,,,,0.00,Feet,East,I 40,,,,0.00,N,Not at Intersection, ,Entrance/Exit Ramp Related,None,,,         ,Alexander,Donald,Clear,Front to Rear,no,no,no,no,yes,False
102241894,METROPOLITAN NASHVILLE POLICE DEPT,20181024576,Davidson,Nashville,12/10/2018 6:04:00 PM,2,0,0,36.129680,-86.754640,NOLENSVILLE PKE,,,,27.00,Feet,North,CARSON ST,,,,0.00,N,Not at Intersection,N,Non-Junction,None,,,         ,Andrew,Brazee,Clear,Front to Rear,no,no,no,no,no,False
102241895,METROPOLITAN NASHVILLE POLICE DEPT,20181024109,Davidson,Nashville,12/10/2018 1:45:00 PM,2,0,0,36.154290,-86.770240,2ND AVS,,,,60.00,Feet,North,ELM ST,,,,0.00,N,Not at Intersection, ,Non-Junction,None,,,         ,Joshua,Reece,Clear,Angle,no,no,no,no,no,False
102241902,METROPOLITAN NASHVILLE POLICE DEPT,20181024740,Davidson,Nashville,12/10/2018 6:52:00 PM,2,0,0,36.152240,-86.625070,BELL RD,,,,0.00,Feet,,STEWARTS FERRY PKE,,,,0.00,Y,Four-Way, ,Intersection-Related,None,,,         ,Deandera,Payne,Clear,Front to Rear,no,no,no,no,no,False
102241912,METROPOLITAN NASHVILLE POLICE DEPT,20181024107,Davidson,Nashville,12/10/2018 2:55:00 PM,2,0,0,36.158720,-86.770960,KOREAN VETERANS BLVD,,,,317.00,Feet,East,1ST AVS,,,,0.00,N,Not at Intersection, ,Non-Junction,None,,,         ,Brandon,O'Guin,Clear,Front to Rear,no,no,no,no,no,False
102241916,METROPOLITAN NASHVILLE POLICE DEPT,20181024773,Davidson,Nashville,12/10/2018 8:04:00 PM,2,0,0,36.142710,-86.776800,I 65,,,,0.00,,,,,,,82.00,N,Not at Intersection, ,,None,,,         ,FELIKS,ABRAHAMYAN,,,no,no,no,no,no,False
102241919,METROPOLITAN NASHVILLE POLICE DEPT,20181024613,Davidson,Nashville,12/10/2018 6:04:00 PM,2,0,0,36.077140,-86.641460,MURFREESBORO PKE,,,,0.00,,,LAKEVILLA DR,,,,0.00,Y,Four-Way,N,Intersection,None,,,         ,Cheri,Cox,Clear,Front to Rear,no,no,no,no,yes,False
102241927,METROPOLITAN NASHVILLE POLICE DEPT,20181024500,Davidson,Nashville,12/10/2018 5:33:00 PM,2,0,0,36.153300,-86.772180,ELM ST,,,,0.00,,,4TH AVS,,,,0.00,Y,Four-Way, ,Intersection,Construction Zone,,,         ,Joshua,Reece,Clear,Other,no,no,no,no,no,False
102241937,METROPOLITAN NASHVILLE POLICE DEPT,20181024422,Davidson,Nashville,12/10/2018 4:52:00 PM,5,0,0,36.073990,-86.638190,MURFREESBORO PKE,,,,222.00,Feet,South,RURAL HILL RD,,,,0.00,N,Not at Intersection,N,Non-Junction,None,,,         ,William,Durham,Clear,Front to Rear,no,no,no,no,no,False
102241938,METROPOLITAN NASHVILLE POLICE DEPT,20181024550,Davidson,Nashville,12/10/2018 6:03:00 PM,4,0,0,36.186720,-86.608670,ANDREW JACKSON PKWY,,,,59.00,Feet,South,JACKSON PASS,,,,0.00,N,Not at Intersection,N,Non-Junction,None,,,         ,Tony,Mingsing,Clear,Front to Rear,no,no,no,no,no,False
102241939,METROPOLITAN NASHVILLE POLICE DEPT,20181024669,Davidson,Nashville,12/10/2018 7:15:00 PM,2,1,0,36.192430,-86.616160,JUAREZ DR,,,,0.00,,,HERMITAGE MARKETPLACE PVTDR,,,,0.00,Y,Four-Way,Y,Intersection,None,,,         ,Tony,Mingsing,Clear,Angle,no,no,no,no,no,False
102241940,METROPOLITAN NASHVILLE POLICE DEPT,20181024426,Davidson,Nashville,12/10/2018 4:55:00 PM,2,0,0,36.179330,-86.644300,LEBANON PKE,,,,250.00,Feet,South,DANYACREST DR,,,,0.00,N,Not at Intersection,N,Non-Junction,None,,,         ,Allyson,Reis,Clear,Front to Rear,no,no,no,no,no,False
102241941,METROPOLITAN NASHVILLE POLICE DEPT,20181024513,Davidson,Nashville,12/10/2018 5:43:00 PM,3,3,0,36.178180,-86.644860,LEBANON PKE,,,,696.00,Feet,South,DANYACREST DR,,,,0.00,N,Not at Intersection,N,Non-Junction,None,,,         ,Allyson,Reis,Clear,Front to Rear,no,no,no,no,no,False
102241949,METROPOLITAN NASHVILLE POLICE DEPT,20181024787,Davidson,Nashville,12/10/2018 8:05:00 PM,2,0,0,36.139460,-86.814190,32ND AVS,,,,66.00,Feet,North,WELLINGTON AV,,,,0.00,N,Not at Intersection,N,Non-Junction,None,,,         ,FELIKS,ABRAHAMYAN,Clear,"Sideswipe, Same Direction",no,no,no,no,yes,Campus
102241953,METROPOLITAN NASHVILLE POLICE DEPT,20181024298,Davidson,Nashville,12/10/2018 3:30:00 PM,2,0,0,36.147100,-86.757990,FAIRFIELD AV,,,,76.00,Feet,South,LAFAYETTE ST,,,,0.00,N,Not at Intersection, ,Non-Junction,None,,,         ,Jessica,Johann,Cloudy,Angle,no,no,no,no,no,False
102241955,METROPOLITAN NASHVILLE POLICE DEPT,20181024483,Davidson,Nashville,12/10/2018 5:26:00 PM,2,1,0,36.168540,-86.788320,ROSA L PARKS BLVD,,,,0.00,,,HARRISON ST,,,,0.00,Y,Four-Way,N,Intersection,None,,,         ,Michael,Douglas,Clear,Angle,no,no,no,no,no,False
102241956,METROPOLITAN NASHVILLE POLICE DEPT,20181024612,Davidson,Nashville,12/10/2018 6:30:00 PM,2,0,0,36.154340,-86.792720,BROADWAY,,,,56.00,Feet,East,16TH AVS,,,,0.00,N,Not at Intersection, ,Non-Junction,None,,,         ,Brandon,O'Guin,Clear,"Sideswipe, Same Direction",no,no,no,no,yes,False
102241960,METROPOLITAN NASHVILLE POLICE DEPT,20181024605,Davidson,Antioch,12/10/2018 5:40:00 PM,2,0,0,36.021410,-86.628580,I 24,,,,0.00,,,,,,,61.90,N,Not at Intersection,N,Non-Junction,None,,,         ,Carey,Steel,Clear,Angle,no,no,no,no,yes,False
102242014,METROPOLITAN NASHVILLE POLICE DEPT,20181024940,Davidson,Not in City Limit,12/10/2018 9:56:00 PM,1,0,0,36.264110,-86.733880,HEAD DR,,,,35.00,Feet,South,OLD HICKORY BLVDW,,,,0.00,N,Not at Intersection,N,Non-Junction,None,,,         ,Steven,Frazier Jr.,Clear,Not Collision with Motor Vehicle in Transport,no,no,no,no,yes,False
102242016,METROPOLITAN NASHVILLE POLICE DEPT,20181024673,Davidson,Nashville,12/10/2018 6:09:00 PM,2,0,0,36.069160,-86.689580,I24 E EXT RAMP,,,,0.00,,,I 24,,,,0.00,Y,Y-Intersection, ,Entrance/Exit Ramp Related,None,,,         ,William,Durham,Clear,Front to Rear,no,no,no,no,no,False
102242060,METROPOLITAN NASHVILLE POLICE DEPT,20181024689,Davidson,Nashville,12/10/2018 3:00:00 PM,2,0,0,36.188080,-86.797770,DOMINICAN DR,,,,216.00,Feet,East,ROSA L PARKS BLVD,,,,0.00,N,Not at Intersection,N,Non-Junction,None,,,         ,Erik,Schall,Clear,Angle,no,no,no,no,no,False
102242085,METROPOLITAN NASHVILLE POLICE DEPT,20181025162,Davidson,Nashville,12/10/2018 6:19:00 PM,2,0,0,36.213760,-86.845840,CREEKWAY CT,,,,0.00,,,CREEKWOODN,,,,0.00,Y,T-Intersection, ,Intersection,None,,,         ,Abigail,Malone,Clear,Angle,no,no,no,no,no,False
102242089,METROPOLITAN NASHVILLE POLICE DEPT,20181025369,Davidson,Nashville,12/11/2018 1:05:00 AM,2,0,0,36.186030,-86.708500,ROSE PARK DR,,,,334.00,Feet,West,ROSEVIEW DR,,,,0.00,N,Not at Intersection,N,Non-Junction,None,,,         ,Eric,Cunningham,Clear,Front to Rear,no,no,no,no,yes,False
102242109,METROPOLITAN NASHVILLE POLICE DEPT,20181025192,Davidson,Nashville,12/10/2018 9:10:00 PM,2,0,0,36.210390,-86.775990,I 65,,,,0.00,,,,,,,87.60,N,Not at Intersection,N,Non-Junction,None,,,         ,James,Murphy,Clear,"Sideswipe, Same Direction",no,no,no,no,yes,False
102242158,METROPOLITAN NASHVILLE POLICE DEPT,20181025617,Davidson,Nashville,12/11/2018 3:00:00 AM,2,0,0,36.132010,-86.726750,I 24,,,,0.00,,,,,,,52.00,N,Not at Intersection, ,Non-Junction,None,,,         ,Zachary,Lang,Clear,"Sideswipe, Same Direction",no,no,no,no,no,False
102242173,VANDERBILT UNIVERSITY POLICE,20181023482,Davidson,Nashville,12/10/2018 9:35:00 AM,2,0,0,36.138920,-86.800000,CAPERS AV,,,,0.00,,,,,,,0.00,,Not at Intersection, ,Non-Junction,None,,,         ,Martin,Hill,Clear,Angle,no,no,no,no,no,Campus
102242195,METROPOLITAN NASHVILLE POLICE DEPT,20181025941,Davidson,Nashville,12/11/2018 6:22:00 AM,1,1,0,36.161110,-86.620370,I 40,,,,0.00,,,,,,,219.60,N,Not at Intersection,N,Non-Junction,None,,,         ,Michael,Dance,Clear,Not Collision with Motor Vehicle in Transport,no,no,no,no,no,False
102242196,METROPOLITAN NASHVILLE POLICE DEPT,20181025895,Davidson,Nashville,12/11/2018 5:47:00 AM,2,1,0,36.062320,-86.904610,HIGHWAY 100,,,,5.00,Feet,East,OLD HICKORY BLVD,,,,0.00,N,Not at Intersection,N,Non-Junction,None,,,         ,Cesar,Rocha,Clear,Angle,no,no,no,no,no,False
102242214,METROPOLITAN NASHVILLE POLICE DEPT,20181025985,Davidson,Nashville,12/11/2018 7:00:00 AM,2,0,0,36.153610,-86.839640,I40 E ENT RAMP,,,,0.00,Feet,East,I 40,,,,0.00,N,Not at Intersection, ,Non-Junction,None,,,         ,George,Spencer,Clear,Front to Rear,no,no,no,no,no,False
102242218,METROPOLITAN NASHVILLE POLICE DEPT,20181025921,Davidson,Nashville,12/11/2018 6:00:00 AM,4,0,0,36.161200,-86.792680,CHARLOTTE AV,,,,0.00,,,GEORGE L DAVIS BLVD,,,,0.00,Y,Four-Way,Y,Intersection-Related,None,,,         ,William,Erickson,Clear,Front to Rear,no,no,no,no,no,False
102242228,METROPOLITAN NASHVILLE POLICE DEPT,20181026072,Davidson,Nashville,12/11/2018 7:11:00 AM,2,0,0,36.144460,-86.822510,I 440,,,,0.00,,,,,,,1.05,N,Not at Intersection, ,Non-Junction,None,,,         ,Curtis,Rich,Clear,Front to Rear,no,no,no,no,no,False
102242240,METROPOLITAN NASHVILLE POLICE DEPT,20181026038,Davidson,Nashville,12/11/2018 7:25:00 AM,2,0,0,36.124870,-86.752130,NOLENSVILLE PKE,,,,49.00,Feet,South,ROSEDALE AV,,,,0.00,N,Not at Intersection, ,Non-Junction,None,,,         ,Jon,Mcvey,Clear,Angle,no,no,no,no,no,False
102242241,METROPOLITAN NASHVILLE POLICE DEPT,20181025982,Davidson,Nashville,12/11/2018 6:12:00 AM,2,0,0,36.192970,-86.801830,ATHENS WAY,,,,0.00,,,ROSA L PARKS BLVD,,,,0.00,Y,Four-Way,N,Intersection,None,,,         ,Wesley,Young,Clear,"Sideswipe, Same Direction",no,no,no,no,no,False
102242242,METROPOLITAN NASHVILLE POLICE DEPT,20181026067,Davidson,Nashville,12/11/2018 12:00:00 AM,2,0,0,36.151460,-86.768920,I 40,,,,0.00,,,,,,,210.50,N,Not at Intersection, ,Non-Junction,None,,,         ,James,Thornton,Clear,Front to Rear,no,no,no,no,no,False
102242254,METROPOLITAN NASHVILLE POLICE DEPT,20181026090,Davidson,Nashville,12/11/2018 7:50:00 AM,2,2,0,36.168930,-86.608160,I40 W ENT RAMP,,,,0.00,Feet,East,I 40,,,,0.00,N,Not at Intersection,N,Entrance/Exit Ramp Related,None,,,         ,Tien,Nguyen,Clear,Front to Rear,no,no,no,no,no,False
102242279,METROPOLITAN NASHVILLE POLICE DEPT,20181026182,Davidson,Not in City Limit,12/11/2018 7:44:00 AM,2,0,0,36.055330,-86.969020,HARPETH GLEN TRC,,,,63.00,Feet,East,ALLENS LN,,,,0.00,N,Not at Intersection,N,Non-Junction,None,,,         ,Curtis,Rich,Clear,Angle,no,no,no,no,no,False
102242283,METROPOLITAN NASHVILLE POLICE DEPT,20181026040,Davidson,Nashville,12/11/2018 7:10:00 AM,2,0,0,36.087820,-86.691300,HARDING PL,,,,304.00,Feet,East,ANTIOCH PKE,,,,0.00,N,Not at Intersection,N,Non-Junction,None,,,         ,Charles,Wakefield,Clear,Angle,no,no,no,no,yes,False
102242297,METROPOLITAN NASHVILLE POLICE DEPT,20181026172,Davidson,Nashville,12/11/2018 8:09:00 AM,2,0,0,36.189810,-86.750350,SHARPE AV,,,,0.00,,,LAURENT ST,,,,0.00,Y,T-Intersection,N,Intersection,None,,,         ,Doyle,Price,Clear,Unknown,no,no,no,no,yes,False
102242320,METROPOLITAN NASHVILLE POLICE DEPT,20181026187,Davidson,Nashville,12/11/2018 8:30:00 AM,2,1,0,36.115580,-86.924870,CHARLOTTE PKE,,,,58.00,Feet,West,TRAEMOOR VILLAGE DR,,,,0.00,N,Not at Intersection,N,Non-Junction,None,,,         ,Douglas,Atwood,Clear,Front to Rear,no,no,no,no,no,False
102242321,METROPOLITAN NASHVILLE POLICE DEPT,20181026214,Davidson,Lakewood,12/11/2018 8:10:00 AM,2,0,0,36.234520,-86.625900,MONTCHANIN RD,,,,0.00,,,OLD HICKORY BLVD,,,,0.00,Y,T-Intersection, ,Intersection-Related,None,,,         ,William,Mckay,Clear,Front to Rear,no,no,no,no,no,False
102242333,METROPOLITAN NASHVILLE POLICE DEPT,20181026117,Davidson,Not in City Limit,12/11/2018 7:53:00 AM,2,0,0,36.259280,-86.738450,I 65,,,,0.00,,,,,,,91.90,N,Not at Intersection,N,Non-Junction,None,,,         ,Gabriel,Centeno,Clear,"Sideswipe, Same Direction",no,no,no,no,no,False
102242338,METROPOLITAN NASHVILLE POLICE DEPT,20181026345,Davidson,Not in City Limit,12/11/2018 7:00:00 AM,2,0,0,36.070420,-86.945590,TODD PREIS DR,,,,102.00,Feet,West,DORAL COUNTRY DR,,,,0.00,N,Not at Intersection, ,Non-Junction,None,,,         ,Curtis,Rich,Clear,Other,no,no,no,no,no,False
102242339,METROPOLITAN NASHVILLE POLICE DEPT,20181026265,Davidson,Nashville,12/11/2018 8:43:00 AM,2,1,0,36.169780,-86.809180,I 40,,,,0.00,,,,,,,207.15,N,Not at Intersection,N,Non-Junction,None,,,         ,Fabjan,Llukaj,Clear,Front to Rear,no,no,no,no,no,False
102242360,METROPOLITAN NASHVILLE POLICE DEPT,20181026253,Davidson,Nashville,12/11/2018 8:32:00 AM,2,0,0,36.115580,-86.924870,CHARLOTTE PKE,,,,58.00,Feet,West,TRAEMOOR VILLAGE DR,,,,0.00,N,Not at Intersection, ,Non-Junction,None,,,         ,Douglas,Atwood,Clear,Front to Rear,no,no,no,no,no,False
102242364,METROPOLITAN NASHVILLE POLICE DEPT,20181025981,Davidson,Nashville,12/11/2018 6:38:00 AM,2,0,0,36.044850,-86.668250,BELL RD,,,,35.00,Feet,East,BEECHWOOD TER,,,,0.00,N,Not at Intersection,N,Non-Junction,None,,,         ,Jessie,Meadows,Clear,Angle,no,no,no,no,no,False
102242365,METROPOLITAN NASHVILLE POLICE DEPT,20181026010,Davidson,Antioch,12/11/2018 7:08:00 AM,2,0,0,36.047840,-86.612050,MURFREESBORO PKE,,,,1284.00,Feet,North,MOUNTAIN SPRINGS RD,,,,0.00,N,Not at Intersection, ,Non-Junction,None,,,         ,Jessie,Meadows,Clear,Front to Rear,no,no,no,no,no,False
102242367,METROPOLITAN NASHVILLE POLICE DEPT,20181026279,Davidson,Nashville,12/11/2018 9:18:00 AM,2,0,0,36.206390,-86.776490,I 65,,,,0.00,,,,,,,87.30,N,Not at Intersection, ,Non-Junction,None,,,         ,James,Wray,Clear,Front to Rear,no,no,no,no,no,False
102242369,METROPOLITAN NASHVILLE POLICE DEPT,20181026288,Davidson,Nashville,12/11/2018 9:00:00 AM,2,0,0,36.186660,-86.795920,I 65,,,,0.00,,,,,,,85.50,N,Not at Intersection,N,Non-Junction,None,,,         ,Patrick,Taylor,Clear,Front to Rear,no,no,no,no,no,False
102242372,METROPOLITAN NASHVILLE POLICE DEPT,20181026372,Davidson,Nashville,12/11/2018 12:00:00 AM,2,0,0,36.168730,-86.798240,JACKSON ST,,,,208.00,Feet,West,12TH AVN,,,,0.00,N,Not at Intersection,N,Non-Junction,None,,,         ,Wesley,Young,Clear,HeadOn,no,no,no,no,yes,False
102242376,METROPOLITAN NASHVILLE POLICE DEPT,20181026311,Davidson,Nashville,12/11/2018 8:56:00 AM,2,0,0,36.066090,-86.680910,ANTIOCH PKE,,,,306.00,Feet,West,MILL CREEK BLUE HOLE GRNWY,,,,0.00,N,Not at Intersection,N,Non-Junction,None,,,         ,Brandon,Vance,Clear,Angle,no,no,no,no,no,False
102242380,METROPOLITAN NASHVILLE POLICE DEPT,20181026401,Davidson,Not in City Limit,12/11/2018 9:45:00 AM,2,1,0,36.080430,-86.955270,I40 E EXT RAMP,,,,0.00,Feet,East,I 40,,,,0.00,N,Not at Intersection, ,Entrance/Exit Ramp Related,None,,,         ,Douglas,Atwood,Clear,Front to Rear,no,no,no,no,no,False
102242383,METROPOLITAN NASHVILLE POLICE DEPT,20181026247,Davidson,Nashville,12/11/2018 8:48:00 AM,2,0,0,36.177080,-86.754300,MAIN ST,,,,397.00,Feet,East,MCFERRIN AV,,,,0.00,N,Not at Intersection, ,Non-Junction,None,,,         ,Nicholas,Silinsky,Clear,Front to Rear,no,no,no,no,no,False
102242394,METROPOLITAN NASHVILLE POLICE DEPT,20181026457,Davidson,Nashville,12/11/2018 10:25:00 AM,2,0,0,36.177650,-86.605040,I40 E EXT RAMP,,,,392.00,Feet,South,OLD HICKORY BLVD,,,,0.00,N,Not at Intersection,N,Non-Junction,None,,,         ,Thomas,Odom,Clear,Front to Rear,no,no,no,no,yes,False
102242415,METROPOLITAN NASHVILLE POLICE DEPT,20181026478,Davidson,Nashville,12/11/2018 10:30:00 AM,2,0,0,36.116150,-86.796930,I 440,,,,0.00,,,,,,,3.60,N,Not at Intersection, ,Non-Junction,None,,,         ,Jon,Mcvey,Clear,Front to Rear,no,no,no,no,no,False
102242418,METROPOLITAN NASHVILLE POLICE DEPT,20181026430,Davidson,Nashville,12/11/2018 10:00:00 AM,2,0,0,36.086850,-86.697130,HARDING PL,,,,349.00,Feet,West,METROPLEX DR,,,,0.00,N,Not at Intersection, ,Non-Junction,None,,,         ,Charles,Wakefield,Clear,Angle,no,no,no,no,no,False
102242419,METROPOLITAN NASHVILLE POLICE DEPT,20181026031,Davidson,Nashville,12/11/2018 7:20:00 AM,2,0,0,36.043190,-86.640490,MT VIEW RD,,,,100.00,Feet,East,BABY RUTH LN,,,,0.00,N,Not at Intersection, ,Non-Junction,None,,,         ,Jessie,Meadows,Clear,Front to Rear,no,no,no,no,no,False
102242420,METROPOLITAN NASHVILLE POLICE DEPT,20181026049,Davidson,Nashville,12/11/2018 7:32:00 AM,2,0,0,36.048880,-86.651610,HICKORY HOLLOW LN,,,,150.00,Feet,South,BELL RD,,,,0.00,N,Not at Intersection, ,Non-Junction,None,,,         ,Jessie,Meadows,Clear,"Sideswipe, Same Direction",no,no,no,no,no,False
102242421,METROPOLITAN NASHVILLE POLICE DEPT,20181026389,Davidson,Not in City Limit,12/11/2018 9:56:00 AM,1,0,0,36.269900,-86.793790,I 24,,,,0.00,,,,,,,41.15,N,Not at Intersection,N,Non-Junction,None,,,         ,William,Coy,Clear,Not Collision with Motor Vehicle in Transport,no,no,no,no,no,False
102242429,METROPOLITAN NASHVILLE POLICE DEPT,20181026467,Davidson,Nashville,12/11/2018 10:15:00 AM,2,0,0,36.146540,-86.767720,4TH AVS,,,,0.00,Feet,,MILDRED SHUTE AV,,,,0.00,Y,T-Intersection,N,Non-Junction,None,,,         ,Todd,Watson,Clear,Angle,no,no,no,no,no,False
102242434,METROPOLITAN NASHVILLE POLICE DEPT,20181026201,Davidson,Nashville,12/11/2018 8:38:00 AM,2,0,0,36.039400,-86.602990,MURFREESBORO PKE,,,,0.00,,,OLD HICKORY BLVD,,,,0.00,Y,OTHER,Y,Intersection,None,,,         ,James,Jarvis,Clear,Front to Rear,no,no,no,no,no,False
102242451,METROPOLITAN NASHVILLE POLICE DEPT,20181026371,Davidson,Nashville,12/11/2018 9:50:00 AM,2,0,0,36.158410,-86.790610,GEORGE L DAVIS BLVD,,,,0.00,,,CHURCH ST,,,,0.00,Y,Four-Way,N,Intersection,None,,,         ,James,Hill,Clear,Angle,no,no,no,no,no,False
102242459,METROPOLITAN NASHVILLE POLICE DEPT,20181026558,Davidson,Nashville,12/11/2018 11:12:00 AM,2,0,0,36.146720,-86.743760,FESSLERS LN,,,,0.00,,,RUNDLE AV,,,,0.00,Y,T-Intersection, ,Intersection,None,,,         ,Michael,Dance,Clear,Front to Rear,no,no,no,no,no,False
102242466,METROPOLITAN NASHVILLE POLICE DEPT,20181026614,Davidson,Nashville,12/11/2018 11:33:00 AM,2,0,0,36.138810,-86.880890,CHARLOTTE PKE,,,,135.00,Feet,West,HILLWOOD BLVD,,,,0.00,N,Not at Intersection, ,,None,,,         ,Curtis,Rich,,,no,no,no,no,no,False
102242468,METROPOLITAN NASHVILLE POLICE DEPT,20181026582,Davidson,Nashville,12/11/2018 11:30:00 AM,2,0,0,36.129470,-86.812140,SUNSET PL,,,,0.00,,,NATCHEZ TRC,,,,0.00,Y,T-Intersection, ,Intersection-Related,None,,,         ,Jon,Mcvey,Clear,Angle,no,no,no,no,no,False
102242494,METROPOLITAN NASHVILLE POLICE DEPT,20181026146,Davidson,Nashville,12/11/2018 7:45:00 AM,2,0,0,36.096870,-86.705680,ANTIOCH PKE,,,,354.00,Feet,East,SPACE PARK SOUTH DR,,,,0.00,N,Not at Intersection,N,Non-Junction,None,,,         ,Jessie,Meadows,Clear,Angle,no,no,no,no,yes,False