master_record_number,agency,agency_tracking_number,county,city,collision_date,vehicles_involved,number_injured,number_dead,latitude,longitude,roadway_name,roadway_suffix,roadway_number,roadway_local_id,distance_from_reference,miles-feet_indicator,direction_from_reference,intersection_road_name,intersection_road_name_suffix,intersection_road_number,intersection_local_id,mile_marker,intersection_indicator,intersect_type,interchange_related_indicator,relation_to_junction,work_zone_type,construction_maintenance_zone,construction_maintenance_zone_location,fatal_case_number,officer_first_name,officer_last_name,weather_condition(s),manner_of_crash,pedestrian,bicycle,scooter,parking,hitrun,mou
102245208,METROPOLITAN NASHVILLE POLICE DEPT,20181033120,Davidson,Nashville,12/13/2018 4:29:00 PM,2,1,0,36.248280,-86.724450,DUE WEST AVW,,,,75.00,Feet,East,FREDA VILLA,,,,0.00,N,Not at Intersection,N,Non-Junction,None,,,         ,Christopher,Littles,Cloudy,Front to Rear,no,no,no,no,no,False
102245249,METROPOLITAN NASHVILLE POLICE DEPT,20181033092,Davidson,Nashville,12/13/2018 3:50:00 PM,2,0,0,36.064700,-86.684780,I 24,,,,0.00,,,,,,,57.40,N,Not at Intersection, ,Non-Junction,None,,,         ,Eric,Wegener,Clear,Front to Rear,no,no,no,no,no,False
102245263,METROPOLITAN NASHVILLE POLICE DEPT,20181033098,Davidson,Nashville,12/13/2018 4:15:00 PM,2,1,0,36.209330,-86.856380,DRAKES BRANCH RD,,,,278.00,Feet,West,SETTERS RD,,,,0.00,N,Not at Intersection,N,Non-Junction,None,,,         ,Sara,Lober,Clear,"Sideswipe, Opposite Direction",no,no,no,no,yes,False
102245269,METROPOLITAN NASHVILLE POLICE DEPT,20181033101,Davidson,Nashville,12/13/2018 2:52:00 PM,2,0,0,36.140640,-86.721280,I 40,,,,0.00,,,,,,,213.55,N,Not at Intersection,N,Non-Junction,None,,,         ,Samuel,Sundra,Cloudy,"Sideswipe, Same Direction",no,no,no,no,yes,False
102245271,METROPOLITAN NASHVILLE POLICE DEPT,20181033085,Davidson,Nashville,12/13/2018 4:07:00 PM,2,4,0,36.117300,-86.725790,I 24,,,,0.00,,,,,,,53.10,N,Not at Intersection,N,Non-Junction,None,,,         ,Je-Marc,Sears,Clear,Front to Rear,no,no,no,no,no,False
102245272,METROPOLITAN NASHVILLE POLICE DEPT,20181033041,Davidson,Nashville,12/13/2018 3:37:00 PM,2,0,0,36.155960,-86.789960,14TH AVN,,,,134.00,Feet,North,I40 E ENT RAMP,,,,0.00,N,Not at Intersection, ,Non-Junction,None,,,         ,Robert,Black Jr.,Clear,Angle,no,no,no,no,no,False
102245273,METROPOLITAN NASHVILLE POLICE DEPT,20181033179,Davidson,Nashville,12/13/2018 3:08:00 PM,2,0,0,36.154360,-86.792680,BROADWAY,,,,74.00,Feet,East,16TH AVS,,,,0.00,N,Not at Intersection, ,Non-Junction,None,,,         ,Robert,Black Jr.,Clear,Front to Rear,no,no,no,no,no,False
102245283,METROPOLITAN NASHVILLE POLICE DEPT,20181033280,Davidson,Nashville,12/13/2018 5:30:00 PM,1,1,0,36.077580,-86.775300,TYNE BLVD,,,,651.00,Feet,West,FRANKLIN PKE,,,,0.00,N,Not at Intersection,N,Non-Junction,None,,,         ,Nicholas,Carroll,Clear,Not Collision with Motor Vehicle in Transport,no,no,no,no,no,False
102245287,METROPOLITAN NASHVILLE POLICE DEPT,20181033142,Davidson,Nashville,12/13/2018 4:10:00 PM,2,0,0,36.147530,-86.758590,LAFAYETTE ST,,,,18.00,Feet,East,LEWIS ST,,,,0.00,N,Not at Intersection,N,Non-Junction,None,,,         ,Jessica,Johann,Cloudy,Front to Rear,no,no,no,no,no,False
102245300,METROPOLITAN NASHVILLE POLICE DEPT,20181033252,Davidson,Nashville,12/13/2018 4:50:00 PM,2,0,0,36.143940,-86.691890,I 40,,,,0.00,,,,,,,215.20,N,Not at Intersection, ,Non-Junction,None,,,         ,Brady,Reynolds,Clear,Front to Rear,no,no,no,no,no,False
102245302,METROPOLITAN NASHVILLE POLICE DEPT,20181033080,Davidson,Nashville,12/13/2018 3:40:00 PM,2,1,0,36.112280,-86.745940,NOLENSVILLE PKE,,,,168.00,Feet,South,MCCLAIN AV,,,,0.00,N,Not at Intersection,Y,Non-Junction,None,,,         ,Citlaly,Juarez,Clear,Other,no,no,no,no,no,False
102245303,METROPOLITAN NASHVILLE POLICE DEPT,20181033242,Davidson,Nashville,12/13/2018 5:17:00 PM,2,0,0,36.149480,-86.773120,I 40,,,,0.00,,,,,,,210.20,N,Not at Intersection, ,,None,,,         ,Citlaly,Juarez,,,no,no,no,no,no,False
102245313,METROPOLITAN NASHVILLE POLICE DEPT,20181033356,Davidson,Nashville,12/13/2018 5:40:00 PM,2,0,0,36.151670,-86.752350,I 40,,,,0.00,,,,,,,211.45,N,Not at Intersection, ,,None,,,         ,Darci,Stechman,,,no,no,no,no,no,False
102245315,METROPOLITAN NASHVILLE POLICE DEPT,20181033212,Davidson,Nashville,12/13/2018 4:53:00 PM,2,0,0,36.141740,-86.713210,I 40,,,,0.00,,,,,,,214.00,N,Not at Intersection, ,Non-Junction,None,,,         ,Dontaveous,Eubanks,Clear,Front to Rear,no,no,no,no,no,False
102245316,METROPOLITAN NASHVILLE POLICE DEPT,20181033244,Davidson,Nashville,12/13/2018 4:55:00 PM,2,0,0,36.174660,-86.613980,CENTRAL PKE,,,,86.00,Feet,East,DODSON CHAPEL RD,,,,0.00,N,Not at Intersection, ,Non-Junction,None,,,         ,Terence,Mitchell,Clear,Angle,no,no,no,no,no,False
102245321,METROPOLITAN NASHVILLE POLICE DEPT,20181033336,Davidson,Not in City Limit,12/13/2018 5:55:00 PM,2,2,0,36.263040,-86.700970,E OLD HICKORY BLVD,,,,239.00,Feet,West,HANKINS ST,,,,0.00,N,Not at Intersection,N,Non-Junction,None,,,         ,Christopher,Littles,Cloudy,Angle,no,no,no,no,no,False
102245322,METROPOLITAN NASHVILLE POLICE DEPT,20181033213,Davidson,Nashville,12/13/2018 2:38:00 PM,2,0,0,36.087690,-86.691590,HARDING PL,,,,205.00,Feet,East,ANTIOCH PKE,,,,0.00,N,Not at Intersection, ,Non-Junction,None,,,         ,Richard,Olive,Clear,Rear to Side,no,no,no,no,no,False
102245323,METROPOLITAN NASHVILLE POLICE DEPT,20181033341,Davidson,Not in City Limit,12/13/2018 5:54:00 PM,2,0,0,36.044580,-86.955550,HIGHWAY 100,,,,204.00,Feet,East,OLD HARDING PKE,,,,0.00,N,Not at Intersection,N,Non-Junction,None,,,         ,Mary,Robinson,Clear,Angle,no,no,no,no,no,False
102245334,METROPOLITAN NASHVILLE POLICE DEPT,20181033403,Davidson,Nashville,12/13/2018 6:20:00 PM,2,0,0,36.151800,-86.771250,4TH AVS,,,,0.00,,,LAFAYETTE ST,,,,0.00,Y,OTHER, ,Intersection,None,,,         ,Steven,Fisher,Clear,"Sideswipe, Same Direction",no,no,no,no,no,False
102245345,METROPOLITAN NASHVILLE POLICE DEPT,20181033107,Davidson,Nashville,12/13/2018 4:17:00 PM,2,0,0,36.164860,-86.767910,S 2ND ST,,,,0.00,,,SHELBY AV,,,,0.00,Y,Four-Way,N,Intersection,None,,,         ,Thomas,Broatch,Clear,Angle,no,no,no,no,no,False
102245346,METROPOLITAN NASHVILLE POLICE DEPT,20181033396,Davidson,Nashville,12/13/2018 5:15:00 PM,2,0,0,36.081290,-86.759100,HARDING PL,,,,231.00,Feet,West,TROUSDALE DR,,,,0.00,N,Not at Intersection, ,Non-Junction,None,,,         ,Garrett,Reingardt,Clear,Front to Rear,no,no,no,no,no,False
102245350,METROPOLITAN NASHVILLE POLICE DEPT,20181033481,Davidson,Nashville,12/13/2018 12:00:00 AM,2,0,0,36.134200,-86.726760,I 24,,,,0.00,,,,,,,52.10,N,Not at Intersection,N,Non-Junction,None,,,         ,Ryan,Sherry,Clear,Front to Rear,no,no,no,no,yes,False
102245373,METROPOLITAN NASHVILLE POLICE DEPT,20181033335,Davidson,Nashville,12/13/2018 5:50:00 PM,2,1,0,36.156250,-86.807500,CHARLOTTE AV,,,,76.00,Feet,West,22ND AVN,,,,0.00,N,Not at Intersection, ,Non-Junction,None,,,         ,Robert,Black Jr.,Clear,Front to Rear,no,no,no,no,no,False
102245374,METROPOLITAN NASHVILLE POLICE DEPT,20181033331,Davidson,Nashville,12/13/2018 5:30:00 PM,2,0,0,36.155470,-86.789210,I40 E ENT RAMP,,,,0.00,,,I 40,,,,0.00,Y,Y-Intersection, ,Non-Junction,None,,,         ,Ryan,Storm,Clear,Angle,no,no,no,no,yes,False
102245375,METROPOLITAN NASHVILLE POLICE DEPT,20181033410,Davidson,Nashville,12/13/2018 6:00:00 PM,2,0,0,36.085420,-86.768780,HARDING PL,,,,100.00,Feet,South,PEACH ORCHARD DR,,,,0.00,N,Not at Intersection, ,Non-Junction,None,,,         ,Garrett,Reingardt,Clear,Front to Rear,no,no,no,no,no,False
102245376,METROPOLITAN NASHVILLE POLICE DEPT,20181033392,Davidson,Nashville,12/13/2018 6:18:00 PM,2,0,0,36.161540,-86.775970,3RD AVS,,,,0.00,,,BROADWAY,,,,0.00,Y,Four-Way, ,Intersection-Related,None,,,         ,Joseph,Bingham,Clear,"Sideswipe, Same Direction",no,no,no,no,no,False
102245379,METROPOLITAN NASHVILLE POLICE DEPT,20181033455,Davidson,Nashville,12/13/2018 6:09:00 PM,2,0,0,36.182870,-86.609030,OLD HICKORY BLVD,,,,376.00,Feet,North,ANDREW JACKSON WAY,,,,0.00,N,Not at Intersection,N,Non-Junction,None,,,         ,Terence,Mitchell,Clear,Front to Rear,no,no,no,no,no,False
102245390,METROPOLITAN NASHVILLE POLICE DEPT,20181033550,Davidson,Nashville,12/13/2018 7:42:00 PM,1,2,0,36.237060,-86.759570,I 65,,,,0.00,,,,,,,89.85,N,Not at Intersection,N,Non-Junction,None,,,         ,Amanda,Fox,Cloudy,Not Collision with Motor Vehicle in Transport,no,no,no,no,no,False
102245391,METROPOLITAN NASHVILLE POLICE DEPT,20181030819,Davidson,Nashville,12/12/2018 9:50:00 PM,1,1,0,36.158890,-86.782110,8TH AVS,,,,0.00,,,BROADWAY,,,,0.00,Y,Four-Way,N,Intersection,None,,,         ,Michael,Douglas,Rain,Not Collision with Motor Vehicle in Transport,yes,no,no,no,no,False
102245428,METROPOLITAN NASHVILLE POLICE DEPT,20181033478,Davidson,Nashville,12/13/2018 5:04:00 PM,2,0,0,36.020150,-86.747310,OLD SMYRNA RD,,,,0.00,,,BANBURY CRSG,,,,0.00,Y,T-Intersection,Y,Intersection,None,,,         ,Nicholas,Carroll,Clear,Angle,no,no,no,no,no,False
102245429,METROPOLITAN NASHVILLE POLICE DEPT,20181033494,Davidson,Nashville,12/13/2018 7:13:00 PM,3,2,0,36.185300,-86.636500,JACKSON DOWNS BLVD,,,,0.00,,,LEBANON PKE,,,,0.00,Y,T-Intersection,Y,Intersection,None,,,         ,Trenton,Searcy,Clear,Angle,no,no,no,no,no,False
102245439,METROPOLITAN NASHVILLE POLICE DEPT,20181033365,Davidson,Nashville,12/13/2018 4:19:00 PM,2,0,0,36.179910,-86.800460,I 65,,,,0.00,,,,,,,85.00,N,Not at Intersection, ,Non-Junction,None,,,         ,Michael,Douglas,Cloudy,Front to Rear,no,no,no,no,no,False
102245463,METROPOLITAN NASHVILLE POLICE DEPT,20181033612,Davidson,Not in City Limit,12/13/2018 8:14:00 PM,1,0,0,36.275180,-86.926880,GRAYS POINT RD,,,,1266.00,Feet,North,LITTLE MARROWBONE RD,,,,0.00,N,Not at Intersection,N,Non-Junction,None,,,         ,Kayla,Castro,Clear,Unknown,no,no,no,no,yes,False
102245469,METROPOLITAN NASHVILLE POLICE DEPT,20181032902,Davidson,Nashville,12/13/2018 2:51:00 PM,2,0,0,36.086570,-86.691550,ANTIOCH PKE,,,,367.00,Feet,South,HARDING PL,,,,0.00,N,Not at Intersection,N,Non-Junction,None,,,         ,Andrew,Brazee,Clear,Angle,no,no,no,no,no,False
102245490,METROPOLITAN NASHVILLE POLICE DEPT,20181033465,Davidson,Nashville,12/13/2018 6:05:00 PM,2,0,0,36.084110,-86.698540,I24 W EXT RAMP,,,,0.00,,,I 24,,,,0.00,Y,OTHER,N,Non-Junction,None,,,         ,Johnathon,Birdwell,Clear,Angle,no,no,no,no,no,False
102245495,METROPOLITAN NASHVILLE POLICE DEPT,20181033509,Davidson,Nashville,12/13/2018 7:20:00 PM,2,0,0,36.150060,-86.772430,I40 W ENT RAMP,,,,0.00,Feet,East,I 40,,,,0.00,N,Not at Intersection, ,Entrance/Exit Ramp Related,None,,,         ,Brandon,O'Guin,Clear,Front to Rear,no,no,no,no,no,False
102245507,METROPOLITAN NASHVILLE POLICE DEPT,20181033686,Davidson,Nashville,12/13/2018 8:01:00 PM,2,0,0,36.127230,-86.727680,I 440,,,,0.00,,,,,,,7.55,N,Not at Intersection, ,Non-Junction,None,,,         ,Ryan,Sherry,Clear,"Sideswipe, Same Direction",no,no,no,no,no,False
102245514,METROPOLITAN NASHVILLE POLICE DEPT,20181033702,Davidson,Nashville,12/13/2018 9:14:00 PM,2,0,0,36.229790,-86.756290,BROADMOOR DR,,,,6.00,Feet,East,HILLSIDE RD,,,,0.00,N,Not at Intersection,N,Non-Junction,None,,,         ,Amanda,Fox,Cloudy,"Sideswipe, Opposite Direction",no,no,no,no,yes,False
102245517,METROPOLITAN NASHVILLE POLICE DEPT,20181032935,Davidson,Nashville,12/13/2018 2:58:00 PM,2,0,0,36.169210,-86.779660,GAY ST,,,,0.00,,,2ND AVN,,,,0.00,Y,Four-Way, ,Intersection,None,,,         ,Michael,Douglas,Cloudy,"Sideswipe, Same Direction",no,no,no,no,no,False
102245536,METROPOLITAN NASHVILLE POLICE DEPT,20181033313,Davidson,Nashville,12/13/2018 1:13:00 PM,2,0,0,36.134280,-86.779250,WEDGEWOOD AV,,,,48.00,Feet,West,8TH AVS,,,,0.00,N,Not at Intersection,N,Non-Junction,None,,,         ,Nicholas,Kulp,Clear,Angle,no,no,no,no,yes,False
102245537,METROPOLITAN NASHVILLE POLICE DEPT,20181033290,Davidson,Nashville,12/13/2018 5:36:00 PM,2,1,0,36.087660,-86.691650,HARDING PL,,,,184.00,Feet,East,ANTIOCH PKE,,,,0.00,N,Not at Intersection, ,Non-Junction,None,,,         ,Christopher,Augustin,Cloudy,Front to Rear,no,no,no,no,no,False
102245539,METROPOLITAN NASHVILLE POLICE DEPT,20181033471,Davidson,Nashville,12/13/2018 6:27:00 PM,1,0,0,36.049720,-86.650390,BELL RD,,,,279.00,Feet,West,MT VIEW RD,,,,0.00,N,Not at Intersection,N,Non-Junction,None,,,         ,Matthew,Turppa,Cloudy,Not Collision with Motor Vehicle in Transport,no,no,no,yes,yes,False
102245542,METROPOLITAN NASHVILLE POLICE DEPT,20181033380,Davidson,Nashville,12/13/2018 5:55:00 PM,4,1,0,36.241510,-86.723320,GALLATIN PKES,,,,897.00,Feet,North,GALLATIN PKE,,,,0.00,N,Not at Intersection,N,Non-Junction,None,,,         ,Harold,Willmore IV,Clear,Front to Rear,no,no,no,no,no,False
102245543,METROPOLITAN NASHVILLE POLICE DEPT,20181033395,Davidson,Nashville,12/13/2018 6:21:00 PM,2,0,0,36.082040,-86.758290,TROUSDALE DR,,,,340.00,Feet,North,HARDING PL,,,,0.00,N,Not at Intersection, ,Non-Junction,None,,,         ,Brandon,Hughes,Clear,Angle,no,no,no,no,no,False
102245553,METROPOLITAN NASHVILLE POLICE DEPT,20181033719,Davidson,Nashville,12/13/2018 9:00:00 PM,1,0,0,36.225100,-86.782080,BRICK CHURCH PKE,,,,326.00,Feet,North,BRICK CHURCH PARK DR,,,,0.00,N,Not at Intersection, ,Non-Junction,None,,,         ,Eric,McCoy,Clear,Not Collision with Motor Vehicle in Transport,no,no,no,no,no,False
102245554,METROPOLITAN NASHVILLE POLICE DEPT,20181033529,Davidson,Nashville,12/13/2018 6:30:00 PM,1,0,0,36.232140,-86.723510,INGLEWOOD DR,,,,0.00,,,,,,,0.00,,,N,Intersection,None,,,         ,Alexander,Georgeson,Clear,Not Collision with Motor Vehicle in Transport,no,no,no,no,no,False
102245561,METROPOLITAN NASHVILLE POLICE DEPT,20181033318,Davidson,Nashville,12/13/2018 4:50:00 PM,1,1,0,36.182140,-86.608120,OLD HICKORY BLVD,,,,0.00,,,ANDREW JACKSON WAY,,,,0.00,Y,Four-Way,Y,Intersection,None,,,         ,Allyson,Reis,Clear,Not Collision with Motor Vehicle in Transport,yes,no,no,no,yes,False
102245562,METROPOLITAN NASHVILLE POLICE DEPT,20181033373,Davidson,Nashville,12/13/2018 5:40:00 PM,2,0,0,36.157660,-86.636690,STEWARTS FERRY PKE,,,,241.00,Feet,West,MCCRORY CREEK RD,,,,0.00,N,Not at Intersection, ,Non-Junction,None,,,         ,Allyson,Reis,Clear,Front to Rear,no,no,no,no,no,False
102245600,METROPOLITAN NASHVILLE POLICE DEPT,20181033802,Davidson,Nashville,12/13/2018 10:27:00 PM,1,1,0,36.092810,-86.678860,HARDING PL,,,,0.00,,,DONELSON PKE,,,,0.00,Y,T-Intersection,N,Non-Junction,None,,,         ,William,Williams,Clear,Not Collision with Motor Vehicle in Transport,no,no,no,no,no,False
102245615,METROPOLITAN NASHVILLE POLICE DEPT,20181033597,Davidson,Nashville,12/13/2018 7:40:00 PM,2,1,0,36.121720,-86.807290,HILLSBORO PKE,,,,69.00,Feet,North,I440 E ENT RAMP,,,,0.00,N,Not at Intersection,N,Non-Junction,None,,,         ,Ryan,Storm,Clear,Front to Rear,no,no,no,no,no,False
102245634,METROPOLITAN NASHVILLE POLICE DEPT,20181033868,Davidson,Nashville,12/13/2018 8:46:00 PM,3,0,0,36.044410,-86.657930,I24 E ENT RAMP,,,,0.00,,,I 24,,,,0.00,Y,Y-Intersection, ,Intersection-Related,Work Zone,,,         ,Robert,Erickson,Clear,Front to Rear,no,no,no,no,no,False
102245635,METROPOLITAN NASHVILLE POLICE DEPT,20181033929,Davidson,Goodlettsville,12/13/2018 11:35:00 PM,1,0,0,36.286950,-86.726550,I 65,,,,0.00,,,,,,,93.95,N,Not at Intersection,N,Non-Junction,None,,,         ,Brandon,Wood,Clear,Not Collision with Motor Vehicle in Transport,no,no,no,no,no,False
102245644,METROPOLITAN NASHVILLE POLICE DEPT,20181033874,Davidson,Not in City Limit,12/13/2018 10:00:00 PM,1,0,0,36.353030,-86.898530,BAXTER RD PVTDR,,,,20.00,Feet,North,BAXTER RD,,,,0.00,N,Not at Intersection,N,Non-Junction,None,,,         ,Nicholas,MacDougall,Rain,Not Collision with Motor Vehicle in Transport,no,no,no,no,yes,False
102245650,METROPOLITAN NASHVILLE POLICE DEPT,20181033589,Davidson,Nashville,12/13/2018 7:30:00 PM,2,0,0,36.013440,-86.620690,I24 E EXT RAMP,,,,0.00,,,I 24,,,,0.00,Y,OTHER, ,Entrance/Exit Ramp Related,None,,,         ,Jarrett,Ipox,Cloudy,Front to Rear,no,no,no,no,no,False
102245651,METROPOLITAN NASHVILLE POLICE DEPT,20181033898,Davidson,Nashville,12/13/2018 11:34:00 PM,1,1,0,36.074670,-86.753250,BLACKMAN RD,,,,451.00,Feet,North,TIMBERHILL DR,,,,0.00,N,Not at Intersection,N,Non-Junction,None,,,         ,Bryce,Hatten,Rain,Not Collision with Motor Vehicle in Transport,no,no,no,no,no,False
102245655,METROPOLITAN NASHVILLE POLICE DEPT,20181034000,Davidson,Nashville,12/14/2018 12:33:00 AM,1,0,0,36.146940,-86.744340,RUNDLE AV,,,,71.00,Feet,East,I40 E EXT RAMP,,,,0.00,N,Not at Intersection,N,Non-Junction,None,,,         ,Joseph,Zambardi,Clear,Unknown,no,no,no,no,no,False
102245658,METROPOLITAN NASHVILLE POLICE DEPT,20181033804,Davidson,Nashville,12/13/2018 6:45:00 PM,2,0,0,36.068650,-86.690800,I24 E ENT RAMP,,,,0.00,Feet,East,I 24,,,,0.00,N,Not at Intersection, ,Non-Junction,None,,,         ,Gerry,Hutcheson,Cloudy,Front to Rear,no,no,no,no,yes,False
102245660,METROPOLITAN NASHVILLE POLICE DEPT,20181034032,Davidson,Nashville,12/13/2018 11:17:00 PM,1,0,0,36.122490,-86.909790,I 40,,,,0.00,,,,,,,200.30,N,Not at Intersection,N,Non-Junction,None,,,         ,Aaron,Wigginton,Clear,Not Collision with Motor Vehicle in Transport,no,no,no,no,yes,False
102245678,METROPOLITAN NASHVILLE POLICE DEPT,20181033843,Davidson,Nashville,12/13/2018 10:40:00 PM,1,1,0,36.134680,-86.859830,NEARTOP DR,,,,79.00,Feet,South,VINE RIDGE DR,,,,0.00,N,Not at Intersection,N,Non-Junction,None,,,         ,Kevin,McGinniss,Cloudy,Not Collision with Motor Vehicle in Transport,no,no,no,no,no,False
102245685,METROPOLITAN NASHVILLE POLICE DEPT,20181034144,Davidson,Nashville,12/14/2018 1:55:00 AM,2,0,0,36.184190,-86.753150,W EASTLAND AV,,,,52.00,Feet,West,LAURENT ST,,,,0.00,N,Not at Intersection,N,Non-Junction,None,,,         ,Shaquille,Graham,Clear,"Sideswipe, Same Direction",no,no,no,no,no,False
102245688,METROPOLITAN NASHVILLE POLICE DEPT,20181034225,Davidson,Nashville,12/14/2018 2:25:00 AM,2,0,0,36.167370,-86.776380,WOODLAND ST,,,,170.00,Feet,East,GAY ST,,,,0.00,N,Not at Intersection,N,Non-Junction,None,,,         ,Damon,Hutcheson,Cloudy,HeadOn,no,no,no,no,no,False
102245694,METROPOLITAN NASHVILLE POLICE DEPT,20181034227,Davidson,Nashville,12/14/2018 12:39:00 AM,2,0,0,36.152240,-86.625070,BELL RD,,,,0.00,,,STEWARTS FERRY PKE,,,,0.00,Y,Four-Way,N,Intersection,None,,,         ,Bridget,Griepentrog,Rain,"Sideswipe, Same Direction",no,no,no,no,yes,False
102245695,METROPOLITAN NASHVILLE POLICE DEPT,20181034207,Davidson,Not in City Limit,12/14/2018 2:21:00 AM,1,0,0,36.091220,-86.939540,I 40,,,,0.00,,,,,,,197.50,N,Not at Intersection,N,Non-Junction,None,,,         ,Kevin,McGinniss,Cloudy,Not Collision with Motor Vehicle in Transport,no,no,no,no,no,False
102245743,METROPOLITAN NASHVILLE POLICE DEPT,20181034623,Davidson,Nashville,12/14/2018 6:09:00 AM,2,0,0,36.063670,-86.683410,I 24,,,,0.00,,,,,,,57.50,N,Not at Intersection,N,Non-Junction,None,,,         ,Jessie,Meadows,Rain,"Sideswipe, Same Direction",no,no,no,no,yes,False
102245746,METROPOLITAN NASHVILLE POLICE DEPT,20181034609,Davidson,Nashville,12/14/2018 6:42:00 AM,2,0,0,36.186110,-86.798370,I65 S EXT RAMP,,,,0.00,,,ROSA L PARKS BLVD,,,,0.00,Y,T-Intersection, ,Intersection,None,,,         ,Ronald,Bright,Cloudy,Front to Rear,no,no,no,no,no,False
102245756,METROPOLITAN NASHVILLE POLICE DEPT,20181034631,Davidson,Nashville,12/14/2018 6:55:00 AM,2,0,0,36.153300,-86.842260,ALABAMA AV,,,,0.00,,,46TH AVN,,,,0.00,Y,Four-Way,N,Intersection,None,,,         ,Curtis,Rich,Cloudy,Angle,no,no,no,no,no,False
102245769,METROPOLITAN NASHVILLE POLICE DEPT,20181034585,Davidson,Nashville,12/14/2018 6:25:00 AM,2,1,0,36.120450,-86.726740,I 24,,,,0.00,,,,,,,52.90,N,Not at Intersection,Y,Entrance/Exit Ramp Related,None,,,         ,David,Smith,Rain,Front to Rear,no,no,no,no,no,False
102245770,METROPOLITAN NASHVILLE POLICE DEPT,20181034617,Davidson,Nashville,12/14/2018 6:54:00 AM,2,0,0,36.153140,-86.688400,ELM HILL PKE,,,,216.00,Feet,West,ATRIUM WAY,,,,0.00,N,Not at Intersection,N,"Driveway, Alley Access, etc",None,,,         ,Ralph,Harvey,Rain,Angle,no,no,no,no,no,False
102245771,METROPOLITAN NASHVILLE POLICE DEPT,20181034694,Davidson,Nashville,12/14/2018 7:35:00 AM,2,0,0,36.142040,-86.734180,I 40,,,,0.00,,,,,,,212.85,N,Not at Intersection, ,Non-Junction,None,,,         ,Tien,Nguyen,Rain,"Sideswipe, Same Direction",no,no,no,no,no,False
102245776,METROPOLITAN NASHVILLE POLICE DEPT,20181034659,Davidson,Not in City Limit,12/14/2018 7:10:00 AM,2,0,0,36.034600,-86.981310,HIGHWAY 100,,,,350.00,Feet,East,OLD HARDING PKE,,,,0.00,N,Not at Intersection,N,Non-Junction,None,,,         ,Wesley,Tilley,Cloudy,Angle,no,no,no,no,no,False
102245788,GOODLETTSVILLE POLICE DEPT,18-44003,Davidson,Goodlettsville,12/14/2018 7:15:00 AM,3,0,0,36.296420,-86.715390,I 65,,,,0.00,,,,,,,94.80,N,Not at Intersection, ,Non-Junction,None,,,         ,George,Forbes,Cloudy,Front to Rear,no,no,no,no,no,False
102245818,BERRY HILL POLICE DEPT,18-4503,Davidson,Berry Hill,12/14/2018 6:45:00 AM,2,0,0,36.121370,-86.775450,FRANKLIN PKE,,,,0.00,,,KIRKWOOD AV,,,,0.00,Y,OTHER, ,,None,,,         ,Larry,Carter,,,no,no,no,no,no,False
102245846,METROPOLITAN NASHVILLE POLICE DEPT,20181034765,Davidson,Nashville,12/14/2018 8:08:00 AM,2,0,0,36.151860,-86.784230,12TH AVS,,,,11.00,Feet,South,11TH AVS,,,,0.00,N,Not at Intersection, ,Non-Junction,None,,,         ,Kyle,Eicholtz,Rain,"Sideswipe, Same Direction",no,no,no,no,no,False
102245863,BELLE MEADE POLICE DEPT,18-0347,Davidson,Belle Meade,12/14/2018 7:43:00 AM,2,1,0,36.109720,-86.856410,BELLE MEADE BLVD,,,,0.00,,,JACKSON BLVD,,,,0.00,Y,Four-Way,N,Intersection,None,,,         ,David,Wright,Rain,Angle,no,no,no,no,no,False
102245864,METROPOLITAN NASHVILLE POLICE DEPT,20181034800,Davidson,Nashville,12/14/2018 8:36:00 AM,2,0,0,36.113820,-86.809210,WOODMONT BLVD,,,,0.00,,,GOLF CLUB LN,,,,0.00,Y,Four-Way, ,Intersection,None,,,         ,Randy,Puckett,Rain,Angle,no,no,no,no,no,False
102245896,METROPOLITAN NASHVILLE POLICE DEPT,20181034839,Davidson,Nashville,12/14/2018 9:04:00 AM,1,1,0,36.174280,-86.787420,5TH AVN,,,,0.00,,,JEFFERSON ST,,,,0.00,Y,Four-Way,N,Intersection,None,,,         ,James,Hill,Rain,Not Collision with Motor Vehicle in Transport,yes,no,no,no,no,False
102245897,METROPOLITAN NASHVILLE POLICE DEPT,20181034763,Davidson,Nashville,12/14/2018 8:11:00 AM,2,0,0,36.166490,-86.779170,3RD AVN,,,,60.00,Feet,North,DEADERICK ST,,,,0.00,N,Not at Intersection, ,OtherLocation,None,,,         ,Frank,Campbell,Cloudy,Front to Rear,no,no,no,no,no,False
102245901,METROPOLITAN NASHVILLE POLICE DEPT,20181034873,Davidson,Nashville,12/14/2018 9:15:00 AM,2,0,0,36.081100,-86.758360,HARDING PL,,,,0.00,,,TROUSDALE DR,,,,0.00,Y,Four-Way, ,Intersection,None,,,         ,Earl,Davis,Rain,"Sideswipe, Same Direction",no,no,no,no,no,False
102245919,METROPOLITAN NASHVILLE POLICE DEPT,20181034871,Davidson,Nashville,12/14/2018 9:00:00 AM,2,0,0,36.111050,-86.722440,I 24,,,,0.00,,,,,,,53.60,N,Not at Intersection, ,Non-Junction,None,,,         ,Todd,Watson,Rain,"Sideswipe, Same Direction",no,no,no,no,no,False