master_record_number,agency,agency_tracking_number,county,city,collision_date,vehicles_involved,number_injured,number_dead,latitude,longitude,roadway_name,roadway_suffix,roadway_number,roadway_local_id,distance_from_reference,miles-feet_indicator,direction_from_reference,intersection_road_name,intersection_road_name_suffix,intersection_road_number,intersection_local_id,mile_marker,intersection_indicator,intersect_type,interchange_related_indicator,relation_to_junction,work_zone_type,construction_maintenance_zone,construction_maintenance_zone_location,fatal_case_number,officer_first_name,officer_last_name,weather_condition(s),manner_of_crash,pedestrian,bicycle,scooter,parking,hitrun,mou
102245926,METROPOLITAN NASHVILLE POLICE DEPT,20181034860,Davidson,Nashville,12/14/2018 9:00:00 AM,2,0,0,36.165200,-86.855200,NEW YORK AV,,,,177.00,Feet,East,56TH AVN,,,,0.00,N,Not at Intersection, ,Non-Junction,None,,,         ,Curtis,Rich,Rain,Rear to Rear,no,no,no,no,no,False
102245928,METROPOLITAN NASHVILLE POLICE DEPT,20181016878,Davidson,Nashville,12/7/2018 9:15:00 AM,2,0,0,36.164920,-86.776150,CHURCH ST,,,,0.00,,,GAY ST,,,,0.00,Y,Four-Way,N,Non-Junction,None,,,         ,Cody,O'Quinn,Cloudy,"Sideswipe, Same Direction",no,no,no,no,yes,False
102245931,METROPOLITAN NASHVILLE POLICE DEPT,20181034837,Davidson,Nashville,12/14/2018 8:49:00 AM,3,0,0,36.112070,-86.800140,BELMONT BLVD,,,,68.00,Feet,North,CLAIRMONT PL,,,,0.00,N,Not at Intersection,N,Non-Junction,None,,,         ,Randy,Puckett,Rain,Front to Rear,no,no,no,no,no,False
102245945,METROPOLITAN NASHVILLE POLICE DEPT,20181034870,Davidson,Nashville,12/14/2018 9:30:00 AM,2,0,0,36.159710,-86.796030,CHARLOTTE AV,,,,47.00,Feet,East,MCMILLIN ST,,,,0.00,N,Not at Intersection, ,Non-Junction,None,,,         ,Jon,Mcvey,Rain,Front to Rear,no,no,no,no,no,False
102245947,METROPOLITAN NASHVILLE POLICE DEPT,20181034818,Davidson,Nashville,12/14/2018 8:50:00 AM,2,1,0,36.096620,-86.749480,TROUSDALE DR,,,,0.00,Feet,,ALLIED DR,,,,0.00,Y,T-Intersection,N,Intersection,None,,,         ,Torry,Hill,Rain,Angle,no,no,no,no,no,False
102245950,METROPOLITAN NASHVILLE POLICE DEPT,20181034714,Davidson,Antioch,12/14/2018 7:43:00 AM,2,0,0,36.017620,-86.607260,HEIL QUAKER BLVD,,,,77.00,Feet,North,CORPORATE PL,,,,0.00,N,Not at Intersection, ,Non-Junction,None,,,         ,Jessie,Meadows,Rain,Front to Rear,no,no,no,no,no,False
102245954,THP District 9 - Administrative,318081897,Davidson,Nashville,12/14/2018 10:37:00 AM,2,0,0,36.165470,-86.782780,CHARLOTTE AV,,,,122.00,Feet,East,6TH AVN,,,,0.00,N,Not at Intersection, ,Non-Junction,None,,,         ,Julio,Lassalle,Rain,Front to Rear,no,no,no,no,no,False
102245966,METROPOLITAN NASHVILLE POLICE DEPT,20181034739,Davidson,Nashville,12/14/2018 7:30:00 AM,2,0,0,36.143120,-86.685100,I 40,,,,0.00,,,,,,,215.55,N,Not at Intersection, ,,None,,,         ,Tyler,Geiger,,,no,no,no,no,no,False
102245972,METROPOLITAN NASHVILLE POLICE DEPT,20181034941,Davidson,Nashville,12/14/2018 10:22:00 AM,3,0,0,36.150230,-86.857620,CHARLOTTE PKE,,,,75.00,Feet,West,ORLANDO AV,,,,0.00,N,Not at Intersection, ,Non-Junction,None,,,         ,Curtis,Rich,Rain,Angle,no,no,no,no,no,False
102245982,THP District 3 - Nashville,318081772,Davidson,Nashville,12/13/2018 7:46:00 PM,2,0,0,36.179630,-86.605740,OLD HICKORY BLVD,,,,101.00,Feet,East,I40 W ENT RAMP,,,,0.00,N,Not at Intersection, ,Non-Junction,None,,,         ,Alexander,Campbell,Cloudy,"Sideswipe, Same Direction",no,no,no,no,no,False
102245989,METROPOLITAN NASHVILLE POLICE DEPT,20181034915,Davidson,Nashville,12/14/2018 9:45:00 AM,1,0,0,36.237800,-86.787110,I24 E EXT RAMP,,,,0.00,,,I 24,,,,0.00,Y,OTHER, ,,None,,,         ,Cyretha,Frazier,,,no,no,no,no,no,False
102246023,METROPOLITAN NASHVILLE POLICE DEPT,20181035060,Davidson,Nashville,12/14/2018 10:57:00 AM,2,0,0,36.118290,-86.748930,NOLENSVILLE PKE,,,,208.00,Feet,North,LUTIE ST,,,,0.00,N,Not at Intersection, ,Non-Junction,None,,,         ,Randy,Puckett,Rain,Angle,no,no,no,no,no,False
102246043,METROPOLITAN NASHVILLE POLICE DEPT,20181035115,Davidson,Nashville,12/14/2018 11:31:00 AM,1,1,0,36.111890,-86.709710,BRILEY PKWYN,,,,40.00,Feet,West,CURREY RD,,,,0.00,N,Not at Intersection,N,Non-Junction,None,,,         ,Tien,Nguyen,Rain,Not Collision with Motor Vehicle in Transport,no,no,no,no,no,False
102246047,METROPOLITAN NASHVILLE POLICE DEPT,20181034793,Davidson,Nashville,12/14/2018 8:30:00 AM,1,0,0,36.057810,-86.689450,CIMARRON WAY,,,,174.00,Feet,North,BART DR,,,,0.00,N,Not at Intersection,N,Non-Junction,None,,,         ,Jessie,Meadows,Rain,Not Collision with Motor Vehicle in Transport,no,no,no,no,yes,False
102246084,METROPOLITAN NASHVILLE POLICE DEPT,20181035192,Davidson,Nashville,12/14/2018 12:00:00 PM,2,0,0,36.149510,-86.857920,WHITE BRIDGE PKE,,,,233.00,Feet,South,CHARLOTTE PKE,,,,0.00,N,Not at Intersection, ,Non-Junction,None,,,         ,Curtis,Rich,Rain,Angle,no,no,no,no,no,False
102246099,METROPOLITAN NASHVILLE POLICE DEPT,20181035108,Davidson,Nashville,12/14/2018 11:30:00 AM,3,0,0,36.142040,-86.816130,WEST END AV,,,,46.00,Feet,North,32ND AVS,,,,0.00,N,Not at Intersection, ,Non-Junction,None,,,         ,Jon,Mcvey,Rain,Angle,no,no,no,no,no,Campus
102246113,METROPOLITAN NASHVILLE POLICE DEPT,20181034926,Davidson,Nashville,12/14/2018 9:45:00 AM,2,0,0,36.125880,-86.810850,27TH AVS,,,,0.00,,,WOODLAWN DR,,,,0.00,Y,T-Intersection,N,Intersection,None,,,         ,Justan,Vance,Rain,Front to Rear,no,no,no,no,yes,False
102246118,METROPOLITAN NASHVILLE POLICE DEPT,20181035203,Davidson,Nashville,12/14/2018 12:01:00 PM,2,1,0,36.142910,-86.697510,I40 E EXT RAMP,,,,0.00,Feet,East,I40 E ENT RAMP,,,,0.00,N,Not at Intersection,N,Entrance/Exit Ramp Related,None,,,         ,Tien,Nguyen,Rain,Front to Rear,no,no,no,no,no,False
102246125,VANDERBILT UNIVERSITY POLICE,20181035098,Davidson,Nashville,12/14/2018 11:01:00 AM,1,0,0,36.145150,-86.805930,VANDERBILT PL,,,,0.00,,,,,,,0.00,,, ,Non-Junction,None,,,         ,Linda,Jennings,Rain,Not Collision with Motor Vehicle in Transport,no,no,no,yes,no,Campus
102246131,METROPOLITAN NASHVILLE POLICE DEPT,20181035160,Davidson,Nashville,12/14/2018 11:52:00 AM,2,1,0,36.161050,-86.793000,GEORGE L DAVIS BLVD,,,,0.00,,,CHARLOTTE AV,,,,0.00,Y,Four-Way,Y,Intersection,None,,,         ,Ronald,Bright,Rain,Angle,no,no,no,no,no,False
102246139,METROPOLITAN NASHVILLE POLICE DEPT,20181035213,Davidson,Nashville,12/14/2018 12:29:00 PM,2,2,0,36.163380,-86.787800,10TH AVN,,,,0.00,,,10TH CIRN,,,,0.00,Y,Four-Way, ,Intersection,None,,,         ,Robert,Schohn,Rain,Front to Rear,no,no,no,no,yes,False
102246148,GOODLETTSVILLE POLICE DEPT,18-44018,Davidson,Goodlettsville,12/14/2018 11:05:00 AM,2,0,0,36.305910,-86.693820,CONFERENCE DR,,,,0.00,,,RIVERGATE MALL PVTDR,,,,0.00,Y,T-Intersection,N,Intersection,None,,,         ,George,Forbes,Rain,Angle,no,no,no,no,no,False
102246149,METROPOLITAN NASHVILLE POLICE DEPT,20181035281,Davidson,Nashville,12/14/2018 12:55:00 PM,2,0,0,36.152500,-86.851160,53RD AVN,,,,167.00,Feet,South,ALABAMA AV,,,,0.00,N,Not at Intersection, ,Non-Junction,None,,,         ,Curtis,Rich,Cloudy,Other,no,no,no,no,no,False
102246181,METROPOLITAN NASHVILLE POLICE DEPT,20181035178,Davidson,Nashville,12/14/2018 11:39:00 AM,2,0,0,36.155600,-86.771110,2ND AVE S,,,,0.00,,,LEA AVE,,,,0.00,Y,Four-Way, ,Intersection,None,,,         ,Thomas,Clingan,Rain,"Sideswipe, Same Direction",no,no,no,no,no,False
102246182,METROPOLITAN NASHVILLE POLICE DEPT,20181035209,Davidson,Nashville,12/14/2018 11:15:00 AM,2,0,0,36.199740,-86.592040,TULIP GROVE RD,,,,0.00,,,CHANDLER RD,,,,0.00,Y,Four-Way, ,Intersection,None,,,         ,Kelsey,Hemminger,Rain,Angle,no,no,no,no,no,False
102246184,METROPOLITAN NASHVILLE POLICE DEPT,20181035231,Davidson,Nashville,12/14/2018 12:33:00 PM,2,0,0,36.190350,-86.775410,I 24,,,,0.00,,,,,,,46.85,N,Not at Intersection,N,Non-Junction,None,,,         ,Russell,Freeman,Rain,Front to Rear,no,no,no,no,no,False
102246193,METROPOLITAN NASHVILLE POLICE DEPT,20181035183,Davidson,Nashville,12/14/2018 12:08:00 PM,3,1,0,36.120620,-86.795160,BELMONT BLVD,,,,48.00,Feet,South,CEDAR LN,,,,0.00,N,Not at Intersection,N,Non-Junction,None,,,         ,Torry,Hill,Rain,Front to Rear,no,no,no,no,no,False
102246195,METROPOLITAN NASHVILLE POLICE DEPT,20181035214,Davidson,Nashville,12/14/2018 12:13:00 PM,1,0,0,36.013710,-86.738280,EDMONDSON PKE,,,,161.00,Feet,North,EDMONDSON PIKE,,,,0.00,N,Not at Intersection,N,Non-Junction,None,,,         ,Phillip,Murphy,Rain,Not Collision with Motor Vehicle in Transport,no,no,no,no,no,False
102246220,METROPOLITAN NASHVILLE POLICE DEPT,20181034986,Davidson,Nashville,12/14/2018 10:22:00 AM,2,2,0,36.153630,-86.753610,HERMITAGE AV,,,,0.00,,,DECATUR AV,,,,0.00,Y,T-Intersection,N,Intersection-Related,None,,,         ,Tien,Nguyen,Rain,Angle,no,no,no,no,no,False
102246231,METROPOLITAN NASHVILLE POLICE DEPT,20181035282,Davidson,Nashville,12/14/2018 1:00:00 PM,2,0,0,36.124560,-86.794270,BELMONT BLVD,,,,12.00,Feet,North,SWEETBRIAR AV,,,,0.00,N,Not at Intersection, ,Non-Junction,None,,,         ,Jon,Mcvey,Rain,Front to Rear,no,no,no,no,no,False
102246240,METROPOLITAN NASHVILLE POLICE DEPT,20181035258,Davidson,Nashville,12/14/2018 11:49:00 AM,2,0,0,36.142980,-86.666640,DONELSON PKE,,,,251.00,Feet,North,I40 W ENT RAMP,,,,0.00,N,Not at Intersection,N,Non-Junction,None,,,         ,Brian,Ewing,Rain,Angle,no,no,no,no,no,False
102246241,METROPOLITAN NASHVILLE POLICE DEPT,20181035294,Davidson,Nashville,12/14/2018 1:10:00 PM,2,0,0,36.149440,-86.773210,I 40,,,,0.00,,,,,,,210.20,N,Not at Intersection, ,Non-Junction,None,,,         ,John,Chambers,Rain,Front to Rear,no,no,no,no,no,False
102246242,METROPOLITAN NASHVILLE POLICE DEPT,20181035288,Davidson,Nashville,12/14/2018 1:00:00 PM,2,0,0,36.157710,-86.846270,49TH AVN,,,,0.00,,,ILLINOIS AV,,,,0.00,Y,Four-Way, ,Intersection,None,,,         ,Curtis,Rich,Cloudy,Angle,no,no,no,no,yes,False
102246281,METROPOLITAN NASHVILLE POLICE DEPT,20181035008,Davidson,Nashville,12/14/2018 10:32:00 AM,2,1,0,36.165860,-86.781910,5TH AVN,,,,0.00,,,CHARLOTTE AV,,,,0.00,Y,Four-Way,N,Intersection,None,,,         ,Frank,Campbell,Rain,Angle,no,no,no,no,no,False
102246286,METROPOLITAN NASHVILLE POLICE DEPT,20181035320,Davidson,Nashville,12/14/2018 12:51:00 PM,2,1,0,36.175360,-86.758830,MAIN ST,,,,0.00,,,N 8TH ST,,,,0.00,Y,T-Intersection,N,Intersection,None,,,         ,Ky,Luu,Rain,Front to Rear,no,no,no,no,no,False
102246293,METROPOLITAN NASHVILLE POLICE DEPT,20181035340,Davidson,Nashville,12/14/2018 1:30:00 PM,2,0,0,36.140520,-86.823490,I440 E EXT RAMP,,,,0.00,Feet,East,I 440,,,,0.00,N,Not at Intersection, ,Entrance/Exit Ramp Related,None,,,         ,George,Spencer,Rain,Front to Rear,no,no,no,no,no,False
102246296,METROPOLITAN NASHVILLE POLICE DEPT,20181035367,Davidson,Nashville,12/14/2018 12:45:00 PM,1,0,0,36.149450,-86.764290,LAFAYETTE ST,,,,457.00,Feet,East,UNIVERSITY CT,,,,0.00,N,Not at Intersection, ,,None,,,         ,Edward,Starke,,,no,no,no,no,no,False
102246307,VANDERBILT UNIVERSITY POLICE,20181035333,Davidson,Nashville,12/14/2018 1:40:00 PM,2,0,0,36.144100,-86.799850,EDGEHILL AV,,,,0.00,,,21ST AVS,,,,0.00,Y,T-Intersection, ,Intersection,None,,,         ,William,Gladu,Rain,"Sideswipe, Same Direction",no,no,no,no,no,Campus
102246313,METROPOLITAN NASHVILLE POLICE DEPT,20181035234,Davidson,Nashville,12/14/2018 12:35:00 PM,2,1,0,36.077390,-86.694590,I 24,,,,0.00,,,,,,,56.40,N,Not at Intersection,N,Non-Junction,None,,,         ,Jessie,Meadows,Rain,Angle,no,no,no,no,no,False
102246314,METROPOLITAN NASHVILLE POLICE DEPT,20181035330,Davidson,Nashville,12/14/2018 1:29:00 PM,2,0,0,36.037930,-86.786450,FRANKLIN PKE,,,,194.00,Feet,North,OLD HICKORY BLVD,,,,0.00,N,Not at Intersection, ,"Driveway, Alley Access, etc",None,,,         ,Phillip,Murphy,Rain,Other,no,no,no,no,no,False
102246327,METROPOLITAN NASHVILLE POLICE DEPT,20181035313,Davidson,Nashville,12/14/2018 1:25:00 PM,2,1,0,36.248600,-86.728630,DUE WEST AVW,,,,0.00,,,SAUNDERS AV,,,,0.00,Y,Four-Way,Y,Intersection,None,,,         ,Jeremy,Stricklin,Rain,Angle,no,no,no,no,no,False
102246331,METROPOLITAN NASHVILLE POLICE DEPT,20181035326,Davidson,Not in City Limit,12/14/2018 1:35:00 PM,2,0,0,36.077000,-87.026240,I 40,,,,0.00,,,,,,,192.20,N,Not at Intersection,N,Non-Junction,None,,,         ,Wesley,Tilley,Rain,Front to Rear,no,no,no,no,no,False
102246356,METROPOLITAN NASHVILLE POLICE DEPT,20181035314,Davidson,Nashville,12/14/2018 1:26:00 PM,2,1,0,36.086090,-86.725890,PARAGON MILLS RD,,,,422.00,Feet,East,ELYSIAN FIELDS RD,,,,0.00,N,Not at Intersection,N,Non-Junction,None,,,         ,Jessie,Meadows,Rain,Not Collision with Motor Vehicle in Transport,yes,no,no,no,no,False
102246357,METROPOLITAN NASHVILLE POLICE DEPT,20181035402,Davidson,Nashville,12/14/2018 2:10:00 PM,2,0,0,36.120150,-86.874470,HICKORY VALLEY RD,,,,0.00,Feet,East,DARDEN PL,,,,0.00,N,Not at Intersection, ,Non-Junction,None,,,         ,Brad,Houser,Rain,"Sideswipe, Same Direction",no,no,no,no,no,False
102246364,METROPOLITAN NASHVILLE POLICE DEPT,20181035347,Davidson,Nashville,12/14/2018 1:43:00 PM,1,1,0,36.113610,-86.836900,ESTES RD,,,,165.00,Feet,South,AUBURN LN,,,,0.00,N,Not at Intersection,N,Non-Junction,None,,,         ,Walter,Gray II,Rain,Not Collision with Motor Vehicle in Transport,no,no,no,no,no,False
102246401,METROPOLITAN NASHVILLE POLICE DEPT,20181035460,Davidson,Nashville,12/14/2018 12:30:00 PM,2,0,0,36.180460,-86.802700,BUCHANAN ST,,,,103.00,Feet,East,10TH AVN,,,,0.00,N,Not at Intersection,N,Non-Junction,None,,,         ,Timothy,Skopek,Rain,Angle,no,no,no,no,yes,False
102246420,METROPOLITAN NASHVILLE POLICE DEPT,20181035412,Davidson,Not in City Limit,12/14/2018 2:30:00 PM,2,0,0,36.077000,-87.026240,I 40,,,,0.00,,,,,,,192.20,N,Not at Intersection,N,Non-Junction,None,,,         ,Wesley,Tilley,Cloudy,Front to Rear,no,no,no,no,no,False
102246427,METROPOLITAN NASHVILLE POLICE DEPT,20181035471,Davidson,Nashville,12/14/2018 2:45:00 PM,2,0,0,36.159570,-86.781010,7TH AVN,,,,66.00,Feet,North,BROADWAY,,,,0.00,N,Not at Intersection, ,Non-Junction,None,,,         ,Seth,Quiles,Rain,"Sideswipe, Same Direction",no,no,no,no,yes,False
102246429,METROPOLITAN NASHVILLE POLICE DEPT,20181033364,Davidson,Nashville,12/13/2018 6:20:00 PM,2,0,0,36.120030,-86.802640,I 440,,,,0.00,,,,,,,3.00,N,Not at Intersection, ,Non-Junction,None,,,         ,Alexander,Donald,Clear,Front to Rear,no,no,no,no,no,False
102246437,METROPOLITAN NASHVILLE POLICE DEPT,20181035420,Davidson,Nashville,12/14/2018 2:28:00 PM,2,1,0,36.111050,-86.754170,THOMPSON LN,,,,87.00,Feet,East,EUGENIA AV,,,,0.00,N,Not at Intersection, ,"Driveway, Alley Access, etc",None,,,         ,John,Roberson,Rain,Angle,no,no,no,no,no,False
102246453,METROPOLITAN NASHVILLE POLICE DEPT,20181035492,Davidson,Madison,12/14/2018 3:14:00 PM,2,0,0,36.256760,-86.714150,GALLATIN PKES,,,,189.00,Feet,South,HARRINGTON AV,,,,0.00,N,Not at Intersection, ,Non-Junction,None,,,         ,Christopher,Littles,Rain,Angle,no,no,no,no,no,False
102246458,METROPOLITAN NASHVILLE POLICE DEPT,20181035549,Davidson,Nashville,12/14/2018 2:55:00 PM,2,0,0,36.140780,-86.738160,US HWY 41,,,,0.00,,,TRANSIT AVE,,,,0.00,Y,T-Intersection, ,Non-Junction,None,,,         ,Brady,Reynolds,Rain,Angle,no,no,no,no,no,False
102246460,METROPOLITAN NASHVILLE POLICE DEPT,20181035529,Davidson,Nashville,12/14/2018 12:00:00 AM,2,0,0,36.108630,-86.922450,OLD HICKORY BLVD,,,,289.00,Feet,North,ROCKY LN,,,,0.00,N,Not at Intersection,N,Non-Junction,None,,,         ,Kelby,Dumond,Rain,Front to Rear,no,no,no,no,no,False
102246466,METROPOLITAN NASHVILLE POLICE DEPT,20181035510,Davidson,Nashville,12/14/2018 2:00:00 PM,2,0,0,36.152200,-86.842220,CHARLOTTE AV,,,,0.00,Feet,East,46TH AVN,,,,0.00,N,Not at Intersection, ,Non-Junction,None,,,         ,Jeremy,Spears,Cloudy,Angle,no,no,no,no,no,False
102246469,METROPOLITAN NASHVILLE POLICE DEPT,20181035613,Davidson,Nashville,12/14/2018 6:00:00 AM,2,0,0,36.195230,-86.761580,N 5TH ST,,,,296.00,Feet,South,N 6TH ST,,,,0.00,N,Not at Intersection,N,Non-Junction,None,,,         ,Riley,Brewer,Unknown,Front to Rear,no,no,no,no,yes,False
102246471,METROPOLITAN NASHVILLE POLICE DEPT,20181035610,Davidson,Nashville,12/14/2018 4:20:00 PM,2,0,0,36.125040,-86.772810,I 65,,,,0.00,,,,,,,80.70,N,Not at Intersection, ,Non-Junction,None,,,         ,Ryan,Storm,Rain,Front to Rear,no,no,no,no,yes,False
102246481,METROPOLITAN NASHVILLE POLICE DEPT,20181035509,Davidson,Nashville,12/14/2018 3:24:00 PM,2,1,0,36.233750,-86.728920,JOYCE LN,,,,9.00,Feet,East,GRINSTEAD PL,,,,0.00,N,Not at Intersection,N,Non-Junction,None,,,         ,Amanda,Fox,Rain,Angle,no,no,no,no,no,False
102246486,METROPOLITAN NASHVILLE POLICE DEPT,20181035627,Davidson,Nashville,12/14/2018 3:51:00 PM,2,0,0,36.128600,-86.728270,I 24,,,,0.00,,,,,,,51.30,N,Not at Intersection, ,Non-Junction,None,,,         ,Ciarra,Rench,Rain,Front to Rear,no,no,no,no,no,False
102246487,METROPOLITAN NASHVILLE POLICE DEPT,20181035661,Davidson,Goodlettsville,12/14/2018 4:35:00 PM,2,1,0,36.288150,-86.693240,MYATT DR,,,,147.00,Feet,North,EDENWOLD RD CNCTR,,,,0.00,N,Not at Intersection,N,Non-Junction,None,,,         ,Christopher,Littles,Cloudy,Front to Rear,no,no,no,no,no,False
102246506,METROPOLITAN NASHVILLE POLICE DEPT,20181035497,Davidson,Nashville,12/14/2018 3:17:00 PM,2,2,0,36.152120,-86.772230,LAFAYETTE ST,,,,0.00,,,ASH ST,,,,0.00,Y,Four-Way,N,Intersection,None,,,         ,Steven,Fisher,Rain,Angle,no,no,no,no,no,False
102246515,METROPOLITAN NASHVILLE POLICE DEPT,20181035596,Davidson,Nashville,12/14/2018 4:05:00 PM,2,0,0,36.153050,-86.854610,I 40,,,,0.00,,,,,,,204.15,N,Not at Intersection, ,Non-Junction,None,,,         ,Andrew,McCarron,Rain,"Sideswipe, Same Direction",no,no,no,no,no,False
102246517,METROPOLITAN NASHVILLE POLICE DEPT,20181035563,Davidson,Nashville,12/14/2018 3:44:00 PM,2,0,0,36.128610,-86.816170,I 440,,,,0.00,,,,,,,2.10,N,Not at Intersection, ,Non-Junction,None,,,         ,Robert,Black Jr.,Cloudy,"Sideswipe, Same Direction",no,no,no,no,no,False
102246518,METROPOLITAN NASHVILLE POLICE DEPT,20181035639,Davidson,Nashville,12/14/2018 4:28:00 PM,2,1,0,36.138600,-86.819870,WEST END AV,,,,354.00,Feet,South,ORLEANS DR,,,,0.00,N,Not at Intersection, ,Non-Junction,None,,,         ,Robert,Black Jr.,Cloudy,Front to Rear,no,no,no,no,no,False
102246523,METROPOLITAN NASHVILLE POLICE DEPT,20181035662,Davidson,Nashville,12/14/2018 4:20:00 PM,2,0,0,36.184450,-86.610140,ANDREW JACKSON PKWY,,,,330.00,Feet,North,OLD HICKORY BLVD,,,,0.00,N,Not at Intersection,N,Non-Junction,None,,,         ,Tyler,Hall,Rain,Front to Rear,no,no,no,no,no,False
102246524,METROPOLITAN NASHVILLE POLICE DEPT,20181035626,Davidson,Nashville,12/14/2018 3:37:00 PM,2,0,0,36.103390,-86.869680,HARDING PKE,,,,128.00,Feet,South,POST RD,,,,0.00,N,Not at Intersection, ,Non-Junction,None,,,         ,Mary,Robinson,Clear,Angle,no,no,no,no,no,False
102246531,METROPOLITAN NASHVILLE POLICE DEPT,20181035728,Davidson,Nashville,12/14/2018 5:00:00 PM,2,0,0,36.149170,-86.747080,I 40,,,,0.00,,,,,,,211.80,N,Not at Intersection, ,Non-Junction,None,,,         ,Tony,Mingsing,Clear,"Sideswipe, Same Direction",no,no,no,no,no,False
102246532,METROPOLITAN NASHVILLE POLICE DEPT,20181035550,Davidson,Nashville,12/14/2018 3:41:00 PM,2,1,0,36.166200,-86.834990,DR WALTER S DAVIS BLVD,,,,0.00,,,39TH AVN,,,,0.00,Y,T-Intersection,N,Intersection-Related,None,,,         ,Russell,Jones,Rain,HeadOn,no,no,no,no,no,False
102246542,METROPOLITAN NASHVILLE POLICE DEPT,20181035631,Davidson,Not in City Limit,12/14/2018 4:02:00 PM,1,0,0,36.262540,-86.679170,EAGAN CIR,,,,0.00,Feet,,VANDIVER DR,,,,0.00,Y,OTHER, ,Intersection-Related,None,,,         ,Robert,Fondren,Rain,Not Collision with Motor Vehicle in Transport,no,no,no,no,no,False
102246543,METROPOLITAN NASHVILLE POLICE DEPT,20181035752,Davidson,Nashville,12/14/2018 5:17:00 PM,2,0,0,36.074480,-86.920940,OLD HICKORY BLVD,,,,0.00,,,HIGHWAY 70S,,,,0.00,Y,Four-Way, ,Non-Junction,None,,,         ,Mary,Robinson,Clear,Angle,no,no,no,no,no,False
102246544,METROPOLITAN NASHVILLE POLICE DEPT,20181035739,Davidson,Nashville,12/14/2018 4:40:00 PM,3,0,0,36.134680,-86.723630,US HWY 41,,,,69.00,Feet,East,CONNECTING ROAD,,,,0.00,N,Not at Intersection, ,Non-Junction,None,,,         ,Brady,Reynolds,Clear,Front to Rear,no,no,no,no,no,False
102246551,METROPOLITAN NASHVILLE POLICE DEPT,20181035443,Davidson,Not in City Limit,12/14/2018 2:47:00 PM,1,2,0,36.286370,-86.878960,CLARKSVILLE PKE,,,,675.00,Feet,South,ST LAWRENCE DR,,,,0.00,N,Not at Intersection,N,Non-Junction,None,,,         ,Brian,Woodard,Cloudy,Not Collision with Motor Vehicle in Transport,no,no,no,no,no,False
102246552,METROPOLITAN NASHVILLE POLICE DEPT,20181035819,Davidson,Nashville,12/14/2018 5:19:00 PM,2,0,0,36.124200,-86.740750,I 440,,,,0.00,,,,,,,6.80,N,Not at Intersection, ,Non-Junction,None,,,         ,Jesse,Cox,Cloudy,Angle,no,no,no,no,no,False
102246568,BERRY HILL POLICE DEPT,18-4511,Davidson,Berry Hill,12/14/2018 4:55:00 PM,2,0,0,36.122830,-86.775950,FRANKLIN PKE,,,,100.00,Feet,North,BILOXI AV,,,,0.00,N,Not at Intersection, ,,None,,,         ,James,Haddock,,,no,no,no,no,no,False
102246587,METROPOLITAN NASHVILLE POLICE DEPT,20181035846,Davidson,Nashville,12/14/2018 5:36:00 PM,2,0,0,36.110410,-86.771010,I 65,,,,0.00,,,,,,,79.80,N,Not at Intersection,N,Non-Junction,None,,,         ,Robert,Black Jr.,Cloudy,Front to Rear,no,no,no,no,no,False
102246596,METROPOLITAN NASHVILLE POLICE DEPT,20181035656,Davidson,Goodlettsville,12/14/2018 4:13:00 PM,2,0,0,36.307830,-86.694870,CONFERENCE DR,,,,390.00,Feet,North,VIETNAM VETERANS BLVD SB RAMP,,,,0.00,N,Not at Intersection,N,Non-Junction,None,,,         ,Christopher,Littles,Rain,Front to Rear,no,no,no,no,yes,False
102246597,METROPOLITAN NASHVILLE POLICE DEPT,20181035786,Davidson,Not in City Limit,12/14/2018 5:28:00 PM,3,1,0,36.272350,-86.692130,ANDERSON LN,,,,64.00,Feet,West,SCALF DR,,,,0.00,N,Not at Intersection,N,Non-Junction,None,,,         ,Christopher,Littles,Cloudy,Front to Rear,no,no,no,no,yes,False
102246603,METROPOLITAN NASHVILLE POLICE DEPT,20181035795,Davidson,Not in City Limit,12/14/2018 5:35:00 PM,2,0,0,36.260410,-86.712850,GALLATIN PKES,,,,18.00,Feet,North,HICKORY ST,,,,0.00,N,Not at Intersection,N,Non-Junction,None,,,         ,Harold,Willmore IV,Rain,Front to Rear,no,no,no,no,yes,False
102246604,METROPOLITAN NASHVILLE POLICE DEPT,20181035751,Davidson,Not in City Limit,12/14/2018 4:46:00 PM,4,0,0,36.320650,-86.849240,I 24,,,,0.00,,,,,,,36.05,N,Not at Intersection,N,Non-Junction,None,,,         ,Andrey,Volfson,Clear,Front to Rear,no,no,no,no,no,False
102246621,GOODLETTSVILLE POLICE DEPT,18-44052,Davidson,Goodlettsville,12/14/2018 4:57:00 PM,2,0,0,36.305910,-86.693820,CONFERENCE DR,,,,0.00,,,RIVERGATE MALL PVTDR,,,,0.00,Y,T-Intersection, ,Intersection-Related,None,,,         ,William,Hunter,Cloudy,Angle,no,no,no,no,no,False
102246628,METROPOLITAN NASHVILLE POLICE DEPT,20181035982,Davidson,Not in City Limit,12/14/2018 5:39:00 PM,2,0,0,36.271720,-86.689610,MYATT DR,,,,144.00,Feet,South,ANDERSON LN,,,,0.00,N,Not at Intersection,N,Non-Junction,None,,,         ,Christopher,Littles,Rain,Angle,no,no,no,no,yes,False