master_record_number,agency,agency_tracking_number,county,city,collision_date,vehicles_involved,number_injured,number_dead,latitude,longitude,roadway_name,roadway_suffix,roadway_number,roadway_local_id,distance_from_reference,miles-feet_indicator,direction_from_reference,intersection_road_name,intersection_road_name_suffix,intersection_road_number,intersection_local_id,mile_marker,intersection_indicator,intersect_type,interchange_related_indicator,relation_to_junction,work_zone_type,construction_maintenance_zone,construction_maintenance_zone_location,fatal_case_number,officer_first_name,officer_last_name,weather_condition(s),manner_of_crash,pedestrian,bicycle,scooter,parking,hitrun,mou
102246629,METROPOLITAN NASHVILLE POLICE DEPT,20181035799,Davidson,Nashville,12/14/2018 5:24:00 PM,2,0,0,36.200940,-86.776500,I 65,,,,0.00,,,,,,,86.95,N,Not at Intersection,N,Non-Junction,None,,,         ,Wade,Johnson,Rain,Front to Rear,no,no,no,no,yes,False
102246639,METROPOLITAN NASHVILLE POLICE DEPT,20181035831,Davidson,Nashville,12/14/2018 5:24:00 PM,2,0,0,36.161240,-86.780800,COMMERCE ST,,,,69.00,Feet,West,6TH AVN,,,,0.00,N,Not at Intersection, ,,None,,,         ,Roy,Sain Jr.,,,no,no,no,no,no,False
102246641,METROPOLITAN NASHVILLE POLICE DEPT,20181035880,Davidson,Nashville,12/14/2018 6:14:00 PM,2,0,0,36.167230,-86.759700,S 6TH ST,,,,0.00,Feet,West,SYLVAN ST,,,,0.00,N,Not at Intersection, ,Non-Junction,None,,,         ,Michael,Fitch,Cloudy,Angle,no,no,no,no,no,False
102246642,METROPOLITAN NASHVILLE POLICE DEPT,20181035872,Davidson,Not in City Limit,12/14/2018 6:10:00 PM,2,0,0,36.338000,-86.914680,I 24,,,,0.00,,,,,,,32.10,N,Not at Intersection,N,Non-Junction,None,,,         ,Brian,Woodard,Cloudy,Front to Rear,no,no,no,no,no,False
102246652,METROPOLITAN NASHVILLE POLICE DEPT,20181035975,Davidson,Nashville,12/14/2018 6:10:00 PM,2,0,0,36.188470,-86.798360,ROSA L PARKS BLVD,,,,0.00,,,,,,,0.00,,Not at Intersection,N,"Driveway, Alley Access, etc",None,,,         ,Timothy,Skopek,Cloudy,Other,no,no,no,yes,no,False
102246654,METROPOLITAN NASHVILLE POLICE DEPT,20181035869,Davidson,Goodlettsville,12/14/2018 5:29:00 PM,2,0,0,36.288050,-86.725400,I 65,,,,0.00,,,,,,,94.00,N,Not at Intersection, ,Non-Junction,None,,,         ,Bradley,Fort,Cloudy,Front to Rear,no,no,no,no,no,False
102246657,METROPOLITAN NASHVILLE POLICE DEPT,20181035873,Davidson,Nashville,12/14/2018 4:58:00 PM,2,0,0,36.045440,-86.703840,OLD HICKORY BLVD,,,,69.00,Feet,West,EULALA DR,,,,0.00,N,Not at Intersection,N,Non-Junction,None,,,         ,Wesley,Carver,Rain,Angle,no,no,no,no,no,False
102246659,METROPOLITAN NASHVILLE POLICE DEPT,20181035957,Davidson,Nashville,12/14/2018 6:22:00 PM,2,0,0,36.148480,-86.816260,31ST AVN,,,,0.00,,,PARTHENON AV,,,,0.00,Y,T-Intersection, ,Intersection,None,,,         ,Robert,Black Jr.,Cloudy,Angle,no,no,no,no,no,False
102246666,THP District 9 - Administrative,318081967,Davidson,Not in City Limit,12/14/2018 5:58:00 PM,3,0,0,36.324670,-86.870450,I 24,,,,0.00,,,,,,,34.80,N,Not at Intersection, ,Non-Junction,None,,,         ,Julio,Lassalle,Cloudy,Front to Rear,no,no,no,no,no,False
102246675,METROPOLITAN NASHVILLE POLICE DEPT,20181035452,Davidson,Nashville,12/14/2018 2:22:00 PM,2,1,0,36.185300,-86.636500,JACKSON DOWNS BLVD,,,,0.00,,,LEBANON PKE,,,,0.00,Y,T-Intersection,N,Intersection-Related,None,,,         ,Jessica,Johann,Rain,Angle,no,no,no,no,no,False
102246695,GOODLETTSVILLE POLICE DEPT,18-44066,Davidson,Goodlettsville,12/14/2018 6:00:00 PM,2,0,0,36.314060,-86.714090,S MAIN ST,,,,382.00,Feet,South,RIVERGATE PKWY,,,,0.00,N,Not at Intersection,N,Non-Junction,None,,,         ,Matt,Shoesmith,Rain,Front to Rear,no,no,no,no,yes,False
102246704,METROPOLITAN NASHVILLE POLICE DEPT,20181035860,Davidson,Nashville,12/14/2018 6:09:00 PM,2,1,0,36.134280,-86.779090,WEDGEWOOD AV,,,,0.00,,,8TH AVS,,,,0.00,Y,Four-Way,N,Non-Junction,None,,,         ,Brandon,Harbaugh,Clear,Rear to Side,no,no,no,no,no,False
102246728,METROPOLITAN NASHVILLE POLICE DEPT,20181035705,Davidson,Nashville,12/14/2018 4:57:00 PM,3,3,0,36.076140,-86.640240,MURFREESBORO PKE,,,,511.00,Feet,South,LAKEVILLA DR,,,,0.00,N,Not at Intersection,Y,Non-Junction,None,,,         ,Jonathan,Watch,Clear,Front to Rear,no,no,no,no,no,False
102246729,METROPOLITAN NASHVILLE POLICE DEPT,20181035983,Davidson,Nashville,12/14/2018 6:00:00 PM,2,0,0,36.150560,-86.749300,I 40,,,,0.00,,,,,,,211.65,N,Not at Intersection, ,Non-Junction,None,,,         ,Allyson,Reis,Rain,"Sideswipe, Same Direction",no,no,no,no,no,False
102246748,METROPOLITAN NASHVILLE POLICE DEPT,20181036159,Davidson,Nashville,12/14/2018 7:50:00 PM,2,0,0,36.111000,-86.746410,THOMPSON LN,,,,150.00,Feet,West,ELIZABETH ST,,,,0.00,N,Not at Intersection, ,Non-Junction,None,,,         ,Robert,Black Jr.,Rain,Front to Rear,no,no,no,no,no,False
102246749,METROPOLITAN NASHVILLE POLICE DEPT,20181035997,Davidson,Nashville,12/14/2018 7:13:00 PM,2,0,0,36.146970,-86.808360,25TH AVS,,,,0.00,,,WEST END AV,,,,0.00,Y,T-Intersection, ,Intersection,None,,,         ,Gary,Peters,Clear,Angle,no,no,no,no,no,Campus
102246759,METROPOLITAN NASHVILLE POLICE DEPT,20181035667,Davidson,Nashville,12/14/2018 4:32:00 PM,2,1,0,36.131960,-86.726880,I24E,,,,609.00,Feet,North,I24 W EXT RAMP,,,,0.00,N,Not at Intersection,N,Non-Junction,None,,,         ,Mary,Williams,Clear,Front to Rear,no,no,no,no,no,False
102246795,METROPOLITAN NASHVILLE POLICE DEPT,20181035514,Davidson,Nashville,12/14/2018 2:49:00 PM,2,0,0,36.158410,-86.790610,CHURCH ST,,,,0.00,,,GEORGE L DAVIS BLVD,,,,0.00,Y,Four-Way, ,Intersection,None,,,         ,Michael,Douglas,Cloudy,"Sideswipe, Same Direction",no,no,no,no,no,False
102246801,METROPOLITAN NASHVILLE POLICE DEPT,20181036021,Davidson,Nashville,12/14/2018 5:46:00 PM,2,2,0,36.110940,-86.745220,THOMPSON LN,,,,0.00,,,NOLENSVILLE PKE,,,,0.00,Y,Four-Way,N,Intersection,None,,,         ,Andrew,Brazee,Clear,Angle,no,no,no,no,yes,False
102246802,METROPOLITAN NASHVILLE POLICE DEPT,20181036063,Davidson,Nashville,12/14/2018 5:47:00 PM,2,1,0,36.110780,-86.742900,THOMPSON LN,,,,18.00,Feet,East,FOSTER AV,,,,0.00,N,Not at Intersection,N,Non-Junction,None,,,         ,Andrew,Brazee,Clear,Front to Rear,no,no,no,no,yes,False
102246803,METROPOLITAN NASHVILLE POLICE DEPT,20181036024,Davidson,Nashville,12/14/2018 7:40:00 PM,1,1,0,36.167650,-86.644540,MTMHI PVTDR,,,,0.00,,,,,,,0.00,,,N,Non-Junction,None,,,         ,Allyson,Reis,Clear,Not Collision with Motor Vehicle in Transport,yes,no,no,yes,no,False
102246808,METROPOLITAN NASHVILLE POLICE DEPT,20181035976,Davidson,Nashville,12/14/2018 7:10:00 PM,2,0,0,36.174930,-86.756630,WOODLAND ST,,,,0.00,,,S 9TH ST,,,,0.00,Y,Four-Way,Y,Intersection,None,,,         ,Trevor,Jones,Clear,"Sideswipe, Opposite Direction",no,no,no,no,yes,False
102246809,METROPOLITAN NASHVILLE POLICE DEPT,20181035907,Davidson,Nashville,12/14/2018 3:30:00 PM,2,0,0,36.119910,-86.766310,I 440,,,,0.00,,,,,,,5.40,N,Not at Intersection,N,Non-Junction,None,,,         ,Jed,Baldoni,Rain,Front to Rear,no,no,no,no,no,False
102246813,METROPOLITAN NASHVILLE POLICE DEPT,20181036250,Davidson,Nashville,12/14/2018 9:22:00 PM,1,0,0,36.164580,-86.615240,I 40,,,,0.00,,,,,,,220.00,N,Not at Intersection,N,Non-Junction,None,,,         ,Tony,Mingsing,Rain,Not Collision with Motor Vehicle in Transport,no,no,no,no,no,False
102246814,METROPOLITAN NASHVILLE POLICE DEPT,20181035950,Davidson,Nashville,12/14/2018 6:48:00 PM,1,0,0,36.148270,-86.760790,LAFAYETTE ST,,,,113.00,Feet,West,LINCOLN ST,,,,0.00,N,Not at Intersection, ,Non-Junction,None,,,         ,Brandon,O'Guin,Cloudy,Not Collision with Motor Vehicle in Transport,yes,no,no,no,no,False
102246816,METROPOLITAN NASHVILLE POLICE DEPT,20181035879,Davidson,Nashville,12/14/2018 6:17:00 PM,4,0,0,36.181730,-86.799670,I 65,,,,0.00,,,,,,,85.10,N,Not at Intersection, ,Non-Junction,None,,,         ,Russell,Jones,Cloudy,Front to Rear,no,no,no,no,no,False
102246832,METROPOLITAN NASHVILLE POLICE DEPT,20181036303,Davidson,Nashville,12/14/2018 10:00:00 PM,2,0,0,36.068250,-86.688440,I 24,,,,0.00,,,,,,,57.10,N,Not at Intersection,N,Non-Junction,None,,,         ,Richard,Olive,Rain,Front to Rear,no,no,no,no,no,False
102246841,METROPOLITAN NASHVILLE POLICE DEPT,20181036222,Davidson,Nashville,12/14/2018 9:09:00 PM,2,0,0,36.236540,-86.758050,I65 N ENT RAMP,,,,0.00,,,I 65,,,,0.00,Y,OTHER,Y,Entrance/Exit Ramp Related,None,,,         ,Trevor,Jones,Rain,Angle,no,no,no,no,no,False
102246842,METROPOLITAN NASHVILLE POLICE DEPT,20181036311,Davidson,Not in City Limit,12/14/2018 10:07:00 PM,2,3,0,36.012380,-86.703610,NOLENSVILLE PKE,,,,0.00,,,HOLT RD,,,,0.00,Y,T-Intersection,Y,Intersection,None,,,         ,Randall,Ward,Rain,HeadOn,no,no,no,no,no,False
102246845,METROPOLITAN NASHVILLE POLICE DEPT,20181036302,Davidson,Nashville,12/14/2018 10:00:00 PM,1,1,0,36.157910,-86.790780,I 40,,,,0.00,,,,,,,209.00,N,Not at Intersection,N,Non-Junction,None,,,         ,Joseph,Bingham,Rain,Not Collision with Motor Vehicle in Transport,no,no,no,no,no,False
102246866,METROPOLITAN NASHVILLE POLICE DEPT,20181035748,Davidson,Nashville,12/14/2018 5:05:00 PM,3,1,0,36.131110,-86.781050,SOUTH DOUGLAS AV,,,,0.00,,,ELLIOTT AV,,,,0.00,Y,Four-Way,N,Intersection,None,,,         ,John,Roberson,Rain,Angle,no,no,no,no,no,False
102246867,METROPOLITAN NASHVILLE POLICE DEPT,20181035922,Davidson,Nashville,12/14/2018 6:22:00 PM,2,0,0,36.110640,-86.767050,POWELL AV,,,,120.00,Feet,South,OLD POWELL AV,,,,0.00,N,Not at Intersection,N,"Driveway, Alley Access, etc",None,,,         ,John,Roberson,Rain,Angle,no,no,no,no,no,False
102246884,METROPOLITAN NASHVILLE POLICE DEPT,20181036240,Davidson,Antioch,12/14/2018 7:46:00 PM,2,0,0,36.047840,-86.612050,MURFREESBORO PKE,,,,1082.00,Feet,South,PIN HOOK RD,,,,0.00,N,Not at Intersection, ,Non-Junction,None,,,         ,Wesley,Carver,Rain,Angle,no,no,no,no,no,False
102246885,METROPOLITAN NASHVILLE POLICE DEPT,20181036149,Davidson,Nashville,12/14/2018 7:26:00 PM,2,0,0,36.118720,-86.755810,EUGENIA AV,,,,75.00,Feet,South,MELROSE AV,,,,0.00,N,Not at Intersection,N,Non-Junction,None,,,         ,Ryan,Storm,Rain,Front to Rear,no,no,no,no,no,False
102246886,METROPOLITAN NASHVILLE POLICE DEPT,20181036351,Davidson,Nashville,12/14/2018 9:12:00 PM,2,1,0,36.110430,-86.783210,WOODMONT BLVD,,,,131.00,Feet,East,GENERAL BATE DR,,,,0.00,N,Not at Intersection,Y,"Driveway, Alley Access, etc",None,,,         ,Randall,Atkinson,Rain,Front to Rear,no,no,no,no,no,False
102246887,METROPOLITAN NASHVILLE POLICE DEPT,20181036400,Davidson,Nashville,12/14/2018 11:20:00 PM,2,0,0,36.171980,-86.764850,S 5TH ST,,,,56.00,Feet,North,WOODLAND ST,,,,0.00,N,Not at Intersection, ,Non-Junction,None,,,         ,Joshua,Whitworth,Rain,Front to Rear,no,no,no,no,no,False
102246917,METROPOLITAN NASHVILLE POLICE DEPT,20181036353,Davidson,Nashville,12/14/2018 5:05:00 PM,2,0,0,36.191730,-86.624820,LEBANON PKE,,,,0.00,Feet,East,BONNABROOK DR,,,,0.00,N,Not at Intersection, ,Non-Junction,None,,,         ,Lynsie,Smith,Rain,"Sideswipe, Same Direction",no,no,no,no,no,False
102246923,METROPOLITAN NASHVILLE POLICE DEPT,20181036394,Davidson,Nashville,12/14/2018 11:00:00 PM,2,0,0,36.155550,-86.786810,12TH AVS,,,,0.00,,,MCGAVOCK ST,,,,0.00,Y,Four-Way, ,Intersection,None,,,         ,William,Erickson,Cloudy,Angle,no,no,no,no,no,False
102246938,METROPOLITAN NASHVILLE POLICE DEPT,20181036377,Davidson,Goodlettsville,12/14/2018 11:00:00 PM,3,0,0,36.302750,-86.691850,RIVERGATE MARKETPLACE PVTDR,,,,0.00,,,GALLATIN PKEN,,,,0.00,Y,Four-Way,N,Intersection-Related,None,,,         ,Goran,Manojlovic,Rain,Front to Rear,no,no,no,no,no,False
102246940,METROPOLITAN NASHVILLE POLICE DEPT,20181036363,Davidson,Nashville,12/14/2018 10:45:00 PM,2,0,0,36.150150,-86.857950,WHITE BRIDGE PKE,,,,0.00,,,CHARLOTTE PKE,,,,0.00,Y,Four-Way,N,Intersection,None,,,         ,Michael,Griggs,Rain,Angle,no,no,no,no,no,False
102246941,METROPOLITAN NASHVILLE POLICE DEPT,2018-1036367,Davidson,Nashville,12/14/2018 10:55:00 PM,2,0,0,36.152620,-86.634070,I 40,,,,0.00,,,,,,,218.60,N,Not at Intersection, ,,None,,,         ,Joshua,McGarvey,,,no,no,no,no,no,False
102246951,METROPOLITAN NASHVILLE POLICE DEPT,20181036359,Davidson,Nashville,12/14/2018 12:00:00 AM,2,0,0,36.074370,-86.693020,I 24,,,,0.00,,,,,,,56.60,N,Not at Intersection,N,Non-Junction,None,,,         ,Sandra,Fly,Rain,"Sideswipe, Same Direction",no,no,no,no,no,False
102246953,METROPOLITAN NASHVILLE POLICE DEPT,20181036338,Davidson,Nashville,12/14/2018 10:36:00 PM,2,0,0,36.191020,-86.798950,VANTAGE WAY CT,,,,0.00,,,VANTAGE WAY,,,,0.00,Y,Four-Way,N,Intersection-Related,None,,,         ,Corey,Oakley,Rain,Angle,no,no,no,no,no,False
102246964,METROPOLITAN NASHVILLE POLICE DEPT,20181036422,Davidson,Nashville,12/14/2018 10:58:00 PM,3,0,0,36.152820,-86.796370,WEST END AV,,,,130.00,Feet,West,18TH AVS,,,,0.00,N,Not at Intersection,N,Non-Junction,None,,,         ,Brian,Warstadt,Rain,Front to Rear,no,no,no,no,yes,False
102246981,METROPOLITAN NASHVILLE POLICE DEPT,20181036359,Davidson,Nashville,12/14/2018 10:50:00 PM,3,2,0,36.071720,-86.691380,I 24,,,,0.00,,,,,,,56.80,N,Not at Intersection,N,Non-Junction,None,,,         ,Kaleb,Stella,Rain,Front to Rear,no,no,no,no,no,False
102247001,METROPOLITAN NASHVILLE POLICE DEPT,20181036467,Davidson,Not in City Limit,12/14/2018 11:58:00 PM,2,0,0,36.081700,-86.957110,HIGHWAY 70S,,,,0.00,Feet,,I40 W EXT RAMP,,,,0.00,Y,Four-Way,N,Intersection-Related,None,,,         ,Kevin,McGinniss,Cloudy,"Sideswipe, Same Direction",no,no,no,no,yes,False
102247004,METROPOLITAN NASHVILLE POLICE DEPT,20181036398,Davidson,Nashville,12/14/2018 4:20:00 PM,2,0,0,36.063100,-86.704800,FAIRLANE DR,,,,150.00,Feet,North,PACKARD DR,,,,0.00,N,Not at Intersection, ,Non-Junction,None,,,         ,Antoine,Maghamez,Rain,Front to Rear,no,no,no,no,no,False
102247012,METROPOLITAN NASHVILLE POLICE DEPT,20181036444,Davidson,Nashville,12/14/2018 9:30:00 PM,2,0,0,36.151760,-86.768630,2ND AVS,,,,0.00,,,I40 W EXT RAMP,,,,0.00,Y,Four-Way, ,Intersection,None,,,         ,Zachary,Lang,Rain,"Sideswipe, Same Direction",no,no,no,no,no,False
102247014,METROPOLITAN NASHVILLE POLICE DEPT,20181036427,Davidson,Nashville,12/14/2018 11:28:00 PM,2,1,0,36.176910,-86.774580,SPRING ST,,,,0.00,,,N 1ST ST,,,,0.00,Y,Four-Way,N,Intersection,None,,,         ,Kelcey,Bell,Clear,Angle,no,no,no,no,yes,False
102247023,METROPOLITAN NASHVILLE POLICE DEPT,20181036359,Davidson,Nashville,12/15/2018 12:08:00 AM,3,0,0,36.071770,-86.691140,I 24,,,,0.00,,,,,,,56.80,N,Not at Intersection,N,Non-Junction,None,,,         ,Daryn,Yentes,Rain,Front to Rear,no,no,no,no,no,False
102247025,METROPOLITAN NASHVILLE POLICE DEPT,20181036765,Davidson,Nashville,12/15/2018 2:46:00 AM,2,0,0,36.127570,-86.843880,WOODLAWN DR,,,,0.00,,,HARDING PKE,,,,0.00,Y,Four-Way, ,Intersection-Related,None,,,         ,Matthew,Jankiewicz,Rain,Rear to Side,no,no,no,no,no,False
102247027,METROPOLITAN NASHVILLE POLICE DEPT,20181036814,Davidson,Nashville,12/15/2018 3:20:00 AM,2,0,0,36.168560,-86.766170,I 24,,,,0.00,,,,,,,48.80,N,Not at Intersection, ,Non-Junction,None,,,         ,Joshua,Whitworth,Rain,Front to Rear,no,no,no,no,yes,False
102247031,METROPOLITAN NASHVILLE POLICE DEPT,20181036485,Davidson,Nashville,12/14/2018 9:43:00 PM,2,0,0,36.187440,-86.608190,ANDREW JACKSON PKWY,,,,220.00,Feet,South,ANDREW JACKSON WAY,,,,0.00,N,Not at Intersection,N,Non-Junction,None,,,         ,Patrick,Lancaster,Rain,"Sideswipe, Same Direction",no,no,no,no,yes,False
102247034,METROPOLITAN NASHVILLE POLICE DEPT,2018-1036445,Davidson,Nashville,12/14/2018 12:00:00 AM,2,0,0,36.124240,-86.806330,HILLSBORO PKE,,,,0.00,,,I440 W ENT RAMP,,,,0.00,Y,OTHER,N,Intersection,None,,,         ,Frank,Walker,Clear,"Sideswipe, Same Direction",no,no,no,no,no,False
102247038,METROPOLITAN NASHVILLE POLICE DEPT,20181036775,Davidson,Nashville,12/15/2018 2:49:00 AM,2,0,0,36.155570,-86.797490,HUBBS ALY,,,,0.00,,,,,,,0.00,,Not at Intersection,N,OtherLocation,None,,,         ,Eric,Westbrook,Rain,Angle,no,no,no,yes,no,False
102247040,METROPOLITAN NASHVILLE POLICE DEPT,20181036767,Davidson,Nashville,12/15/2018 12:00:00 AM,1,1,0,36.192530,-86.776720,I 65,,,,0.00,,,,,,,86.50,N,Not at Intersection,N,Non-Junction,None,,,         ,Joseph,Gawlowski,Rain,Not Collision with Motor Vehicle in Transport,no,no,no,no,no,False
102247041,METROPOLITAN NASHVILLE POLICE DEPT,20181036759,Davidson,Not in City Limit,12/15/2018 1:05:00 AM,2,0,0,36.266500,-86.722800,HERITAGE TRACE DR,,,,165.00,Feet,South,PLYMOUTH ROCK CT,,,,0.00,N,Not at Intersection,N,Non-Junction,None,,,         ,Ryan,Ludvigson,Rain,HeadOn,no,no,no,no,no,False
102247045,METROPOLITAN NASHVILLE POLICE DEPT,20181036887,Davidson,Nashville,12/15/2018 4:44:00 AM,1,0,0,36.195740,-86.721280,PORTER RD,,,,202.00,Feet,East,SHERWOOD LN,,,,0.00,N,Not at Intersection,N,Non-Junction,None,,,         ,Ryan,Worstall,Clear,Not Collision with Motor Vehicle in Transport,no,no,no,no,no,False
102247046,METROPOLITAN NASHVILLE POLICE DEPT,20181036522,Davidson,Nashville,12/15/2018 12:38:00 AM,2,1,0,36.060600,-86.640020,BELL RD,,,,0.00,,,HICKORY HIGHLANDS DR,,,,0.00,Y,T-Intersection,N,Intersection-Related,None,,,         ,Sandra,Fly,Cloudy,Other,no,no,no,no,no,False
102247097,METROPOLITAN NASHVILLE POLICE DEPT,20181036928,Davidson,Nashville,12/15/2018 5:10:00 AM,1,1,0,36.089180,-86.615180,SMITH SPRINGS RD,,,,100.00,Feet,West,CASTLEGATE DR,,,,0.00,N,Not at Intersection,N,Non-Junction,None,,,         ,Bradley,Pope,Rain,Not Collision with Motor Vehicle in Transport,no,no,no,no,no,False
102247120,METROPOLITAN NASHVILLE POLICE DEPT,20181036969,Davidson,Nashville,12/15/2018 3:09:00 AM,2,0,0,36.040450,-86.650880,I 24,,,,0.00,,,,,,,60.00,N,Not at Intersection, ,Non-Junction,Construction Zone,,,         ,Kaleb,Stella,Clear,"Sideswipe, Same Direction",no,no,no,no,no,False
102247127,METROPOLITAN NASHVILLE POLICE DEPT,20181036825,Davidson,Nashville,12/15/2018 3:23:00 AM,1,0,0,36.146010,-86.767370,4TH AVS,,,,218.00,Feet,South,MILDRED SHUTE AV,,,,0.00,N,Not at Intersection,N,Non-Junction,None,,,         ,Carey,Steel,Clear,Not Collision with Motor Vehicle in Transport,no,no,no,no,yes,False
102247130,METROPOLITAN NASHVILLE POLICE DEPT,20181037008,Davidson,Nashville,12/15/2018 5:55:00 AM,1,1,0,36.025760,-86.663130,PRESTON RD,,,,523.00,Feet,East,PETTUS RD,,,,0.00,N,Not at Intersection,N,Non-Junction,None,,,         ,Antoine,Maghamez,Cloudy,Not Collision with Motor Vehicle in Transport,no,no,no,no,no,False
102247140,METROPOLITAN NASHVILLE POLICE DEPT,20181037111,Davidson,Nashville,12/15/2018 7:45:00 AM,1,0,0,36.043050,-86.691200,BELL RD,,,,697.00,Feet,East,BROOK VIEW ESTATES DR,,,,0.00,N,Not at Intersection, ,Non-Junction,None,,,         ,Brandon,Evans,Cloudy,Not Collision with Motor Vehicle in Transport,no,no,no,no,no,False
102247160,THP District 3 - Nashville,318081333,Davidson,Nashville,12/11/2018 5:45:00 PM,2,0,0,36.216840,-86.583180,LEBANON RD,,,,0.00,Feet,,MATTERHORN DR,,,,0.00,Y,T-Intersection, ,Non-Junction,None,,,         ,Keith DISABLED,Garrett DISABLED,Clear,Angle,no,no,no,no,no,False
102247161,METROPOLITAN NASHVILLE POLICE DEPT,20181037032,Davidson,Nashville,12/15/2018 6:42:00 AM,2,2,0,36.139510,-86.700310,KAREN DR,,,,0.00,,,BRILEY PKWY,,,,0.00,Y,Four-Way,N,Intersection,None,,,         ,MIchael,Mihajlov,Clear,Front to Rear,no,no,no,no,yes,False
102247170,METROPOLITAN NASHVILLE POLICE DEPT,20181037066,Davidson,Nashville,12/15/2018 7:13:00 AM,1,1,0,36.040740,-86.782730,I65 S EXT RAMP,,,,0.00,Feet,East,I 65,,,,0.00,N,Not at Intersection,N,Entrance/Exit Ramp Related,None,,,         ,Phillip,Murphy,Clear,Not Collision with Motor Vehicle in Transport,no,no,no,no,no,False
102247172,GOODLETTSVILLE POLICE DEPT,18-44049,Davidson,Goodlettsville,12/14/2018 4:10:00 PM,1,0,0,36.304170,-86.724580,OLD DICKERSON PKE,,,,351.00,Feet,East,HIGHLAND HEIGHTS DR,,,,0.00,N,Not at Intersection,N,Non-Junction,None,,,         ,George,Forbes,Cloudy,Not Collision with Motor Vehicle in Transport,no,no,no,no,no,False
102247216,METROPOLITAN NASHVILLE POLICE DEPT,20181037141,Davidson,Nashville,12/15/2018 2:00:00 AM,1,0,0,36.068180,-86.705670,HAYWOOD LN,,,,536.00,Feet,East,CHAMBERS DR,,,,0.00,N,Not at Intersection,Y,Non-Junction,None,,,         ,Edward,Starke,Clear,Not Collision with Motor Vehicle in Transport,no,no,no,no,yes,False
102247221,METROPOLITAN NASHVILLE POLICE DEPT,20181037212,Davidson,Nashville,12/15/2018 3:33:00 AM,2,0,0,36.106020,-86.678500,DELL PKWY,,,,926.00,Feet,South,MURFREESBORO PKE,,,,0.00,N,Not at Intersection,N,OtherLocation,None,,,         ,John,Nicholson,Rain,Angle,no,no,no,yes,yes,False
102247224,METROPOLITAN NASHVILLE POLICE DEPT,20181037206,Davidson,Nashville,12/15/2018 8:20:00 AM,2,0,0,36.190540,-86.817580,26TH AVN,,,,188.00,Feet,West,25TH AVN,,,,0.00,N,Not at Intersection,N,Non-Junction,None,,,         ,Brian,Mclarty,Clear,Angle,no,no,no,no,yes,False
102247249,METROPOLITAN NASHVILLE POLICE DEPT,20181037338,Davidson,Nashville,12/15/2018 9:57:00 AM,2,0,0,36.045080,-86.659360,BELL RD,,,,128.00,Feet,East,I24 E ENT RAMP,,,,0.00,N,Not at Intersection, ,Non-Junction,None,,,         ,Jason,Hees,Cloudy,Front to Rear,no,no,no,no,no,False
102247259,METROPOLITAN NASHVILLE POLICE DEPT,20181037333,Davidson,Nashville,12/15/2018 4:00:00 AM,1,0,0,36.162910,-86.806400,HERMAN ST,,,,488.00,Feet,West,19TH AVN,,,,0.00,N,Not at Intersection, ,Non-Junction,None,,,         ,Jonathon,Sheppard,Clear,Not Collision with Motor Vehicle in Transport,no,no,no,no,yes,False
102247261,METROPOLITAN NASHVILLE POLICE DEPT,20181037291,Davidson,Nashville,12/15/2018 9:53:00 AM,2,0,0,36.153900,-86.625640,STEWARTS FERRY PKE,,,,0.00,,,PERCY PRIEST DR,,,,0.00,Y,T-Intersection, ,Intersection,None,,,         ,MIchael,Mihajlov,Clear,Angle,no,no,no,no,no,False
102247278,METROPOLITAN NASHVILLE POLICE DEPT,20181037336,Davidson,Nashville,12/14/2018 11:54:00 PM,2,0,0,36.041490,-86.710980,MILL CREEK WHITTEMORE GRNWY,,,,136.00,Feet,East,CEDARHILL CT,,,,0.00,N,Not at Intersection, ,Non-Junction,None,,,         ,Edward,Starke,Clear,Angle,no,no,no,yes,no,False
102247297,METROPOLITAN NASHVILLE POLICE DEPT,20181037406,Davidson,Nashville,12/15/2018 11:12:00 AM,2,0,0,36.153630,-86.785460,LAUREL ST,,,,28.00,Feet,East,12TH AVS,,,,0.00,N,Not at Intersection, ,Non-Junction,None,,,         ,Kyle,Eicholtz,Clear,Angle,no,no,no,no,no,False
102247309,METROPOLITAN NASHVILLE POLICE DEPT,20181037180,Davidson,Nashville,12/15/2018 8:22:00 AM,2,0,0,36.172100,-86.801010,I 40,,,,0.00,,,,,,,207.80,N,Not at Intersection, ,Non-Junction,None,,,         ,James,Wray,Clear,"Sideswipe, Same Direction",no,no,no,no,no,False
102247350,BELLE MEADE POLICE DEPT,18-0348,Davidson,Belle Meade,12/14/2018 4:17:00 PM,2,0,0,36.122310,-86.851320,LYNNWOOD BLVD,,,,0.00,,,HILLWOOD BLVD,,,,0.00,Y,Four-Way, ,Intersection,None,,,         ,Katelyn,Cloxton,Cloudy,Front to Rear,no,no,no,no,no,False
102247367,METROPOLITAN NASHVILLE POLICE DEPT,20181037332,Davidson,Nashville,12/15/2018 10:21:00 AM,2,2,0,36.150650,-86.770470,4TH AVS,,,,73.00,Feet,North,I40 E EXT RAMP,,,,0.00,N,Not at Intersection,Y,Non-Junction,None,,,         ,Nopel,Stella,Clear,Other,no,no,no,no,no,False