master_record_number,agency,agency_tracking_number,county,city,collision_date,vehicles_involved,number_injured,number_dead,latitude,longitude,roadway_name,roadway_suffix,roadway_number,roadway_local_id,distance_from_reference,miles-feet_indicator,direction_from_reference,intersection_road_name,intersection_road_name_suffix,intersection_road_number,intersection_local_id,mile_marker,intersection_indicator,intersect_type,interchange_related_indicator,relation_to_junction,work_zone_type,construction_maintenance_zone,construction_maintenance_zone_location,fatal_case_number,officer_first_name,officer_last_name,weather_condition(s),manner_of_crash,pedestrian,bicycle,scooter,parking,hitrun,mou
102248180,METROPOLITAN NASHVILLE POLICE DEPT,20181039418,Davidson,Nashville,12/16/2018 1:30:00 AM,2,0,0,36.035680,-86.682530,W OAK HIGHLAND DR,,,,116.00,Feet,East,SYRAH LN,,,,0.00,N,Not at Intersection,N,Non-Junction,None,,,         ,Brandon,Vance,Clear,"Sideswipe, Opposite Direction",no,no,no,no,yes,False
102248184,METROPOLITAN NASHVILLE POLICE DEPT,20181039502,Davidson,Nashville,12/16/2018 12:00:00 AM,1,0,0,36.059720,-86.670990,UNA ANTIOCH PKE,,,,0.00,,,ANTIOCH PKE,,,,0.00,Y,T-Intersection,N,Non-Junction,None,,,         ,Jason,Kedzierski,Unknown,Unknown,no,no,no,no,yes,False
102248242,METROPOLITAN NASHVILLE POLICE DEPT,2018-1039531,Davidson,Nashville,12/16/2018 10:14:00 AM,2,0,0,36.075940,-86.655570,DOVER GLEN DR,,,,199.00,Feet,North,SPLIT OAK TRL,,,,0.00,N,Not at Intersection,N,Non-Junction,None,,,         ,Stanley,Collins,Clear,Front to Rear,no,no,no,no,yes,False
102248244,METROPOLITAN NASHVILLE POLICE DEPT,20181039508,Davidson,Nashville,12/16/2018 10:20:00 AM,2,0,0,36.207020,-86.791600,W TRINITY LN,,,,0.00,,,WHITES CREEK PKE,,,,0.00,Y,Four-Way,N,Non-Junction,None,,,         ,James,Wray,Clear,Angle,no,no,no,no,no,False
102248277,METROPOLITAN NASHVILLE POLICE DEPT,20181039553,Davidson,Old Hickory,12/16/2018 10:47:00 AM,1,1,0,36.257910,-86.656850,MARTINGALE DR,,,,0.00,Feet,East,ROBINSON RD,,,,0.00,N,Not at Intersection,N,Non-Junction,None,,,         ,John,Frazier,Clear,Not Collision with Motor Vehicle in Transport,no,no,no,no,no,False
102248281,METROPOLITAN NASHVILLE POLICE DEPT,20181039628,Davidson,Nashville,12/16/2018 10:37:00 AM,2,0,0,36.044810,-86.662310,BELL RD,,,,232.00,Feet,West,CANE RIDGE RD,,,,0.00,N,Not at Intersection,N,Non-Junction,None,,,         ,Brandon,Vance,Clear,"Sideswipe, Same Direction",no,no,no,no,no,False
102248348,METROPOLITAN NASHVILLE POLICE DEPT,20181039536,Davidson,Nashville,12/16/2018 10:41:00 AM,2,2,0,36.131760,-86.895860,CHARLOTTE PKE,,,,106.00,Feet,West,I40 E EXT RAMP,,,,0.00,N,Not at Intersection,N,Non-Junction,None,,,         ,Terrence,Bradley,Clear,Angle,no,no,no,no,no,False
102248349,METROPOLITAN NASHVILLE POLICE DEPT,20181039580,Davidson,Nashville,12/16/2018 11:07:00 AM,2,0,0,36.215120,-86.597670,LEBANON PKE,,,,0.00,,,ANDREW JACKSON PKWY,,,,0.00,Y,Four-Way, ,Intersection-Related,None,,,         ,Cassandra,Del Bosco,Clear,Front to Rear,no,no,no,no,no,False
102248375,METROPOLITAN NASHVILLE POLICE DEPT,20181039703,Davidson,Nashville,12/16/2018 12:00:00 AM,1,0,0,36.042840,-86.661630,CANE RIDGE RD,,,,231.00,Feet,South,CANEWOOD DR,,,,0.00,N,Not at Intersection,N,Non-Junction,None,,,         ,Troy,Loewen,Unknown,Not Collision with Motor Vehicle in Transport,no,no,no,yes,yes,False
102248377,METROPOLITAN NASHVILLE POLICE DEPT,20181039737,Davidson,Nashville,12/16/2018 1:51:00 PM,2,0,0,36.161310,-86.760690,I 24,,,,0.00,,,,,,,49.40,N,Not at Intersection,N,Non-Junction,None,,,         ,Robert,Schohn,Clear,Front to Rear,no,no,no,no,no,False
102248387,METROPOLITAN NASHVILLE POLICE DEPT,20181039627,Davidson,Nashville,12/16/2018 12:19:00 PM,2,0,0,36.120820,-86.779280,VAULX LN,,,,0.00,,,KIRKWOOD AV,,,,0.00,Y,Four-Way,N,Intersection,None,,,         ,Phillip,Murphy,Clear,Angle,no,no,no,no,no,False
102248416,METROPOLITAN NASHVILLE POLICE DEPT,20181039746,Davidson,Nashville,12/16/2018 1:44:00 PM,2,2,0,36.174050,-86.807580,COCKRILL ST,,,,276.00,Feet,East,DR D B TODD JR BLVD,,,,0.00,N,Not at Intersection,N,Non-Junction,None,,,         ,Fabjan,Llukaj,Clear,Angle,no,no,no,no,no,False
102248449,METROPOLITAN NASHVILLE POLICE DEPT,20181039763,Davidson,Nashville,12/16/2018 1:47:00 PM,2,0,0,36.156500,-86.771690,2ND AVS,,,,126.00,Feet,South,PEABODY ST,,,,0.00,N,Not at Intersection, ,Non-Junction,None,,,         ,James,Hill,Clear,Angle,no,no,no,no,no,False
102248450,METROPOLITAN NASHVILLE POLICE DEPT,20181039785,Davidson,Nashville,12/16/2018 2:44:00 PM,2,0,0,36.082010,-86.761440,HARDING PL,,,,84.00,Feet,East,SIDCO DR,,,,0.00,N,Not at Intersection, ,Non-Junction,None,,,         ,Ryan,Coll,Clear,Front to Rear,no,no,no,no,no,False
102248451,METROPOLITAN NASHVILLE POLICE DEPT,20181039833,Davidson,Nashville,12/16/2018 3:09:00 PM,2,0,0,36.117590,-86.702240,BRILEY PKWY S ENT RAMP,,,,0.00,Feet,East,BRILEY PKWYS,,,,0.00,N,Not at Intersection,Y,Entrance/Exit Ramp Related,None,,,         ,YUNUS,ADAK,Clear,"Sideswipe, Same Direction",no,no,no,no,yes,False
102248485,METROPOLITAN NASHVILLE POLICE DEPT,20181038286,Davidson,Nashville,12/15/2018 8:19:00 PM,3,2,0,36.207140,-86.779540,W TRINITY LN,,,,369.00,Feet,West,HAMPTON ST,,,,0.00,N,Not at Intersection,N,Non-Junction,None,,,         ,Andrey,Volfson,Clear,"Sideswipe, Same Direction",yes,no,no,yes,yes,False
102248490,METROPOLITAN NASHVILLE POLICE DEPT,20181039831,Davidson,Nashville,12/16/2018 3:21:00 PM,1,1,0,36.182830,-86.819270,26TH AVN,,,,255.00,Feet,North,SALEM MASON DR,,,,0.00,N,Not at Intersection,N,OtherLocation,None,,,         ,Kayla,Castro,Clear,Not Collision with Motor Vehicle in Transport,no,no,no,yes,no,False
102248496,METROPOLITAN NASHVILLE POLICE DEPT,20181039882,Davidson,Nashville,12/16/2018 3:49:00 PM,2,1,0,36.067100,-86.631610,MORRIS GENTRY BLVD,,,,157.00,Feet,South,MURFREESBORO PKE,,,,0.00,N,Not at Intersection,N,"Driveway, Alley Access, etc",None,,,         ,Devonte,Coleman,Clear,Angle,no,no,no,no,no,False
102248498,METROPOLITAN NASHVILLE POLICE DEPT,20181039886,Davidson,Nashville,12/16/2018 3:45:00 PM,2,0,0,36.155870,-86.834460,40TH AVN,,,,302.00,Feet,North,DELAWARE AV,,,,0.00,N,Not at Intersection, ,Non-Junction,None,,,         ,Robert,Crow,Clear,Angle,no,no,no,no,no,False
102248506,METROPOLITAN NASHVILLE POLICE DEPT,20181039722,Davidson,Nashville,12/16/2018 1:40:00 PM,3,1,0,36.040500,-86.770280,OLD HICKORY BLVD,,,,236.00,Feet,East,SEVEN SPRINGS WAY PVTDR,,,,0.00,N,Not at Intersection,N,Non-Junction,None,,,         ,Raymond,Flaherty,Clear,Front to Rear,no,no,no,no,no,False
102248511,METROPOLITAN NASHVILLE POLICE DEPT,20181039800,Davidson,Nashville,12/16/2018 2:51:00 PM,2,0,0,36.129700,-86.852710,LIONS HEAD VILLAGE PVTDR,,,,0.00,Feet,East,WHITE BRIDGE PKE,,,,0.00,N,Not at Intersection, ,Non-Junction,None,,,         ,Torian,Cox,Clear,Angle,no,no,no,no,no,False
102248513,METROPOLITAN NASHVILLE POLICE DEPT,20181039941,Davidson,Goodlettsville,12/16/2018 4:30:00 PM,2,0,0,36.304660,-86.693080,CONFERENCE DR,,,,57.00,Feet,South,THE SHOPPES AT RIVERGATE PVTDR,,,,0.00,N,Not at Intersection,N,Non-Junction,None,,,         ,Peter,Vaught,Clear,Angle,no,no,no,no,no,False
102248534,METROPOLITAN NASHVILLE POLICE DEPT,20181039713,Davidson,Nashville,12/16/2018 1:30:00 PM,1,1,0,36.153250,-86.794010,17TH AVS,,,,0.00,,,BROADWAY,,,,0.00,Y,Four-Way,N,Intersection,None,,,         ,Justan,Vance,Clear,Not Collision with Motor Vehicle in Transport,yes,no,no,no,no,False
102248536,METROPOLITAN NASHVILLE POLICE DEPT,20181039847,Davidson,Nashville,12/16/2018 10:35:00 AM,2,0,0,36.045510,-86.711810,OLD HICKORY BLVD,,,,433.00,Feet,East,NOLENSVILLE PKE,,,,0.00,N,Not at Intersection, ,Non-Junction,None,,,         ,Wesley,Carver,Clear,Angle,no,no,no,yes,no,False
102248557,METROPOLITAN NASHVILLE POLICE DEPT,20181039914,Davidson,Nashville,12/16/2018 4:00:00 PM,2,0,0,36.178060,-86.749890,N 11TH ST,,,,167.00,Feet,South,FORREST AV,,,,0.00,N,Not at Intersection, ,Non-Junction,None,,,         ,Trevor,Jones,Clear,Angle,no,no,no,no,no,False
102248560,METROPOLITAN NASHVILLE POLICE DEPT,20181039755,Davidson,Nashville,12/16/2018 2:15:00 PM,3,2,0,36.040590,-86.771070,OLD HICKORY BLVD,,,,0.00,,,SEVEN SPRINGS WAY PVTDR,,,,0.00,Y,Four-Way,N,Intersection,None,,,         ,Raymond,Flaherty,Clear,Angle,no,no,no,no,no,False
102248562,METROPOLITAN NASHVILLE POLICE DEPT,20181039998,Davidson,Nashville,12/16/2018 4:53:00 PM,2,0,0,36.139210,-86.854980,KENDALL DR,,,,351.00,Feet,West,WHITE BRIDGE PKE,,,,0.00,N,Not at Intersection,N,Non-Junction,None,,,         ,Laura,Williams,Clear,Angle,no,no,no,no,no,False
102248571,METROPOLITAN NASHVILLE POLICE DEPT,20181040014,Davidson,Nashville,12/16/2018 5:27:00 PM,2,0,0,36.242300,-86.760100,DOVERSIDE DR,,,,0.00,,,SKYLINE COMMONS PVTDR,,,,0.00,Y,T-Intersection,N,Intersection,None,,,         ,Adam,Nicholson,Clear,Angle,no,no,no,no,no,False
102248582,METROPOLITAN NASHVILLE POLICE DEPT,20181039957,Davidson,Not in City Limit,12/16/2018 4:50:00 PM,1,1,0,36.308630,-86.681450,GALLATIN PKEN,,,,242.00,Feet,East,RIVERCHASE BLVD,,,,0.00,N,Not at Intersection,N,Non-Junction,None,,,         ,Derek,Sibley,Clear,Not Collision with Motor Vehicle in Transport,yes,no,no,no,no,False
102248583,METROPOLITAN NASHVILLE POLICE DEPT,20181040072,Davidson,Nashville,12/16/2018 5:45:00 PM,2,0,0,36.214460,-86.775330,I 65,,,,0.00,,,,,,,87.90,N,Not at Intersection,N,Non-Junction,None,,,         ,Bradley,Fort,Clear,"Sideswipe, Same Direction",no,no,no,no,yes,False
102248597,METROPOLITAN NASHVILLE POLICE DEPT,20181039898,Davidson,Not in City Limit,12/16/2018 5:52:00 PM,2,0,0,36.272320,-86.689550,MYATT DR,,,,75.00,Feet,North,ANDERSON LN,,,,0.00,N,Not at Intersection, ,Non-Junction,None,,,         ,Bradley,Campbell,Clear,HeadOn,no,no,no,no,no,False
102248599,METROPOLITAN NASHVILLE POLICE DEPT,20181039933,Davidson,Antioch,12/16/2018 4:20:00 PM,2,1,0,36.015100,-86.664800,PETTUS RD,,,,15.00,Feet,South,SUNDOWN DR,,,,0.00,N,Not at Intersection,N,Non-Junction,None,,,         ,Ian,Swander,Clear,Angle,no,no,no,no,no,False
102248618,METROPOLITAN NASHVILLE POLICE DEPT,20181040138,Davidson,Nashville,12/16/2018 7:30:00 PM,2,1,0,36.082100,-86.761700,HARDING PL,,,,0.00,Feet,,SIDCO DR,,,,0.00,Y,Four-Way,Y,Intersection,None,,,         ,Conor,Cronin,Clear,Angle,no,no,no,no,no,False
102248661,METROPOLITAN NASHVILLE POLICE DEPT,20181039970,Davidson,Nashville,12/16/2018 4:40:00 PM,2,2,0,36.064340,-86.628950,HAMILTON CHURCH RD,,,,217.00,Feet,South,MURFREESBORO PKE,,,,0.00,N,Not at Intersection,N,Non-Junction,None,,,         ,Mary,Williams,Clear,Front to Rear,no,no,no,no,no,False
102248665,THP District 3 - Nashville,318082333,Davidson,Not in City Limit,12/16/2018 3:10:00 PM,2,1,0,36.077300,-87.012360,I 40,,,,0.00,,,,,,,193.00,N,Not at Intersection, ,Non-Junction,None,,,         ,Bryant,Campbell,Clear,"Sideswipe, Same Direction",no,no,no,no,yes,False
102248668,METROPOLITAN NASHVILLE POLICE DEPT,20181040115,Davidson,Nashville,12/16/2018 6:47:00 PM,2,0,0,36.238180,-86.736650,I65 N ENT RAMP,,,,0.00,Feet,East,BRILEY PKWY W EXT RAMP,,,,0.00,N,Not at Intersection,N,Non-Junction,None,,,         ,Peter,Vaught,Clear,"Sideswipe, Same Direction",no,no,no,no,no,False
102248670,METROPOLITAN NASHVILLE POLICE DEPT,20181040128,Davidson,Nashville,12/16/2018 6:04:00 PM,2,1,0,36.045440,-86.647280,CROSSINGS BLVD,,,,13.00,Feet,South,MT VIEW RD,,,,0.00,N,Not at Intersection, ,Non-Junction,None,,,         ,Je-Marc,Sears,Clear,HeadOn,no,no,no,no,no,False
102248726,METROPOLITAN NASHVILLE POLICE DEPT,20181040226,Davidson,Nashville,12/16/2018 8:45:00 PM,2,1,0,36.201380,-86.694170,OPRY MILLS DR,,,,1112.00,Feet,East,SHELBY BOTTOMS GRNWY,,,,0.00,N,Not at Intersection,N,Non-Junction,None,,,         ,John,Kelley,Clear,"Sideswipe, Same Direction",no,no,no,yes,no,False
102248750,METROPOLITAN NASHVILLE POLICE DEPT,20181040273,Davidson,Antioch,12/16/2018 8:40:00 PM,2,0,0,36.042850,-86.606550,MURFREESBORO PKE,,,,0.00,,,HOBSON PKE,,,,0.00,Y,Four-Way,N,Intersection,None,,,         ,Matthew,Turppa,Clear,Front to Rear,no,no,no,no,no,False
102248774,METROPOLITAN NASHVILLE POLICE DEPT,20181039781,Davidson,Nashville,12/16/2018 2:49:00 PM,1,1,0,36.148810,-86.666280,ELM HILL PKE,,,,0.00,,,DONELSON PKE,,,,0.00,Y,Four-Way,N,Intersection,None,,,         ,Dontaveous,Eubanks,Clear,Not Collision with Motor Vehicle in Transport,yes,no,no,no,no,False
102248776,METROPOLITAN NASHVILLE POLICE DEPT,20181040269,Davidson,Nashville,12/16/2018 7:53:00 PM,2,0,0,36.151050,-86.721850,SPENCE LN,,,,158.00,Feet,North,SPENCE CIR,,,,0.00,N,Not at Intersection,N,Non-Junction,None,,,         ,Samuel,Sundra,Clear,Rear to Rear,no,no,no,no,yes,False
102248780,METROPOLITAN NASHVILLE POLICE DEPT,20181040303,Davidson,Nashville,12/16/2018 9:52:00 PM,1,1,0,36.172760,-86.768820,I24 W EXT RAMP,,,,0.00,Feet,East,I 24,,,,0.00,N,Not at Intersection,N,Non-Junction,None,,,         ,Gordon,Stovall,Clear,Not Collision with Motor Vehicle in Transport,no,no,no,no,no,False
102248783,METROPOLITAN NASHVILLE POLICE DEPT,20181039947,Davidson,Nashville,12/16/2018 3:15:00 PM,2,0,0,36.065740,-86.629470,MURFREESBORO PKE,,,,0.00,Feet,East,HAMILTON CROSSINGS,,,,0.00,N,Not at Intersection,N,Non-Junction,None,,,         ,Mary,Williams,Clear,Angle,no,no,no,no,no,False
102248809,METROPOLITAN NASHVILLE POLICE DEPT,20181040421,Davidson,Nashville,12/16/2018 10:55:00 PM,3,0,0,36.163250,-86.776070,2ND AVN,,,,0.00,,,COMMERCE ST,,,,0.00,Y,T-Intersection, ,Intersection,None,,,         ,Eric,Schaefer,Clear,Angle,no,no,no,no,no,False
102248810,METROPOLITAN NASHVILLE POLICE DEPT,20181040307,Davidson,Nashville,12/16/2018 9:55:00 PM,2,1,0,36.147190,-86.765640,2ND AVS,,,,52.00,Feet,North,MILDRED SHUTE AV,,,,0.00,N,Not at Intersection,N,Non-Junction,None,,,         ,Mary,Williams,Clear,Angle,no,no,no,no,yes,False
102248838,METROPOLITAN NASHVILLE POLICE DEPT,20181040733,Davidson,Not in City Limit,12/17/2018 1:55:00 AM,1,0,0,36.290730,-86.809840,I 24,,,,0.00,,,,,,,39.45,N,Not at Intersection, ,Non-Junction,None,,,         ,Joseph,Gawlowski,Clear,Not Collision with Motor Vehicle in Transport,no,no,no,no,no,False
102248849,METROPOLITAN NASHVILLE POLICE DEPT,20181038534,Davidson,Nashville,12/15/2018 11:16:00 PM,2,2,0,36.192860,-86.623800,JUAREZ DR,,,,11.00,Feet,East,LEBANON PKE,,,,0.00,N,Not at Intersection,N,Non-Junction,None,,,         ,Lynsie,Smith,Clear,Angle,no,no,no,no,no,False
102248902,METROPOLITAN NASHVILLE POLICE DEPT,20181040725,Davidson,Nashville,12/17/2018 1:57:00 AM,1,1,0,36.056390,-86.620170,MURFREESBORO PKE,,,,868.00,Feet,North,MT VIEW RD,,,,0.00,N,Not at Intersection,N,Non-Junction,None,,,         ,Robert,Erickson,Clear,Not Collision with Motor Vehicle in Transport,no,no,no,no,no,False
102248903,METROPOLITAN NASHVILLE POLICE DEPT,20181040971,Davidson,Nashville,12/17/2018 12:00:00 AM,1,0,0,36.122130,-86.734410,GLENROSE AV,,,,99.00,Feet,West,SANDRA DR,,,,0.00,N,Not at Intersection,N,Non-Junction,None,,,         ,David,Simmonds,Clear,Not Collision with Motor Vehicle in Transport,no,no,no,no,yes,False
102248928,Nashville Airport Police,18-05086,Davidson,Nashville,12/16/2018 1:25:00 PM,2,1,0,36.133410,-86.665080,BNA DR,,,,0.00,,,TERMINAL DR,,,,0.00,Y,OTHER,N,Non-Junction,None,,,         ,Jerry,Lovell,Clear,Angle,no,no,no,no,no,False
102248954,METROPOLITAN NASHVILLE POLICE DEPT,20181041101,Davidson,Not in City Limit,12/17/2018 5:50:00 AM,2,0,0,36.261740,-86.738390,I 65,,,,0.00,,,,,,,92.05,N,Not at Intersection,N,Non-Junction,None,,,         ,Patrick,McGinnis,Clear,"Sideswipe, Same Direction",no,no,no,no,no,False
102248962,METROPOLITAN NASHVILLE POLICE DEPT,20181041184,Davidson,Nashville,12/17/2018 6:45:00 AM,2,0,0,36.054020,-86.742840,EDMONDSON PKE,,,,396.00,Feet,South,HUNTINGTON PKWY,,,,0.00,N,Not at Intersection,N,OtherLocation,None,,,         ,Jon,Mcvey,Clear,Angle,no,no,no,yes,yes,False
102248977,METROPOLITAN NASHVILLE POLICE DEPT,20181041167,Davidson,Nashville,12/17/2018 5:30:00 AM,2,0,0,36.101270,-86.721780,GLENCLIFF RD,,,,0.00,,,ANTIOCH PKE,,,,0.00,Y,Four-Way, ,Intersection,None,,,         ,Nopel,Stella,Clear,Other,no,no,no,no,yes,False
102248991,METROPOLITAN NASHVILLE POLICE DEPT,20181041223,Davidson,Nashville,12/17/2018 12:00:00 AM,2,0,0,36.191970,-86.766210,RICHARDSON AV,,,,12.00,Feet,West,PENNOCK AV,,,,0.00,N,Not at Intersection,N,Non-Junction,None,,,         ,Zachary,Carter,Clear,"Sideswipe, Same Direction",no,no,no,no,yes,False
102248995,METROPOLITAN NASHVILLE POLICE DEPT,20181041162,Davidson,Antioch,12/17/2018 6:44:00 AM,1,0,0,36.041360,-86.605180,MURFREESBORO PKE,,,,679.00,Feet,South,HOBSON PKE,,,,0.00,N,Not at Intersection,N,Non-Junction,None,,,         ,Jessie,Meadows,Clear,Not Collision with Motor Vehicle in Transport,no,no,no,no,yes,False
102248996,METROPOLITAN NASHVILLE POLICE DEPT,20181041273,Davidson,Antioch,12/17/2018 7:47:00 AM,2,0,0,36.009590,-86.614970,I 24,,,,0.00,,,,,,,63.00,N,Not at Intersection, ,Non-Junction,None,,,         ,Jessie,Meadows,Clear,Front to Rear,no,no,no,no,no,False
102248997,METROPOLITAN NASHVILLE POLICE DEPT,20181041237,Davidson,Nashville,12/17/2018 7:28:00 AM,2,0,0,36.144660,-86.744040,ELM HILL PKE,,,,0.00,,,FESSLERS LN,,,,0.00,Y,Four-Way, ,Intersection-Related,None,,,         ,Tien,Nguyen,Clear,"Sideswipe, Same Direction",no,no,no,no,no,False
102248999,METROPOLITAN NASHVILLE POLICE DEPT,20181041208,Davidson,Nashville,12/17/2018 6:54:00 AM,2,0,0,36.078890,-86.645210,MARTWAY DR,,,,0.00,,,EDGE O LAKE DR,,,,0.00,Y,Four-Way, ,Intersection,None,,,         ,Troy,Loewen,Clear,Unknown,no,no,no,no,no,False
102249004,METROPOLITAN NASHVILLE POLICE DEPT,20181041328,Davidson,Nashville,12/17/2018 8:12:00 AM,2,0,0,36.051650,-86.775600,I 65,,,,0.00,,,,,,,74.65,N,Not at Intersection,N,Non-Junction,None,,,         ,Jon,Mcvey,Clear,"Sideswipe, Same Direction",no,no,no,no,yes,False
102249005,METROPOLITAN NASHVILLE POLICE DEPT,20181041373,Davidson,Nashville,12/17/2018 8:33:00 AM,2,0,0,36.150430,-86.857900,WHITE BRIDGE PKE,,,,101.00,Feet,North,CHARLOTTE PKE,,,,0.00,N,Not at Intersection,N,Non-Junction,None,,,         ,Curtis,Rich,Clear,Angle,no,no,no,no,no,False
102249013,METROPOLITAN NASHVILLE POLICE DEPT,20181041340,Davidson,Nashville,12/17/2018 8:21:00 AM,2,0,0,36.144660,-86.744040,ELM HILL PKE,,,,0.00,,,FESSLERS LN,,,,0.00,Y,Four-Way, ,Intersection-Related,None,,,         ,Tien,Nguyen,Clear,"Sideswipe, Same Direction",no,no,no,no,no,False
102249014,METROPOLITAN NASHVILLE POLICE DEPT,20181041279,Davidson,Nashville,12/17/2018 7:45:00 AM,3,0,0,36.047850,-86.864720,OLD HICKORY BLVD,,,,497.00,Feet,East,CHICKERING WOOD DR,,,,0.00,N,Not at Intersection, ,Non-Junction,None,,,         ,George,Spencer,Clear,Front to Rear,no,no,no,no,yes,False
102249020,METROPOLITAN NASHVILLE POLICE DEPT,20181041231,Davidson,Nashville,12/17/2018 6:28:00 AM,3,0,0,36.082670,-86.710490,TAMPA DR,,,,0.00,,,HARDING PL,,,,0.00,Y,Four-Way, ,Non-Junction,None,,,         ,Ryan,Howard,Clear,Front to Rear,no,no,no,no,no,False
102249032,METROPOLITAN NASHVILLE POLICE DEPT,20181041283,Davidson,Nashville,12/17/2018 8:10:00 AM,2,0,0,36.141120,-86.662180,I 40,,,,0.00,,,,,,,218.00,N,Not at Intersection, ,Non-Junction,None,,,         ,John,Frazier,Clear,Other,no,no,no,no,yes,False
102249036,METROPOLITAN NASHVILLE POLICE DEPT,20181041248,Davidson,Nashville,12/17/2018 7:30:00 AM,2,0,0,36.141540,-86.740550,MURFREESBORO PKE,,,,0.00,,,FOSTER AV,,,,0.00,Y,T-Intersection, ,Intersection,None,,,         ,Todd,Watson,Clear,Angle,no,no,no,no,no,False
102249059,METROPOLITAN NASHVILLE POLICE DEPT,20181041300,Davidson,Nashville,12/17/2018 8:00:00 AM,2,1,0,36.142810,-86.707560,I 40,,,,0.00,,,,,,,214.35,N,Not at Intersection, ,Non-Junction,None,,,         ,Zachary,Plese,Clear,Front to Rear,no,no,no,no,no,False
102249067,METROPOLITAN NASHVILLE POLICE DEPT,20181041402,Davidson,Nashville,12/17/2018 8:45:00 AM,2,0,0,36.153660,-86.721940,LEBANON PKE,,,,115.00,Feet,West,SPENCE LN,,,,0.00,N,Not at Intersection,N,Non-Junction,None,,,         ,Jeremy,Spoonemore,Clear,Angle,no,no,no,no,no,False
102249068,METROPOLITAN NASHVILLE POLICE DEPT,20181041295,Davidson,Nashville,12/17/2018 8:00:00 AM,2,0,0,36.158880,-86.801000,PEARL ST,,,,58.00,Feet,West,DR D B TODD JR BLVD,,,,0.00,N,Not at Intersection, ,Non-Junction,None,,,         ,Wesley,Young,Clear,Front to Rear,no,no,no,no,no,False
102249070,METROPOLITAN NASHVILLE POLICE DEPT,20181041423,Davidson,Nashville,12/17/2018 8:50:00 AM,2,0,0,36.128500,-86.906820,CHARLOTTE PKE,,,,0.00,,,CHARLOTTE PKE PVTDR,,,,0.00,Y,Four-Way,N,Intersection,None,,,         ,Benjamin,Cantrell,Clear,"Sideswipe, Same Direction",no,no,no,no,no,False
102249076,METROPOLITAN NASHVILLE POLICE DEPT,20181041972,Davidson,Nashville,12/17/2018 8:20:00 AM,2,0,0,36.162290,-86.815080,HERMAN ST,,,,149.00,Feet,West,25TH AVN,,,,0.00,N,Not at Intersection,N,Non-Junction,None,,,         ,Wesley,Young,Clear,Angle,no,no,no,no,no,False
102249078,METROPOLITAN NASHVILLE POLICE DEPT,20181041499,Davidson,Nashville,12/17/2018 9:29:00 AM,2,0,0,36.134620,-86.776250,I65 S EXT RAMP,,,,0.00,,,I 65,,,,0.00,Y,OTHER, ,OtherLocation,None,,,         ,Jon,Mcvey,Clear,Front to Rear,no,no,no,no,no,False
102249090,METROPOLITAN NASHVILLE POLICE DEPT,20181041349,Davidson,Nashville,12/17/2018 7:42:00 AM,2,0,0,36.178200,-86.599770,ROCKWOOD DR,,,,177.00,Feet,West,ROCKWOOD PL,,,,0.00,N,Not at Intersection,N,Non-Junction,None,,,         ,Cassandra,Del Bosco,Clear,"Sideswipe, Same Direction",no,no,no,no,yes,False
102249094,METROPOLITAN NASHVILLE POLICE DEPT,20181041581,Davidson,Nashville,12/17/2018 10:06:00 AM,2,2,0,36.143530,-86.698330,BRILEY PKWYS,,,,179.00,Feet,West,BRILEY PKWYN,,,,0.00,N,Not at Intersection, ,Entrance/Exit Ramp Related,None,,,         ,Tien,Nguyen,Clear,"Sideswipe, Same Direction",no,no,no,no,no,False
102249101,METROPOLITAN NASHVILLE POLICE DEPT,20181041506,Davidson,Lakewood,12/17/2018 8:22:00 AM,2,0,0,36.236680,-86.634830,RIFLE RANGE RD,,,,52.00,Feet,East,CHARLIE GANN DR,,,,0.00,N,Not at Intersection, ,Non-Junction,None,,,         ,Tien,Nguyen,Clear,"Sideswipe, Same Direction",no,no,no,no,no,False
102249128,METROPOLITAN NASHVILLE POLICE DEPT,20181041440,Davidson,Nashville,12/17/2018 8:46:00 AM,2,0,0,36.125090,-86.805770,HILLSBORO PKE,,,,92.00,Feet,South,ENCLAVE AT HILLSBORO VILLAGE P,,,,0.00,N,Not at Intersection, ,Non-Junction,None,,,         ,Randy,Puckett,Clear,Front to Rear,no,no,no,no,no,False
102249129,METROPOLITAN NASHVILLE POLICE DEPT,20181041559,Davidson,Nashville,12/17/2018 9:55:00 AM,2,1,0,36.161540,-86.775970,3RD AVS,,,,0.00,,,BROADWAY,,,,0.00,Y,Four-Way,N,Intersection,Construction Zone,Work On Shoulder Or Median,Activity Area,         ,James,Thornton,Clear,Angle,no,no,no,no,no,False
102249132,METROPOLITAN NASHVILLE POLICE DEPT,20181041449,Davidson,Nashville,12/17/2018 8:52:00 AM,3,1,0,36.155830,-86.827180,I 40,,,,0.00,,,,,,,205.65,N,Not at Intersection,N,Non-Junction,None,,,         ,Walter,Gray II,Clear,Front to Rear,no,no,no,no,no,False
102249137,METROPOLITAN NASHVILLE POLICE DEPT,20181041269,Davidson,Nashville,12/17/2018 7:47:00 AM,2,4,0,36.144560,-86.626370,BELL RD,,,,340.00,Feet,South,LINCOYA BAY DR,,,,0.00,N,Not at Intersection,N,Non-Junction,None,,,         ,Richard,Luellen,Fog,Angle,no,no,no,no,no,False