master_record_number,agency,agency_tracking_number,county,city,collision_date,vehicles_involved,number_injured,number_dead,latitude,longitude,roadway_name,roadway_suffix,roadway_number,roadway_local_id,distance_from_reference,miles-feet_indicator,direction_from_reference,intersection_road_name,intersection_road_name_suffix,intersection_road_number,intersection_local_id,mile_marker,intersection_indicator,intersect_type,interchange_related_indicator,relation_to_junction,work_zone_type,construction_maintenance_zone,construction_maintenance_zone_location,fatal_case_number,officer_first_name,officer_last_name,weather_condition(s),manner_of_crash,pedestrian,bicycle,scooter,parking,hitrun,mou
102249138,METROPOLITAN NASHVILLE POLICE DEPT,20181041365,Davidson,Nashville,12/17/2018 8:29:00 AM,3,2,0,36.098040,-86.658530,MURFREESBORO PKE,,,,320.00,Feet,East,HARDING PL,,,,0.00,N,Not at Intersection,N,Non-Junction,None,,,         ,Richard,Luellen,Clear,Front to Rear,no,no,no,no,no,False
102249140,METROPOLITAN NASHVILLE POLICE DEPT,20181041428,Davidson,Nashville,12/17/2018 8:50:00 AM,2,1,0,36.205430,-86.777680,I65 S ENT RAMP,,,,0.00,Feet,East,I 65,,,,0.00,N,Not at Intersection,N,Entrance/Exit Ramp Related,None,,,         ,Eric,Knight,Clear,"Sideswipe, Same Direction",no,no,no,no,no,False
102249171,METROPOLITAN NASHVILLE POLICE DEPT,20181041748,Davidson,Nashville,12/17/2018 11:33:00 AM,2,0,0,36.150430,-86.857900,WHITE BRIDGE PKE,,,,99.00,Feet,South,OBRIEN AV,,,,0.00,N,Not at Intersection, ,Non-Junction,None,,,         ,Curtis,Rich,Clear,Front to Rear,no,no,no,no,no,False
102249172,METROPOLITAN NASHVILLE POLICE DEPT,20181041700,Davidson,Nashville,12/14/2018 6:50:00 PM,2,0,0,36.116070,-86.747840,NOLENSVILLE PKE,,,,167.00,Feet,South,JOYNER AV,,,,0.00,N,Not at Intersection,N,Non-Junction,None,,,         ,Jon,Mcvey,Unknown,Angle,no,no,no,yes,yes,False
102249173,METROPOLITAN NASHVILLE POLICE DEPT,20181041655,Davidson,Nashville,12/17/2018 11:00:00 AM,2,0,0,36.184070,-86.792690,BUCHANAN ST,,,,0.00,,,,,,,0.00,,, ,Non-Junction,None,,,         ,Wesley,Young,Clear,Angle,no,no,no,yes,no,False
102249193,Nashville Airport Police,2018-05101,Davidson,Nashville,12/17/2018 9:34:00 AM,2,0,0,36.137000,-86.665550,TERMINAL DR,,,,0.00,,,TERMINAL DR,,,,0.00,,, ,,None,,,         ,Marshall,Gursky,,,no,no,no,yes,no,False
102249204,METROPOLITAN NASHVILLE POLICE DEPT,20181041837,Davidson,Nashville,12/17/2018 12:22:00 PM,2,0,0,36.173590,-86.602150,OLD HICKORY BLVD,,,,0.00,,,CENTRAL PKE,,,,0.00,Y,Four-Way, ,Intersection-Related,None,,,         ,Tien,Nguyen,Clear,Front to Rear,no,no,no,no,no,False
102249209,METROPOLITAN NASHVILLE POLICE DEPT,20181041432,Davidson,Nashville,12/17/2018 8:54:00 AM,2,2,0,36.077060,-86.736640,HARDING PL,,,,0.00,Feet,East,SHADESCREST DR,,,,0.00,N,Not at Intersection,N,"Driveway, Alley Access, etc",None,,,         ,Phillip,Murphy,Clear,Angle,no,no,no,no,no,False
102249247,METROPOLITAN NASHVILLE POLICE DEPT,20181041355,Davidson,Nashville,12/17/2018 8:15:00 AM,2,1,0,36.152440,-86.766240,I 40,,,,0.00,,,,,,,210.60,N,Not at Intersection,N,Non-Junction,None,,,         ,Russell,Freeman,Clear,Front to Rear,no,no,no,no,yes,False
102249278,METROPOLITAN NASHVILLE POLICE DEPT,20181041903,Davidson,Nashville,12/17/2018 12:50:00 PM,2,0,0,36.163940,-86.689100,BRILEY PKWYN,,,,281.00,Feet,South,BRILEY PKWY N EXT RAMP,,,,0.00,N,Not at Intersection,N,Non-Junction,None,,,         ,Michael,Dance,Clear,"Sideswipe, Same Direction",no,no,no,no,yes,False
102249293,METROPOLITAN NASHVILLE POLICE DEPT,20181041179,Davidson,Not in City Limit,12/17/2018 6:15:00 AM,2,0,0,36.278680,-86.710150,E CAMPBELL RD,,,,367.00,Feet,South,ONE MILE PKWY,,,,0.00,N,Not at Intersection,N,Non-Junction,None,,,         ,Ashley,Coon,Cloudy,"Sideswipe, Opposite Direction",no,no,no,no,yes,False
102249297,METROPOLITAN NASHVILLE POLICE DEPT,20181041874,Davidson,Nashville,12/17/2018 12:30:00 PM,2,0,0,36.151430,-86.799370,20TH AVN,,,,25.00,Feet,North,WEST END AV,,,,0.00,N,Not at Intersection, ,Non-Junction,None,,,         ,Jon,Mcvey,Clear,"Sideswipe, Same Direction",no,no,no,no,no,Campus
102249316,METROPOLITAN NASHVILLE POLICE DEPT,20181041950,Davidson,Nashville,12/17/2018 1:10:00 PM,2,0,0,36.175470,-86.792820,ROSA L PARKS BLVD,,,,88.00,Feet,North,MONROE ST,,,,0.00,N,Not at Intersection, ,Non-Junction,None,,,         ,Wesley,Young,Clear,"Sideswipe, Same Direction",no,no,no,no,no,False
102249317,METROPOLITAN NASHVILLE POLICE DEPT,20181042004,Davidson,Nashville,12/17/2018 1:33:00 PM,2,0,0,36.139890,-86.879540,CHARLOTTE PKE,,,,131.00,Feet,West,RUSSLEO DR,,,,0.00,N,Not at Intersection, ,Non-Junction,None,,,         ,Curtis,Rich,Clear,Angle,no,no,no,no,no,False
102249336,METROPOLITAN NASHVILLE POLICE DEPT,2018-1041650,Davidson,Nashville,12/17/2018 10:50:00 AM,2,0,0,36.064790,-86.628480,HAMILTON CHURCH RD,,,,0.00,,,MURFREESBORO PKE,,,,0.00,Y,Four-Way,N,Intersection,None,,,         ,Jeremy,Smith,Clear,Front to Rear,no,no,no,no,no,False
102249343,METROPOLITAN NASHVILLE POLICE DEPT,20181041927,Davidson,Nashville,12/17/2018 12:59:00 PM,2,0,0,36.143530,-86.746550,MURFREESBORO PKE,,,,336.00,Feet,East,PARRIS AV,,,,0.00,N,Not at Intersection,N,OtherLocation,None,,,         ,Tien,Nguyen,Clear,Angle,no,no,no,yes,yes,False
102249388,METROPOLITAN NASHVILLE POLICE DEPT,20181042051,Davidson,Nashville,12/17/2018 1:35:00 PM,2,0,0,36.064080,-86.717130,NOLENSVILLE PKE,,,,434.00,Feet,North,FAIRLANE DR,,,,0.00,N,Not at Intersection, ,,None,,,         ,Gregory,Scott,,,no,no,no,no,no,False
102249389,METROPOLITAN NASHVILLE POLICE DEPT,20181041929,Davidson,Nashville,12/17/2018 12:55:00 PM,2,3,0,36.210920,-86.733110,GREENFIELD AV,,,,0.00,,,GALLATIN PKE,,,,0.00,Y,Four-Way,N,Intersection-Related,None,,,         ,Eric,Knight,Clear,Angle,no,no,no,no,no,False
102249416,METROPOLITAN NASHVILLE POLICE DEPT,20181041303,Davidson,Nashville,12/17/2018 7:50:00 AM,3,1,0,36.190870,-86.789340,I 65,,,,0.00,,,,,,,85.80,N,Not at Intersection,Y,Non-Junction,None,,,         ,Caesar,Harris,Clear,Front to Rear,no,no,no,no,no,False
102249421,BERRY HILL POLICE DEPT,18-4317,Davidson,Berry Hill,12/1/2018 9:25:00 PM,3,1,0,36.121220,-86.776530,KIRKWOOD AV,,,,320.00,Feet,West,FRANKLIN PKE,,,,0.00,N,Not at Intersection,N,"Driveway, Alley Access, etc",None,,,         ,Yamil,Jimenez,Rain,Front to Rear,no,no,no,yes,yes,False
102249440,METROPOLITAN NASHVILLE POLICE DEPT,20181042061,Davidson,Not in City Limit,12/17/2018 2:12:00 PM,2,1,0,36.263460,-86.684270,STATE RT 45,,,,0.00,Feet,,LARKIN SPRINGS RD,,,,0.00,Y,T-Intersection,N,Intersection,None,,,         ,Gabriel,Centeno,Clear,Angle,no,no,no,no,no,False
102249441,METROPOLITAN NASHVILLE POLICE DEPT,20181042169,Davidson,Not in City Limit,12/17/2018 2:52:00 PM,2,0,0,36.270450,-86.693460,NIX DR,,,,323.00,Feet,North,ROOSEVELT AV,,,,0.00,N,Not at Intersection,N,Non-Junction,None,,,         ,Christopher,Littles,Clear,"Sideswipe, Same Direction",no,no,no,no,yes,False
102249443,METROPOLITAN NASHVILLE POLICE DEPT,20181040315,Davidson,Nashville,12/16/2018 9:54:00 PM,1,0,0,36.144800,-86.663130,AIRPORT CENTER DR,,,,285.00,Feet,South,ROYAL PKWY,,,,0.00,N,Not at Intersection,N,"Driveway, Alley Access, etc",None,,,         ,Gene,McCollum,Clear,Not Collision with Motor Vehicle in Transport,no,no,no,yes,no,False
102249448,METROPOLITAN NASHVILLE POLICE DEPT,20181042158,Davidson,Nashville,12/17/2018 2:54:00 PM,2,0,0,36.194850,-86.726030,BRANCH ST,,,,0.00,,,CAHAL AV,,,,0.00,Y,Four-Way, ,Intersection-Related,None,,,         ,Richard,Conger,Clear,Angle,no,no,no,no,no,False
102249457,METROPOLITAN NASHVILLE POLICE DEPT,20181042073,Davidson,Nashville,12/17/2018 2:12:00 PM,3,0,0,36.143960,-86.873270,CHARLOTTE PKE,,,,71.00,Feet,West,WATTS LN,,,,0.00,N,Not at Intersection,N,Non-Junction,None,,,         ,Ty,Cummings,Clear,Front to Rear,no,no,no,no,no,False
102249460,METROPOLITAN NASHVILLE POLICE DEPT,20181042165,Davidson,Nashville,12/17/2018 2:10:00 PM,1,0,0,36.123960,-86.747360,I 440,,,,0.00,,,,,,,6.50,N,Not at Intersection, ,Non-Junction,Construction Zone,,,         ,Jesse,Cox,Clear,Not Collision with Motor Vehicle in Transport,no,no,no,no,no,False
102249469,METROPOLITAN NASHVILLE POLICE DEPT,20181042005,Davidson,Nashville,12/17/2018 1:44:00 PM,2,0,0,36.161700,-86.760810,I 24,,,,0.00,,,,,,,49.35,N,Not at Intersection, ,Non-Junction,None,,,         ,Colin,Feeney,Clear,Angle,no,no,no,no,no,False
102249472,METROPOLITAN NASHVILLE POLICE DEPT,20181042127,Davidson,Nashville,12/17/2018 1:51:00 PM,2,0,0,36.203440,-86.776830,I 65,,,,0.00,,,,,,,87.10,N,Not at Intersection, ,Non-Junction,None,,,         ,Sara,Lober,,"Sideswipe, Same Direction",no,no,no,no,no,False
102249474,METROPOLITAN NASHVILLE POLICE DEPT,20181042140,Davidson,Nashville,12/17/2018 2:06:00 PM,2,0,0,36.185320,-86.764710,LISCHEY AV,,,,34.00,Feet,South,WILBURN ST,,,,0.00,N,Not at Intersection,N,Non-Junction,None,,,         ,Cody,Jaworski,Clear,"Sideswipe, Same Direction",no,no,no,no,yes,False
102249503,METROPOLITAN NASHVILLE POLICE DEPT,20181042182,Davidson,Nashville,12/17/2018 12:00:00 AM,2,0,0,36.180460,-86.800240,I 65,,,,0.00,,,,,,,85.00,N,Not at Intersection,N,Non-Junction,None,,,         ,Amery,Milligan,Clear,Front to Rear,no,no,no,no,yes,False
102249510,METROPOLITAN NASHVILLE POLICE DEPT,20181042308,Davidson,Nashville,12/17/2018 4:15:00 PM,2,0,0,36.238500,-86.723950,GALLATIN PKES,,,,116.00,Feet,South,GALLATIN PKE,,,,0.00,N,Not at Intersection, ,Non-Junction,None,,,         ,Christopher,Littles,Clear,Front to Rear,no,no,no,no,no,False
102249511,METROPOLITAN NASHVILLE POLICE DEPT,20181042286,Davidson,Nashville,12/17/2018 4:11:00 PM,2,0,0,36.238410,-86.723970,GALLATIN PKES,,,,151.00,Feet,South,GALLATIN PKE,,,,0.00,N,Not at Intersection, ,Non-Junction,None,,,         ,Christopher,Littles,Clear,Front to Rear,no,no,no,no,no,False
102249517,METROPOLITAN NASHVILLE POLICE DEPT,20181042122,Davidson,Nashville,12/17/2018 2:40:00 PM,2,0,0,36.167740,-86.765480,I 24,,,,0.00,,,,,,,48.85,N,Not at Intersection,N,Entrance/Exit Ramp Related,None,,,         ,Wade,Johnson,Clear,Front to Rear,no,no,no,no,no,False
102249518,METROPOLITAN NASHVILLE POLICE DEPT,20181042253,Davidson,Nashville,12/17/2018 3:30:00 PM,2,0,0,36.059460,-86.641140,BELL RD,,,,48.00,Feet,South,CAMBRIDGE APTS PVTDR,,,,0.00,N,Not at Intersection,N,Non-Junction,None,,,         ,Eric,Wegener,Clear,Angle,no,no,no,no,yes,False
102249519,METROPOLITAN NASHVILLE POLICE DEPT,20181042361,Davidson,Not in City Limit,12/17/2018 4:43:00 PM,2,0,0,36.318940,-86.841160,I 24,,,,0.00,,,,,,,36.65,N,Not at Intersection, ,Non-Junction,None,,,         ,Eric,McCoy,Clear,Front to Rear,no,no,no,no,no,False
102249527,METROPOLITAN NASHVILLE POLICE DEPT,20181042171,Davidson,Nashville,12/17/2018 3:00:00 PM,2,0,0,36.182760,-86.798010,I65 N EXT RAMP,,,,0.00,Feet,East,I 65,,,,0.00,N,Not at Intersection, ,Entrance/Exit Ramp Related,None,,,         ,Amery,Milligan,Clear,Front to Rear,no,no,no,no,no,False
102249529,METROPOLITAN NASHVILLE POLICE DEPT,20181042322,Davidson,Nashville,12/17/2018 3:06:00 PM,2,0,0,36.165200,-86.756760,DEW ST,,,,98.00,Feet,East,CAYCE PLACE PVTDR,,,,0.00,N,Not at Intersection,N,Non-Junction,None,,,         ,Marc,Kozen,Clear,Unknown,no,no,no,yes,yes,False
102249531,METROPOLITAN NASHVILLE POLICE DEPT,20181042282,Davidson,Nashville,12/17/2018 3:10:00 PM,2,0,0,36.098890,-86.871890,HEADY DR,,,,0.00,Feet,,HIGHWAY 100,,,,0.00,Y,Four-Way,N,Intersection,None,,,         ,Robert,Crow,Clear,Angle,no,no,no,no,no,False
102249551,METROPOLITAN NASHVILLE POLICE DEPT,20181042241,Davidson,Nashville,12/17/2018 12:00:00 AM,2,0,0,36.154400,-86.759900,I 40,,,,0.00,,,,,,,211.00,N,Not at Intersection, ,Non-Junction,None,,,         ,Jessica,Johann,Clear,Front to Rear,no,no,no,no,no,False
102249564,METROPOLITAN NASHVILLE POLICE DEPT,20181042420,Davidson,Not in City Limit,12/17/2018 4:59:00 PM,2,0,0,36.258110,-86.738270,I 65,,,,0.00,,,,,,,91.80,N,Not at Intersection, ,Non-Junction,None,,,         ,Christopher,Littles,Clear,Front to Rear,no,no,no,no,no,False
102249569,METROPOLITAN NASHVILLE POLICE DEPT,20181042400,Davidson,Nashville,12/17/2018 3:25:00 PM,2,0,0,36.109370,-86.727730,BRILEY PKWYN,,,,98.00,Feet,East,BRILEY PKWYS,,,,0.00,N,Not at Intersection, ,Non-Junction,None,,,         ,Je-Marc,Sears,Clear,Front to Rear,no,no,no,no,no,False
102249602,METROPOLITAN NASHVILLE POLICE DEPT,20181042385,Davidson,Nashville,12/17/2018 4:52:00 PM,1,0,0,36.245010,-86.746790,I65 S EXT RAMP,,,,0.00,Feet,East,I 65,,,,0.00,N,Not at Intersection,Y,Non-Junction,None,,,         ,Edward,Starke,Clear,Not Collision with Motor Vehicle in Transport,no,no,no,no,no,False
102249604,METROPOLITAN NASHVILLE POLICE DEPT,20181042438,Davidson,Nashville,12/17/2018 5:21:00 PM,2,1,0,36.149810,-86.772820,I 40,,,,0.00,,,,,,,210.25,N,Not at Intersection,N,Non-Junction,None,,,         ,Jason,King,Clear,Front to Rear,no,no,no,no,yes,False
102249605,METROPOLITAN NASHVILLE POLICE DEPT,20181042482,Davidson,Nashville,12/17/2018 5:10:00 PM,2,0,0,36.238770,-86.778250,BRILEY PKWYE,,,,87.00,Feet,South,BRILEY PKWY W EXT RAMP,,,,0.00,N,Not at Intersection,N,Non-Junction,None,,,         ,Amanda,Fox,Clear,"Sideswipe, Same Direction",no,no,no,no,yes,False
102249608,METROPOLITAN NASHVILLE POLICE DEPT,20181042373,Davidson,Nashville,12/17/2018 4:45:00 PM,2,0,0,36.085070,-86.728380,NOLENSVILLE PKE,,,,103.00,Feet,North,PARAGON MILLS RD,,,,0.00,N,Not at Intersection, ,Non-Junction,None,,,         ,John,Roberson,Clear,Angle,no,no,no,no,no,False
102249609,METROPOLITAN NASHVILLE POLICE DEPT,20181042187,Davidson,Nashville,12/17/2018 2:50:00 PM,2,0,0,36.073920,-86.925830,HIGHWAY 70S,,,,132.00,Feet,East,HICKS RD,,,,0.00,N,Not at Intersection, ,Non-Junction,None,,,         ,Kelby,Dumond,Clear,Front to Rear,no,no,no,no,no,False
102249610,METROPOLITAN NASHVILLE POLICE DEPT,20181042299,Davidson,Nashville,12/17/2018 12:00:00 AM,2,0,0,36.076510,-86.943960,HIGHWAY 70S,,,,298.00,Feet,West,CARRIAGE DR,,,,0.00,N,Not at Intersection,N,Non-Junction,None,,,         ,Kelby,Dumond,Clear,Front to Rear,no,no,no,no,no,False
102249614,VANDERBILT UNIVERSITY POLICE,20181042505,Davidson,Nashville,12/17/2018 4:48:00 PM,1,0,0,36.139110,-86.803050,23RD AVS,,,,0.00,,,,,,,0.00,,, ,Entrance/Exit Ramp Related,None,,,         ,Shaneithia,Lewis,Clear,Not Collision with Motor Vehicle in Transport,no,no,no,yes,no,Campus
102249615,METROPOLITAN NASHVILLE POLICE DEPT,20181042436,Davidson,Nashville,12/17/2018 4:50:00 PM,2,0,0,36.150710,-86.857850,WHITE BRIDGE PKE,,,,0.00,,,OBRIEN AV,,,,0.00,Y,T-Intersection,N,Intersection-Related,None,,,         ,Andrew,McCarron,Clear,Angle,no,no,no,no,no,False
102249616,METROPOLITAN NASHVILLE POLICE DEPT,20181042297,Davidson,Not in City Limit,12/17/2018 4:05:00 PM,2,0,0,36.318940,-86.841160,I 24,,,,0.00,,,,,,,36.65,N,Not at Intersection, ,Non-Junction,None,,,         ,Janelle,Keslar,Clear,Front to Rear,no,no,no,no,no,False
102249627,METROPOLITAN NASHVILLE POLICE DEPT,20181042359,Davidson,Nashville,12/17/2018 4:40:00 PM,2,2,0,36.218640,-86.803820,WHITES CREEK PKE,,,,201.00,Feet,North,MOORMANS ARM RD,,,,0.00,N,Not at Intersection,N,Non-Junction,None,,,         ,Sara,Lober,,Front to Rear,no,no,no,no,no,False
102249633,METROPOLITAN NASHVILLE POLICE DEPT,20181042557,Davidson,Not in City Limit,12/17/2018 6:18:00 PM,2,0,0,36.264800,-86.737830,OLD HICKORY BLVDW,,,,139.00,Feet,East,I65 N ENT RAMP,,,,0.00,N,Not at Intersection, ,Non-Junction,None,,,         ,Christopher,Littles,Clear,Front to Rear,no,no,no,no,no,False
102249634,METROPOLITAN NASHVILLE POLICE DEPT,20181042606,Davidson,Nashville,12/17/2018 5:58:00 PM,2,0,0,36.168730,-86.776060,JAMES ROBERTSON PKWY,,,,1097.00,Feet,West,N 1ST ST,,,,0.00,N,Not at Intersection,N,Non-Junction,None,,,         ,Christopher,Littles,Clear,Front to Rear,no,no,no,no,yes,False
102249639,METROPOLITAN NASHVILLE POLICE DEPT,20181042584,Davidson,Nashville,12/17/2018 5:40:00 PM,2,0,0,36.072360,-86.636650,MURFREESBORO PKE,,,,226.00,Feet,North,BELL RD,,,,0.00,N,Not at Intersection, ,Non-Junction,None,,,         ,Eric,Wegener,Clear,Front to Rear,no,no,no,no,no,False
102249642,METROPOLITAN NASHVILLE POLICE DEPT,20181042459,Davidson,Nashville,12/17/2018 5:00:00 PM,3,0,0,36.162190,-86.760750,CRUTCHER ST,,,,24.00,Feet,East,S 5TH ST,,,,0.00,N,Not at Intersection, ,Non-Junction,None,,,         ,Brynn,Cellan,Clear,Front to Rear,no,no,no,no,no,False
102249643,METROPOLITAN NASHVILLE POLICE DEPT,20181042256,Davidson,Nashville,12/17/2018 3:54:00 PM,4,1,0,36.150590,-86.770620,I 40,,,,0.00,,,,,,,210.40,N,Not at Intersection,N,Non-Junction,None,,,         ,Akira,McSwain,Clear,Front to Rear,no,no,no,no,no,False
102249644,METROPOLITAN NASHVILLE POLICE DEPT,20181042365,Davidson,Nashville,12/17/2018 5:38:00 PM,2,0,0,36.126170,-86.804780,21ST AVS,,,,104.00,Feet,South,WESTWOOD AV,,,,0.00,N,Not at Intersection,N,Non-Junction,None,,,         ,Akira,McSwain,Clear,"Sideswipe, Opposite Direction",no,no,no,no,yes,False
102249645,METROPOLITAN NASHVILLE POLICE DEPT,20181042548,Davidson,Nashville,12/17/2018 6:18:00 PM,2,0,0,36.152620,-86.787360,I 40,,,,0.00,,,,,,,209.40,N,Not at Intersection, ,Non-Junction,None,,,         ,Eric,Burford,Clear,"Sideswipe, Same Direction",no,no,no,no,no,False
102249646,METROPOLITAN NASHVILLE POLICE DEPT,20181042443,Davidson,Nashville,12/17/2018 5:26:00 PM,3,2,0,36.141240,-86.717170,I 40,,,,0.00,,,,,,,213.80,N,Not at Intersection,N,Non-Junction,None,,,         ,Samuel,Sundra,Clear,Front to Rear,no,no,no,no,no,False
102249647,METROPOLITAN NASHVILLE POLICE DEPT,20181042539,Davidson,Nashville,12/17/2018 6:10:00 PM,2,0,0,36.161200,-86.792680,CHARLOTTE AV,,,,0.00,,,GEORGE L DAVIS BLVD,,,,0.00,Y,Four-Way, ,Intersection,None,,,         ,Jim,Crissman,Clear,"Sideswipe, Same Direction",no,no,no,no,no,False
102249648,METROPOLITAN NASHVILLE POLICE DEPT,20181042484,Davidson,Not in City Limit,12/17/2018 12:00:00 AM,2,2,0,36.107180,-86.928410,I 40,,,,0.00,,,,,,,198.85,N,Not at Intersection,N,Non-Junction,None,,,         ,Kelby,Dumond,Clear,Front to Rear,no,no,no,no,no,False
102249669,Nashville Airport Police,2018-04932,Davidson,Nashville,12/5/2018 5:00:00 PM,2,1,0,36.109690,-86.671460,KNAPP BLVD,,,,0.00,,,DONELSON PKE,,,,0.00,Y,Four-Way,Y,Intersection-Related,None,,,         ,Bradley,Kessler,Clear,"Sideswipe, Same Direction",no,no,no,no,no,False
102249670,METROPOLITAN NASHVILLE POLICE DEPT,20181042388,Davidson,Not in City Limit,12/17/2018 4:05:00 PM,3,0,0,36.321550,-86.854440,I 24,,,,0.00,,,,,,,35.75,N,Not at Intersection,N,Non-Junction,None,,,         ,Janelle,Keslar,Clear,Front to Rear,no,no,no,no,no,False
102249672,METROPOLITAN NASHVILLE POLICE DEPT,20181042370,Davidson,Nashville,12/17/2018 12:00:00 AM,2,0,0,36.150830,-86.750280,I 40,,,,0.00,,,,,,,211.60,N,Not at Intersection, ,Non-Junction,None,,,         ,Jessica,Johann,Clear,Front to Rear,no,no,no,no,no,False
102249674,METROPOLITAN NASHVILLE POLICE DEPT,20181042449,Davidson,Nashville,12/17/2018 5:23:00 PM,2,0,0,36.065780,-86.629520,MURFREESBORO PKE,,,,20.00,Feet,North,HAMILTON CROSSINGS,,,,0.00,N,Not at Intersection, ,Non-Junction,None,,,         ,Andrew,Brazee,Clear,Front to Rear,no,no,no,no,no,False
102249686,METROPOLITAN NASHVILLE POLICE DEPT,20181042497,Davidson,Nashville,12/17/2018 5:49:00 PM,2,0,0,36.176960,-86.751430,WOODLAND ST,,,,0.00,,,S 10TH ST,,,,0.00,Y,Four-Way, ,Intersection-Related,None,,,         ,Christopher,Butner,Clear,Front to Rear,no,no,no,no,no,False
102249691,METROPOLITAN NASHVILLE POLICE DEPT,20181042396,Davidson,Nashville,12/17/2018 4:50:00 PM,2,0,0,36.148420,-86.857900,WHITE BRIDGE PKE,,,,0.00,,,LENOX AV,,,,0.00,Y,OTHER, ,Non-Junction,None,,,         ,Torian,Cox,Clear,Angle,no,no,no,no,no,False
102249692,METROPOLITAN NASHVILLE POLICE DEPT,20181042525,Davidson,Not in City Limit,12/17/2018 6:04:00 PM,2,0,0,36.266760,-86.756680,DICKERSON PKE,,,,65.00,Feet,South,DARBYTOWN DR,,,,0.00,N,Not at Intersection, ,Non-Junction,None,,,         ,Peter,Vaught,Clear,Front to Rear,no,no,no,no,no,False
102249706,METROPOLITAN NASHVILLE POLICE DEPT,20181042701,Davidson,Not in City Limit,12/17/2018 6:34:00 PM,2,0,0,36.283210,-86.707050,GALLATIN PKEN,,,,70.00,Feet,South,EDGEMEADE BLVD,,,,0.00,N,Not at Intersection, ,Non-Junction,None,,,         ,Christopher,Littles,Clear,Front to Rear,no,no,no,no,no,False
102249707,METROPOLITAN NASHVILLE POLICE DEPT,20181042406,Davidson,Goodlettsville,12/17/2018 12:00:00 AM,2,0,0,36.304800,-86.693160,CONFERENCE DR,,,,0.00,Feet,,THE SHOPPES AT RIVERGATE PVTDR,,,,0.00,Y,T-Intersection,N,Intersection,None,,,         ,Joel,Callies,Cloudy,Angle,no,no,no,no,no,False
102249717,METROPOLITAN NASHVILLE POLICE DEPT,20181042668,Davidson,Nashville,12/17/2018 6:40:00 PM,2,0,0,36.158060,-86.877010,ROBERTSON AV,,,,0.00,,,ANNEX AV,,,,0.00,Y,Four-Way, ,,None,,,         ,Robert,Crow,,,no,no,no,no,no,False
102249718,VANDERBILT UNIVERSITY POLICE,20181042507,Davidson,Nashville,12/17/2018 12:00:00 AM,2,0,0,36.141640,-86.806030,25TH AVS,,,,407.00,Feet,South,HIGHLAND AV,,,,0.00,N,Not at Intersection,N,Non-Junction,None,,,         ,Alan,Reed,Clear,Unknown,no,no,no,yes,yes,Campus
102249768,METROPOLITAN NASHVILLE POLICE DEPT,20181042462,Davidson,Nashville,12/17/2018 1:46:00 PM,2,0,0,36.085330,-86.715680,WHISPERING OAKS PL,,,,661.00,Feet,West,TANGLEWOOD CT,,,,0.00,N,Not at Intersection,N,Non-Junction,None,,,         ,Shelby,Hughes,Clear,Rear to Rear,no,no,no,yes,yes,False
102249800,METROPOLITAN NASHVILLE POLICE DEPT,20181042761,Davidson,Nashville,12/17/2018 7:50:00 PM,2,0,0,36.128000,-86.845270,BOSLEY SPRINGS RD,,,,0.00,,,ST THOMAS DR,,,,0.00,Y,OTHER, ,OtherLocation,None,,,         ,Torian,Cox,Clear,Front to Rear,no,no,no,no,no,False
102249815,METROPOLITAN NASHVILLE POLICE DEPT,20181042622,Davidson,Nashville,12/17/2018 6:30:00 PM,3,2,0,36.117140,-86.748370,NOLENSVILLE PKE,,,,110.00,Feet,South,WOODBINE ST,,,,0.00,N,Not at Intersection,N,Non-Junction,None,,,         ,Jonathan,Sharp,Clear,Front to Rear,no,no,no,no,no,False
102249821,METROPOLITAN NASHVILLE POLICE DEPT,20181042838,Davidson,Nashville,12/17/2018 8:52:00 PM,2,1,0,36.153100,-86.633300,I40 E EXT RAMP,,,,0.00,Feet,East,I 40,,,,0.00,N,Not at Intersection,N,Non-Junction,None,,,         ,Tony,Mingsing,Clear,Unknown,no,no,no,no,yes,False
102249822,METROPOLITAN NASHVILLE POLICE DEPT,20181042538,Davidson,Nashville,12/17/2018 5:02:00 PM,2,0,0,36.089610,-86.724160,CATHY JO DR,,,,189.00,Feet,East,VALLEY RIDGE DR,,,,0.00,N,Not at Intersection,N,Non-Junction,None,,,         ,Andrew,Brazee,Clear,Front to Rear,no,no,no,no,yes,False
102249824,METROPOLITAN NASHVILLE POLICE DEPT,20181042883,Davidson,Nashville,12/17/2018 9:05:00 PM,2,0,0,36.105850,-86.813870,HILLSBORO PKE,,,,0.00,,,ABBOTT MARTIN RD,,,,0.00,Y,Four-Way, ,Intersection-Related,None,,,         ,Kelby,Dumond,Clear,"Sideswipe, Opposite Direction",no,no,no,no,no,False
102249827,METROPOLITAN NASHVILLE POLICE DEPT,20181042630,Davidson,Nashville,12/17/2018 6:51:00 PM,2,0,0,36.190890,-86.615190,OLD LEBANON DIRT RD,,,,0.00,,,OLD HICKORY BLVD,,,,0.00,Y,Four-Way,N,Intersection,None,,,         ,Roy,McElwee,Clear,"Sideswipe, Same Direction",no,no,no,no,yes,False