master_record_number,agency,agency_tracking_number,county,city,collision_date,vehicles_involved,number_injured,number_dead,latitude,longitude,roadway_name,roadway_suffix,roadway_number,roadway_local_id,distance_from_reference,miles-feet_indicator,direction_from_reference,intersection_road_name,intersection_road_name_suffix,intersection_road_number,intersection_local_id,mile_marker,intersection_indicator,intersect_type,interchange_related_indicator,relation_to_junction,work_zone_type,construction_maintenance_zone,construction_maintenance_zone_location,fatal_case_number,officer_first_name,officer_last_name,weather_condition(s),manner_of_crash,pedestrian,bicycle,scooter,parking,hitrun,mou
102250655,METROPOLITAN NASHVILLE POLICE DEPT,20181045283,Davidson,Not in City Limit,12/18/2018 5:14:00 PM,2,0,0,36.264270,-86.736130,OLD HICKORY BLVDW,,,,0.00,,,I65 N ENT RAMP,,,,0.00,Y,T-Intersection,N,Entrance/Exit Ramp Related,None,,,         ,Christopher,Littles,Clear,Angle,no,no,no,no,yes,False
102250656,METROPOLITAN NASHVILLE POLICE DEPT,2018-1044915,Davidson,Nashville,12/18/2018 2:54:00 PM,2,0,0,36.220780,-86.727110,VIRGINIA AV,,,,73.00,Feet,West,GALLATIN PKE,,,,0.00,N,Not at Intersection, ,Non-Junction,None,,,         ,Ryan,Allen,Clear,Angle,no,no,no,no,no,False
102250660,METROPOLITAN NASHVILLE POLICE DEPT,20181045091,Davidson,Nashville,12/18/2018 4:03:00 PM,1,1,0,36.288770,-86.742360,DICKERSON PKES,,,,500.00,Feet,East,OLD DICKERSON PKE,,,,0.00,N,Not at Intersection,N,Non-Junction,None,,,         ,Edward,Starke,Clear,Not Collision with Motor Vehicle in Transport,no,no,no,no,no,False
102250669,METROPOLITAN NASHVILLE POLICE DEPT,20181045326,Davidson,Nashville,12/18/2018 5:42:00 PM,1,0,0,36.115920,-86.747760,NOLENSVILLE PKE,,,,230.00,Feet,South,JOYNER AV,,,,0.00,N,Not at Intersection, ,Non-Junction,None,,,         ,Ryan,Storm,Clear,Not Collision with Motor Vehicle in Transport,yes,no,no,no,no,False
102250670,METROPOLITAN NASHVILLE POLICE DEPT,20181044948,Davidson,Nashville,12/18/2018 3:05:00 PM,2,0,0,36.166610,-86.820440,28TH AVN,,,,0.00,,,MEHARRY BLVD,,,,0.00,Y,T-Intersection, ,Non-Junction,None,,,         ,Russell,Jones,Clear,Front to Rear,no,no,no,no,no,False
102250671,GOODLETTSVILLE POLICE DEPT,18-44670,Davidson,Goodlettsville,12/18/2018 4:45:00 PM,2,0,0,36.309470,-86.695640,VIETNAM VETERANS BLVD SB EXT R,,,,0.00,,,CONFERENCE DR,,,,0.00,Y,T-Intersection, ,Entrance/Exit Ramp Related,None,,,         ,Marcus,Zugelder,Clear,Front to Rear,no,no,no,no,no,False
102250672,GOODLETTSVILLE POLICE DEPT,18-44483,Davidson,Goodlettsville,12/17/2018 2:40:00 PM,2,0,0,36.309480,-86.695660,VIETNAM VETERANS,,,,0.00,,,CONFERENCE,,,,0.00,Y,T-Intersection, ,Intersection-Related,None,,,         ,Charles,Hauskin,Clear,Front to Rear,no,no,no,no,no,False
102250695,METROPOLITAN NASHVILLE POLICE DEPT,20181045309,Davidson,Nashville,12/18/2018 5:36:00 PM,2,1,0,36.093420,-86.736270,NOLENSVILLE PKE,,,,0.00,Feet,,MCNALLY DR,,,,0.00,Y,Four-Way, ,Intersection-Related,None,,,         ,Shelby,Hughes,Clear,Front to Rear,no,no,no,no,no,False
102250696,METROPOLITAN NASHVILLE POLICE DEPT,20181045398,Davidson,Nashville,12/18/2018 5:47:00 PM,3,0,0,36.109270,-86.744350,NOLENSVILLE PKE,,,,194.00,Feet,South,COLLIER AV,,,,0.00,N,Not at Intersection,N,Non-Junction,None,,,         ,YUNUS,ADAK,Clear,Front to Rear,no,no,no,no,yes,False
102250701,METROPOLITAN NASHVILLE POLICE DEPT,20181045219,Davidson,Nashville,12/18/2018 4:30:00 PM,2,0,0,36.178620,-86.750910,FORREST AV,,,,0.00,,,GALLATIN AV,,,,0.00,Y,T-Intersection,N,Intersection,None,,,         ,Gregory,Cenicola,Clear,Angle,no,no,no,no,yes,False
102250702,METROPOLITAN NASHVILLE POLICE DEPT,20181045319,Davidson,Nashville,12/18/2018 4:04:00 PM,2,0,0,36.137170,-86.724240,SPENCE LN,,,,534.00,Feet,East,I40 E ENT RAMP,,,,0.00,N,Not at Intersection,N,Non-Junction,None,,,         ,Deandera,Payne,Clear,Front to Rear,no,no,no,no,no,False
102250704,METROPOLITAN NASHVILLE POLICE DEPT,20181045366,Davidson,Not in City Limit,12/18/2018 4:10:00 PM,2,1,0,36.263460,-86.684270,STATE RT 45,,,,0.00,Feet,,LARKIN SPRINGS RD,,,,0.00,Y,T-Intersection, ,Non-Junction,None,,,         ,Christopher,Littles,Clear,Front to Rear,no,no,no,no,no,False
102250714,METROPOLITAN NASHVILLE POLICE DEPT,20181045431,Davidson,Nashville,12/18/2018 5:25:00 PM,2,0,0,36.236950,-86.791520,BRILEY PKWYE,,,,294.00,Feet,West,BRILEY PKWYW,,,,0.00,N,Not at Intersection,N,Non-Junction,None,,,         ,Melvin,Taylor,Clear,Front to Rear,no,no,no,no,no,False
102250715,GOODLETTSVILLE POLICE DEPT,18-44674,Davidson,Goodlettsville,12/18/2018 6:37:00 PM,2,1,0,36.320760,-86.703330,I 65,,,,0.00,,,,,,,96.75,N,Not at Intersection,N,Non-Junction,None,,,         ,Hannah,Poole,Clear,Front to Rear,no,no,no,no,no,False
102250716,METROPOLITAN NASHVILLE POLICE DEPT,20181045422,Davidson,Nashville,12/18/2018 5:18:00 PM,2,0,0,36.118840,-86.726140,I 24,,,,0.00,,,,,,,53.00,N,Not at Intersection, ,Non-Junction,None,,,         ,Ciarra,Rench,Clear,Front to Rear,no,no,no,no,no,False
102250722,METROPOLITAN NASHVILLE POLICE DEPT,20181045479,Davidson,Nashville,12/18/2018 7:00:00 PM,2,0,0,36.213570,-86.764520,DICKERSON PKE,,,,0.00,,,DELLWAY VILLA RD,,,,0.00,Y,T-Intersection, ,Non-Junction,None,,,         ,Joseph,Maeser,Clear,Angle,no,no,no,no,yes,False
102250723,METROPOLITAN NASHVILLE POLICE DEPT,20181045367,Davidson,Nashville,12/18/2018 12:00:00 AM,2,1,0,36.108820,-86.679320,MURFREESBORO PKE,,,,813.00,Feet,West,DELL PKWY,,,,0.00,N,Not at Intersection,N,Non-Junction,None,,,         ,Alexander,Spradling,Clear,Front to Rear,no,no,no,no,no,False
102250728,METROPOLITAN NASHVILLE POLICE DEPT,20181045489,Davidson,Nashville,12/18/2018 5:17:00 PM,2,0,0,36.115940,-86.696260,MURFREESBORO PKE,,,,365.00,Feet,East,MCGAVOCK PKE,,,,0.00,N,Not at Intersection, ,Non-Junction,None,,,         ,YUNUS,ADAK,Clear,Front to Rear,no,no,no,no,no,False
102250742,GOODLETTSVILLE POLICE DEPT,18-44666,Davidson,Goodlettsville,12/18/2018 3:55:00 PM,2,4,0,36.298050,-86.728890,THE RETREAT AT DRY CREEK FARMS,,,,0.00,,,,,,,0.00,,,N,"Driveway, Alley Access, etc",None,,,         ,Charles,Hauskin,Clear,Angle,no,no,no,yes,no,False
102250745,METROPOLITAN NASHVILLE POLICE DEPT,20181045224,Davidson,Nashville,12/18/2018 4:57:00 PM,4,2,0,36.143550,-86.687830,I40 W EXT RAMP,,,,0.00,Feet,East,I 40,,,,0.00,N,Not at Intersection,N,Non-Junction,None,,,         ,Samuel,Sundra,Clear,Front to Rear,no,no,no,no,no,False
102250746,METROPOLITAN NASHVILLE POLICE DEPT,20181045516,Davidson,Not in City Limit,12/18/2018 7:25:00 PM,2,0,0,36.272520,-86.689530,MYATT DR,,,,152.00,Feet,North,ANDERSON LN,,,,0.00,N,Not at Intersection,N,Non-Junction,None,,,         ,Christopher,Littles,Clear,Angle,no,no,no,no,yes,False
102250751,METROPOLITAN NASHVILLE POLICE DEPT,20181045531,Davidson,Nashville,12/18/2018 7:02:00 PM,2,0,0,36.066700,-86.686850,I 24,,,,0.00,,,,,,,57.25,N,Not at Intersection,N,Non-Junction,None,,,         ,Devonte,Coleman,Clear,Front to Rear,no,no,no,no,yes,False
102250753,GOODLETTSVILLE POLICE DEPT,18-44677,Davidson,Goodlettsville,12/18/2018 6:43:00 PM,2,0,0,36.321133,-86.713219,N MAIN ST /  DICKERSON PIKE,,SR11,,0.00,Feet,,N MAIN ST / MEMORIAL,,SR,,0.00,Y,Four-Way, ,Intersection,None,,,         ,Zachary,Scannell,Clear,Front to Rear,no,no,no,no,no,False
102250754,METROPOLITAN NASHVILLE POLICE DEPT,20181045432,Davidson,Nashville,12/18/2018 6:45:00 PM,2,0,0,36.097580,-86.709440,I 24,,,,0.00,,,,,,,54.75,N,Not at Intersection, ,Non-Junction,None,,,         ,Sean,Weaver,Clear,Front to Rear,no,no,no,no,no,False
102250759,METROPOLITAN NASHVILLE POLICE DEPT,20181045510,Davidson,Nashville,12/18/2018 7:26:00 PM,2,1,0,36.171630,-86.764640,S 5TH ST,,,,85.00,Feet,South,WOODLAND ST,,,,0.00,N,Not at Intersection, ,Non-Junction,None,,,         ,Gordon,Stovall,Clear,Front to Rear,no,no,no,no,no,False
102250767,VANDERBILT UNIVERSITY POLICE,20181045249,Davidson,Nashville,12/18/2018 3:55:00 PM,1,0,0,36.142400,-86.800720,MEDICAL CENTER DR,,,,0.00,,,,,,,0.00,,, ,Non-Junction,None,,,         ,James,McDaniel,Clear,Not Collision with Motor Vehicle in Transport,no,no,no,yes,no,Campus
102250768,METROPOLITAN NASHVILLE POLICE DEPT,20181045443,Davidson,Nashville,12/18/2018 6:20:00 PM,2,0,0,36.159000,-86.760460,I 24,,,,0.00,,,,,,,49.50,N,Not at Intersection, ,Non-Junction,None,,,         ,Jason,King,Clear,Front to Rear,no,no,no,no,no,False
102250769,METROPOLITAN NASHVILLE POLICE DEPT,20181045451,Davidson,Nashville,12/18/2018 5:52:00 PM,2,1,0,36.169470,-86.806620,DR D B TODD JR BLVD,,,,0.00,,,JEFFERSON ST,,,,0.00,Y,Four-Way,N,Intersection-Related,None,,,         ,Russell,Jones,Clear,"Sideswipe, Same Direction",no,no,no,no,yes,False
102250772,METROPOLITAN NASHVILLE POLICE DEPT,20181045471,Davidson,Nashville,12/18/2018 3:27:00 PM,2,0,0,36.043480,-86.650250,HICKORY HOLLOW PKWY,,,,156.00,Feet,South,CROSSINGS PL,,,,0.00,N,Not at Intersection, ,Non-Junction,None,,,         ,Shelby,Hughes,Clear,Front to Rear,no,no,no,no,no,False
102250774,METROPOLITAN NASHVILLE POLICE DEPT,20181045518,Davidson,Nashville,12/18/2018 7:01:00 PM,4,0,0,36.122830,-86.751090,NOLENSVILLE PKE,,,,34.00,Feet,West,I440 E ENT RAMP,,,,0.00,N,Not at Intersection, ,Non-Junction,None,,,         ,Ciarra,Rench,Clear,Front to Rear,no,no,no,no,yes,False
102250775,METROPOLITAN NASHVILLE POLICE DEPT,20181045481,Davidson,Nashville,12/18/2018 7:00:00 PM,2,0,0,36.158010,-86.759890,I 24,,,,0.00,,,,,,,49.60,N,Not at Intersection, ,Non-Junction,None,,,         ,Darci,Stechman,Clear,"Sideswipe, Same Direction",no,no,no,no,no,False
102250776,METROPOLITAN NASHVILLE POLICE DEPT,20181045262,Davidson,Nashville,12/18/2018 5:15:00 PM,2,0,0,36.166400,-86.780580,CHARLOTTE AV,,,,35.00,Feet,East,4TH AVN,,,,0.00,N,Not at Intersection,N,Non-Junction,None,,,         ,Joshua,Reece,Clear,Angle,no,no,no,no,yes,False
102250777,METROPOLITAN NASHVILLE POLICE DEPT,20181045405,Davidson,Nashville,12/18/2018 5:16:00 PM,2,0,0,36.167780,-86.795960,I 40,,,,0.00,,,,,,,208.20,N,Not at Intersection,N,Non-Junction,None,,,         ,FELIKS,ABRAHAMYAN,Clear,Front to Rear,no,no,no,no,yes,False
102250781,METROPOLITAN NASHVILLE POLICE DEPT,20181045212,Davidson,Nashville,12/18/2018 4:05:00 PM,2,0,0,36.086610,-86.730710,ELYSIAN FIELDS RD,,,,173.00,Feet,West,NOLENSVILLE PKE,,,,0.00,N,Not at Intersection, ,"Driveway, Alley Access, etc",None,,,         ,John,Roberson,Clear,Angle,no,no,no,no,no,False
102250788,METROPOLITAN NASHVILLE POLICE DEPT,20181045369,Davidson,Nashville,12/18/2018 6:02:00 PM,2,0,0,36.089070,-86.649990,RANSOM PL,,,,0.00,,,MURFREESBORO PKE,,,,0.00,Y,Four-Way,N,Intersection,None,,,         ,Cheri,Cox,Clear,Angle,no,no,no,no,no,False
102250789,METROPOLITAN NASHVILLE POLICE DEPT,20181045620,Davidson,Nashville,12/18/2018 7:09:00 PM,2,0,0,36.104820,-86.717040,I 24,,,,0.00,,,,,,,54.15,N,Not at Intersection, ,Non-Junction,None,,,         ,Jarret,Sonnenberg,Clear,"Sideswipe, Same Direction",no,no,no,no,no,False
102250791,METROPOLITAN NASHVILLE POLICE DEPT,20181045536,Davidson,Nashville,12/18/2018 6:42:00 PM,2,0,0,36.108830,-86.769490,I 65,,,,0.00,,,,,,,79.65,N,Not at Intersection, ,,None,,,         ,FELIKS,ABRAHAMYAN,,,no,no,no,no,no,False
102250799,METROPOLITAN NASHVILLE POLICE DEPT,20181045114,Davidson,Nashville,12/18/2018 4:13:00 PM,2,2,0,36.160240,-86.786840,CHURCH ST,,,,276.00,Feet,West,GULCH GRNWY,,,,0.00,N,Not at Intersection,N,Non-Junction,None,,,         ,Brandon,O'Guin,Clear,Front to Rear,no,no,no,no,no,False
102250806,METROPOLITAN NASHVILLE POLICE DEPT,20181045293,Davidson,Antioch,12/18/2018 3:22:00 PM,3,1,0,36.013400,-86.620770,I24 E EXT RAMP,,,,0.00,Feet,East,I 24,,,,0.00,N,Not at Intersection,N,Entrance/Exit Ramp Related,None,,,         ,Andrew,Brazee,Clear,"Sideswipe, Same Direction",no,no,no,no,no,False
102250808,METROPOLITAN NASHVILLE POLICE DEPT,20181044897,Davidson,Nashville,12/18/2018 2:46:00 PM,2,1,0,36.151760,-86.768630,2ND AVS,,,,0.00,,,I40 W EXT RAMP,,,,0.00,Y,Four-Way,N,Intersection,Construction Zone,,,         ,Michael,Douglas,Clear,Angle,no,no,no,no,no,False
102250816,METROPOLITAN NASHVILLE POLICE DEPT,2018-1045598,Davidson,Nashville,12/18/2018 8:08:00 PM,2,0,0,36.182440,-86.812190,DR D B TODD JR BLVD,,,,67.00,Feet,South,CLAY ST,,,,0.00,N,Not at Intersection, ,,None,,,         ,Ryan,Allen,,,no,no,no,yes,no,False
102250818,METROPOLITAN NASHVILLE POLICE DEPT,20181044908,Davidson,Nashville,12/18/2018 2:40:00 PM,2,0,0,36.158610,-86.792170,14TH AVN,,,,146.00,Feet,South,I40 E EXT RAMP,,,,0.00,N,Not at Intersection, ,,None,,,         ,Akira,McSwain,,,no,no,no,no,no,False
102250819,METROPOLITAN NASHVILLE POLICE DEPT,20181045144,Davidson,Nashville,12/18/2018 4:17:00 PM,2,0,0,36.040150,-86.780760,OLD HICKORY BLVD,,,,0.00,Feet,,I65 N ENT RAMP,,,,0.00,Y,T-Intersection,N,Intersection,None,,,         ,Akira,McSwain,Clear,Angle,no,no,no,no,no,False
102250820,METROPOLITAN NASHVILLE POLICE DEPT,20181045450,Davidson,Nashville,12/18/2018 6:19:00 PM,2,0,0,36.149380,-86.773340,I 40,,,,0.00,,,,,,,210.20,N,Not at Intersection, ,Non-Junction,None,,,         ,Akira,McSwain,Clear,"Sideswipe, Same Direction",no,no,no,no,no,False
102250821,METROPOLITAN NASHVILLE POLICE DEPT,20181045553,Davidson,Nashville,12/18/2018 5:37:00 PM,2,0,0,36.117110,-86.791550,GALE LN,,,,0.00,,,GRANNY WHITE PKE,,,,0.00,Y,T-Intersection, ,Non-Junction,None,,,         ,Akira,McSwain,Clear,Angle,no,no,no,no,no,False
102250822,METROPOLITAN NASHVILLE POLICE DEPT,20181045360,Davidson,Nashville,12/18/2018 6:00:00 PM,5,0,0,36.160360,-86.760150,I 24,,,,0.00,,,,,,,49.45,N,Not at Intersection,N,Non-Junction,None,,,         ,Brynn,Cellan,Clear,"Sideswipe, Same Direction",no,no,no,no,yes,False
102250823,METROPOLITAN NASHVILLE POLICE DEPT,20181045244,Davidson,Nashville,12/18/2018 5:00:00 PM,2,1,0,36.138030,-86.775910,I 65,,,,0.00,,,,,,,81.65,N,Not at Intersection,N,Non-Junction,None,,,         ,Jonathan,Sharp,Clear,Front to Rear,no,no,no,no,no,False
102250824,METROPOLITAN NASHVILLE POLICE DEPT,20181045459,Davidson,Nashville,12/18/2018 6:43:00 PM,3,0,0,36.125480,-86.846150,KENNER AV,,,,159.00,Feet,South,HARDING PKE,,,,0.00,N,Not at Intersection, ,Non-Junction,None,,,         ,Broderick,Jones,Clear,Front to Rear,no,no,no,no,no,False
102250839,METROPOLITAN NASHVILLE POLICE DEPT,20181045634,Davidson,Nashville,12/18/2018 8:27:00 PM,2,0,0,36.206190,-86.772430,W TRINITY LN,,,,311.00,Feet,East,I65 N ENT RAMP,,,,0.00,N,Not at Intersection,N,Non-Junction,None,,,         ,Trevor,Jones,Clear,Angle,no,no,no,no,no,False
102250844,METROPOLITAN NASHVILLE POLICE DEPT,20181045299,Davidson,Nashville,12/18/2018 5:31:00 PM,3,1,0,36.230160,-86.624770,OLD HICKORY BLVD,,,,749.00,Feet,North,CLEVELAND HALL BLVD,,,,0.00,N,Not at Intersection,N,Non-Junction,None,,,         ,Craig,Gentry,Clear,Front to Rear,no,no,no,no,no,False
102250845,METROPOLITAN NASHVILLE POLICE DEPT,20181045191,Davidson,Nashville,12/18/2018 4:15:00 PM,2,0,0,36.167740,-86.663590,LEBANON PKE,,,,83.00,Feet,West,DONELSON PKE,,,,0.00,N,Not at Intersection, ,Non-Junction,None,,,         ,Allyson,Reis,Clear,Front to Rear,no,no,no,no,no,False
102250846,METROPOLITAN NASHVILLE POLICE DEPT,20181045605,Davidson,Nashville,12/18/2018 8:11:00 PM,2,4,0,36.230580,-86.607310,SHUTE LN,,,,160.00,Feet,East,BRANDYWINE POINTE BLVD,,,,0.00,N,Not at Intersection,N,Non-Junction,None,,,         ,Abbey,Sawl,Clear,Not Collision with Motor Vehicle in Transport,no,no,no,no,no,False
102250849,METROPOLITAN NASHVILLE POLICE DEPT,20181045676,Davidson,Nashville,12/18/2018 5:50:00 PM,2,0,0,36.148420,-86.745470,I 40,,,,0.00,,,,,,,211.90,N,Not at Intersection, ,Non-Junction,None,,,         ,Darci,Stechman,Clear,"Sideswipe, Same Direction",no,no,no,no,no,False
102250850,METROPOLITAN NASHVILLE POLICE DEPT,20181045288,Davidson,Nashville,12/18/2018 5:23:00 PM,2,0,0,36.154710,-86.773120,LEA AV,,,,0.00,,,4TH AVS,,,,0.00,Y,Four-Way, ,Intersection,None,,,         ,Michael,Douglas,Clear,HeadOn,no,no,no,no,no,False
102250859,METROPOLITAN NASHVILLE POLICE DEPT,20181045606,Davidson,Not in City Limit,12/18/2018 8:12:00 PM,2,1,0,36.085040,-86.948680,I 40,,,,0.00,,,,,,,196.85,N,Not at Intersection,N,Non-Junction,None,,,         ,John,Hoesli,Clear,Angle,no,no,no,no,yes,False
102250864,METROPOLITAN NASHVILLE POLICE DEPT,20181045413,Davidson,Nashville,12/18/2018 6:16:00 PM,2,0,0,36.111030,-86.753210,THOMPSON LN,,,,86.00,Feet,East,FOSTER CREIGHTON DR,,,,0.00,N,Not at Intersection,N,Non-Junction,None,,,         ,John,Stanfield,Clear,"Sideswipe, Same Direction",no,no,no,no,no,False
102250866,METROPOLITAN NASHVILLE POLICE DEPT,20181045308,Davidson,Nashville,12/18/2018 5:29:00 PM,2,0,0,36.174390,-86.783020,2ND AVN,,,,0.00,,,JUNIOR GILLIAM WAY,,,,0.00,Y,T-Intersection,N,Non-Junction,None,,,         ,Brandon,O'Guin,Clear,Angle,no,no,no,no,no,False
102250868,METROPOLITAN NASHVILLE POLICE DEPT,20181045233,Davidson,Nashville,12/18/2018 5:01:00 PM,2,0,0,36.162790,-86.761280,I 24,,,,0.00,,,,,,,49.30,N,Not at Intersection,N,Non-Junction,None,,,         ,Timothy,Mead,Clear,Front to Rear,no,no,no,no,yes,False
102250869,METROPOLITAN NASHVILLE POLICE DEPT,20181045374,Davidson,Nashville,12/18/2018 6:15:00 PM,2,0,0,36.154630,-86.779160,8TH AVS,,,,0.00,Feet,,LAFAYETTE ST,,,,0.00,Y,Roundabout,N,Intersection,None,,,         ,Timothy,Mead,Clear,Angle,no,no,no,no,no,False
102250876,METROPOLITAN NASHVILLE POLICE DEPT,20181045017,Davidson,Nashville,12/18/2018 3:34:00 PM,4,2,0,36.141880,-86.712420,I 40,,,,0.00,,,,,,,214.05,N,Not at Intersection,N,Non-Junction,None,,,         ,Dontaveous,Eubanks,Clear,Front to Rear,no,no,no,no,no,False
102250878,METROPOLITAN NASHVILLE POLICE DEPT,20181045659,Davidson,Nashville,12/18/2018 7:31:00 PM,2,0,0,36.169620,-86.677730,LEBANON PKE,,,,645.00,Feet,East,MCGAVOCK PKE,,,,0.00,N,Not at Intersection,N,Non-Junction,None,,,         ,Allyson,Reis,Clear,Angle,no,no,no,no,no,False
102250881,METROPOLITAN NASHVILLE POLICE DEPT,20181045790,Davidson,Antioch,12/18/2018 9:37:00 PM,2,0,0,36.047840,-86.612050,MURFREESBORO PKE,,,,1284.00,Feet,North,MOUNTAIN SPRINGS RD,,,,0.00,N,Not at Intersection, ,Non-Junction,None,,,         ,Andrew,Brazee,Clear,"Sideswipe, Same Direction",no,no,no,no,no,False
102250885,METROPOLITAN NASHVILLE POLICE DEPT,20181045700,Davidson,Nashville,12/18/2018 7:15:00 PM,2,0,0,36.151370,-86.751170,I 40,,,,0.00,,,,,,,211.50,N,Not at Intersection, ,,None,,,         ,Darci,Stechman,,,no,no,no,no,no,False
102250888,METROPOLITAN NASHVILLE POLICE DEPT,20181045748,Davidson,Nashville,12/18/2018 9:12:00 PM,2,0,0,36.191660,-86.839110,HYDES FERRY RD,,,,270.00,Feet,North,MANCHESTER AV,,,,0.00,N,Not at Intersection,N,Non-Junction,None,,,         ,Brian,Woodard,Clear,Angle,no,no,no,no,yes,False
102250892,METROPOLITAN NASHVILLE POLICE DEPT,20181045781,Davidson,Nashville,12/18/2018 9:41:00 PM,1,1,0,36.239720,-86.767090,VAILVIEW DR,,,,207.00,Feet,West,OAKVIEW DR,,,,0.00,N,Not at Intersection,N,Non-Junction,None,,,         ,Christopher,Littles,Clear,Not Collision with Motor Vehicle in Transport,no,no,no,no,no,False
102250960,METROPOLITAN NASHVILLE POLICE DEPT,20181045962,Davidson,Nashville,12/18/2018 9:46:00 PM,2,0,0,36.160820,-86.818030,LENA ST,,,,171.00,Feet,North,BOOKER ST,,,,0.00,N,Not at Intersection, ,Non-Junction,None,,,         ,Corey,Oakley,Clear,Angle,no,no,no,no,yes,False
102250972,METROPOLITAN NASHVILLE POLICE DEPT,20181045890,Davidson,Nashville,12/18/2018 7:12:00 PM,2,0,0,36.142810,-86.736050,I 40,,,,0.00,,,,,,,212.75,N,Not at Intersection, ,Non-Junction,None,,,         ,Joseph,Patricio,Clear,Front to Rear,no,no,no,no,no,False
102250978,METROPOLITAN NASHVILLE POLICE DEPT,20181045778,Davidson,Nashville,12/18/2018 9:35:00 PM,2,0,0,36.140040,-86.723900,I 40,,,,0.00,,,,,,,213.45,N,Not at Intersection,N,Non-Junction,None,,,         ,Marvis,Malone,Clear,Angle,no,no,no,no,no,False
102250982,METROPOLITAN NASHVILLE POLICE DEPT,20181045970,Davidson,Nashville,12/18/2018 9:15:00 PM,3,0,0,36.141770,-86.734610,I 40,,,,0.00,,,,,,,212.85,N,Not at Intersection,N,Non-Junction,None,,,         ,Joseph,Patricio,Clear,Front to Rear,no,no,no,no,yes,False
102251003,METROPOLITAN NASHVILLE POLICE DEPT,20181046075,Davidson,Nashville,12/19/2018 12:14:00 AM,1,0,0,36.059630,-86.670960,HICKORY HOLLOW PKWY,,,,35.00,Feet,South,UNA ANTIOCH PKE,,,,0.00,N,Not at Intersection,N,Non-Junction,None,,,         ,Autumn,Manning,Clear,Not Collision with Motor Vehicle in Transport,no,no,no,no,no,False
102251014,METROPOLITAN NASHVILLE POLICE DEPT,20181046052,Davidson,Nashville,12/18/2018 6:50:00 PM,2,0,0,36.153550,-86.722730,LEBANON PKE,,,,351.00,Feet,West,SPENCE LN,,,,0.00,N,Not at Intersection, ,Non-Junction,None,,,         ,Kyle,Berkheiser,Clear,"Sideswipe, Same Direction",no,no,no,no,yes,False
102251088,METROPOLITAN NASHVILLE POLICE DEPT,20181046538,Davidson,Nashville,12/19/2018 12:00:00 AM,1,0,0,36.108300,-86.720250,I24 W EXT RAMP,,,,0.00,,,I 24,,,,0.00,Y,OTHER,Y,Entrance/Exit Ramp Related,None,,,         ,David,Smith,Clear,Not Collision with Motor Vehicle in Transport,no,no,no,no,yes,False
102251101,METROPOLITAN NASHVILLE POLICE DEPT,20181041818,Davidson,Nashville,12/17/2018 11:42:00 AM,2,0,0,36.050890,-86.646640,BELL RD,,,,96.00,Feet,East,HICKORY HOLLOW TER,,,,0.00,N,Not at Intersection, ,Non-Junction,None,,,         ,Jessie,Meadows,Clear,Angle,no,no,no,no,no,False
102251121,METROPOLITAN NASHVILLE POLICE DEPT,20181046610,Davidson,Nashville,12/18/2018 3:47:00 PM,1,0,0,36.046680,-86.674270,BLUE HOLE RD,,,,344.00,Feet,North,BELL RD,,,,0.00,N,Not at Intersection,N,Non-Junction,None,,,         ,David,Simmonds,Unknown,Not Collision with Motor Vehicle in Transport,no,no,no,yes,no,False
102251133,METROPOLITAN NASHVILLE POLICE DEPT,20181046834,Davidson,Nashville,12/19/2018 6:21:00 AM,2,0,0,36.144010,-86.689840,I40 W EXT RAMP,,,,0.00,Feet,East,I 40,,,,0.00,N,Not at Intersection, ,Entrance/Exit Ramp Related,None,,,         ,Tien,Nguyen,Clear,Front to Rear,no,no,no,no,no,False
102251150,BERRY HILL POLICE DEPT,18-4558,Davidson,Berry Hill,12/18/2018 9:47:00 AM,1,0,0,36.122330,-86.763910,LIGON DR,,,,0.00,,,,,,,0.00,,, ,OtherLocation,None,,,         ,Ronnie,Hill,Cloudy,Not Collision with Motor Vehicle in Transport,no,no,no,yes,no,False
102251159,METROPOLITAN NASHVILLE POLICE DEPT,20181046862,Davidson,Not in City Limit,12/19/2018 7:00:00 AM,2,0,0,36.034520,-86.973630,HIGHWAY 100,,,,105.00,Feet,East,NATCHEZ TRACE PKWY EXT RAMP,,,,0.00,N,Not at Intersection,N,Non-Junction,None,,,         ,Curtis,Rich,Clear,Front to Rear,no,no,no,no,no,False
102251192,METROPOLITAN NASHVILLE POLICE DEPT,20181046845,Davidson,Nashville,12/19/2018 5:15:00 AM,2,0,0,36.058450,-86.678000,I 24,,,,0.00,,,,,,,58.00,N,Not at Intersection, ,Non-Junction,None,,,         ,Jason,Kedzierski,Clear,Front to Rear,no,no,no,no,no,False
102251202,METROPOLITAN NASHVILLE POLICE DEPT,2018-1046880,Davidson,Nashville,12/19/2018 7:01:00 AM,2,0,0,36.070130,-86.685000,HAYWOOD LN,,,,148.00,Feet,West,ANTIOCH PKE,,,,0.00,N,Not at Intersection, ,,None,,,         ,Stanley,Collins,,,no,no,no,no,no,False
102251204,METROPOLITAN NASHVILLE POLICE DEPT,20181046830,Davidson,Nashville,12/19/2018 6:35:00 AM,4,1,0,36.109610,-86.770010,I 65,,,,0.00,,,,,,,79.70,N,Not at Intersection,Y,Non-Junction,None,,,         ,Justin,Pinkelton,Clear,"Sideswipe, Same Direction",no,no,no,no,no,False