master_record_number,agency,agency_tracking_number,county,city,collision_date,vehicles_involved,number_injured,number_dead,latitude,longitude,roadway_name,roadway_suffix,roadway_number,roadway_local_id,distance_from_reference,miles-feet_indicator,direction_from_reference,intersection_road_name,intersection_road_name_suffix,intersection_road_number,intersection_local_id,mile_marker,intersection_indicator,intersect_type,interchange_related_indicator,relation_to_junction,work_zone_type,construction_maintenance_zone,construction_maintenance_zone_location,fatal_case_number,officer_first_name,officer_last_name,weather_condition(s),manner_of_crash,pedestrian,bicycle,scooter,parking,hitrun,mou
102251223,METROPOLITAN NASHVILLE POLICE DEPT,20181047041,Davidson,Nashville,12/19/2018 8:00:00 AM,2,0,0,36.150150,-86.857950,WHITE BRIDGE PKE,,,,0.00,,,CHARLOTTE PKE,,,,0.00,Y,Four-Way, ,Intersection,None,,,         ,Curtis,Rich,Clear,Angle,no,no,no,no,yes,False
102251224,METROPOLITAN NASHVILLE POLICE DEPT,20181046884,Davidson,Nashville,12/19/2018 6:35:00 AM,2,0,0,36.112350,-86.771870,I 65,,,,0.00,,,,,,,79.90,N,Not at Intersection, ,,None,,,         ,Justin,Pinkelton,,,no,no,no,no,no,False
102251225,METROPOLITAN NASHVILLE POLICE DEPT,20181046854,Davidson,Antioch,12/19/2018 6:54:00 AM,3,0,0,36.029000,-86.590010,LAVERGNE COUCHVILLE PKE,,,,275.00,Feet,North,MURFREESBORO PKE,,,,0.00,N,Not at Intersection,N,Non-Junction,None,,,         ,Joseph,Simon,Clear,Angle,no,no,no,no,no,False
102251228,METROPOLITAN NASHVILLE POLICE DEPT,20181047063,Davidson,Nashville,12/19/2018 8:41:00 AM,2,0,0,36.198440,-86.620270,LEBANON PKE,,,,0.00,,,OLD HICKORY BLVD,,,,0.00,Y,Four-Way, ,Intersection-Related,None,,,         ,Tien,Nguyen,Clear,Front to Rear,no,no,no,no,no,False
102251231,METROPOLITAN NASHVILLE POLICE DEPT,20181046932,Davidson,Nashville,12/19/2018 7:41:00 AM,4,0,0,36.181970,-86.641750,DOWNEYMEADE DR,,,,80.00,Feet,North,LEBANON PKE,,,,0.00,N,Not at Intersection,N,Non-Junction,None,,,         ,Michael,Dance,Clear,Front to Rear,no,no,no,no,no,False
102251233,METROPOLITAN NASHVILLE POLICE DEPT,20180146949,Davidson,Nashville,12/19/2018 7:45:00 AM,2,0,0,36.137980,-86.800710,21ST AVS,,,,149.00,Feet,North,WEDGEWOOD AV,,,,0.00,N,Not at Intersection, ,,None,,,         ,Brian,Murphy,,,no,no,no,no,no,Campus
102251242,METROPOLITAN NASHVILLE POLICE DEPT,20181046895,Davidson,Nashville,12/19/2018 7:15:00 AM,2,0,0,36.037400,-86.786570,OLD HICKORY BLVD,,,,0.00,,,FRANKLIN PKE,,,,0.00,Y,Four-Way, ,,None,,,         ,Earl,Davis,,,no,no,no,no,no,False
102251244,METROPOLITAN NASHVILLE POLICE DEPT,20181046992,Davidson,Nashville,12/19/2018 8:05:00 AM,3,0,0,36.198880,-86.751960,ELLINGTON PKWYS,,,,350.00,Feet,South,ELLINGTON PKWYN,,,,0.00,N,Not at Intersection,N,Non-Junction,None,,,         ,Erik,Nash,Clear,Front to Rear,no,no,no,no,no,False
102251245,METROPOLITAN NASHVILLE POLICE DEPT,20181046983,Davidson,Nashville,12/19/2018 7:30:00 AM,2,0,0,36.248840,-86.756960,DICKERSON PKE,,,,300.00,Feet,South,OLD DUE WEST AV,,,,0.00,N,Not at Intersection, ,Non-Junction,None,,,         ,Cyretha,Frazier,Clear,"Sideswipe, Same Direction",no,no,no,no,no,False
102251246,METROPOLITAN NASHVILLE POLICE DEPT,20181047004,Davidson,Nashville,12/19/2018 8:12:00 AM,2,0,0,36.071790,-86.636090,MURFREESBORO PKE,,,,40.00,Feet,South,BELL RD,,,,0.00,N,Not at Intersection, ,Non-Junction,None,,,         ,Jason,Milyaro Lucas,Clear,Front to Rear,no,no,no,no,no,False
102251247,METROPOLITAN NASHVILLE POLICE DEPT,20181047105,Davidson,Nashville,12/19/2018 9:00:00 AM,2,0,0,36.102710,-86.870000,HARDING PKE,,,,206.00,Feet,North,HARDING PL,,,,0.00,N,Not at Intersection, ,Non-Junction,None,,,         ,Curtis,Rich,Clear,Angle,no,no,no,no,no,False
102251256,METROPOLITAN NASHVILLE POLICE DEPT,20181047043,Davidson,Nashville,12/19/2018 8:20:00 AM,2,0,0,36.169820,-86.808900,I 40,,,,0.00,,,,,,,207.20,N,Not at Intersection, ,Non-Junction,None,,,         ,Daniel,Kallman,Clear,"Sideswipe, Same Direction",no,no,no,no,no,False
102251257,METROPOLITAN NASHVILLE POLICE DEPT,20181046989,Davidson,Nashville,12/19/2018 8:07:00 AM,2,1,0,36.193580,-86.625070,JACKSONIAN DR,,,,0.00,Feet,South,BONNAFORD DR,,,,0.00,N,Not at Intersection,N,Non-Junction,None,,,         ,Tien,Nguyen,Clear,Front to Rear,no,no,no,no,no,False
102251259,METROPOLITAN NASHVILLE POLICE DEPT,20181047053,Davidson,Nashville,12/19/2018 8:35:00 AM,2,1,0,36.147430,-86.799390,21ST AVS,,,,0.00,,,GRAND AV,,,,0.00,Y,T-Intersection,N,Intersection,None,,,         ,David,Crisman,Clear,Angle,no,no,no,no,no,Campus
102251264,METROPOLITAN NASHVILLE POLICE DEPT,20181047057,Davidson,Nashville,12/19/2018 8:35:00 AM,2,0,0,36.182840,-86.799240,I 65,,,,0.00,,,,,,,85.20,N,Not at Intersection,N,Non-Junction,None,,,         ,Ronald,Bright,Clear,Front to Rear,no,no,no,no,no,False
102251278,METROPOLITAN NASHVILLE POLICE DEPT,20181047134,Davidson,Nashville,12/19/2018 9:23:00 AM,2,1,0,36.048770,-86.665180,I 24,,,,0.00,,,,,,,59.00,N,Not at Intersection,N,Non-Junction,None,,,         ,Steven,Williams,Clear,Front to Rear,no,no,no,no,no,False
102251281,METROPOLITAN NASHVILLE POLICE DEPT,20181047059,Davidson,Nashville,12/19/2018 7:50:00 AM,1,0,0,36.043010,-86.661630,CANE RIDGE RD,,,,0.00,,,BELL HOLLOW APTS PVTDR,,,,0.00,Y,OTHER,N,Non-Junction,None,,,         ,Jason,Kedzierski,Clear,Not Collision with Motor Vehicle in Transport,no,no,no,no,no,False
102251292,METROPOLITAN NASHVILLE POLICE DEPT,20181047036,Davidson,Nashville,12/19/2018 8:10:00 AM,2,0,0,36.041660,-86.782430,I 65,,,,0.00,,,,,,,74.80,N,Not at Intersection,Y,OtherLocation,None,,,         ,Earl,Davis,Clear,"Sideswipe, Same Direction",no,no,no,no,no,False
102251295,METROPOLITAN NASHVILLE POLICE DEPT,20181047191,Davidson,Nashville,12/19/2018 9:19:00 AM,2,0,0,36.086190,-86.922710,SUMMIT OAKS CT,,,,696.00,Feet,West,SUMMIT OAKS DR,,,,0.00,N,Not at Intersection, ,Non-Junction,None,,,         ,Curtis,Rich,Clear,Rear to Side,no,no,no,no,no,False
102251301,METROPOLITAN NASHVILLE POLICE DEPT,20181047111,Davidson,Nashville,12/19/2018 9:07:00 AM,2,0,0,36.223650,-86.775430,I65 S ENT RAMP,,,,0.00,Feet,East,I 65,,,,0.00,N,Not at Intersection, ,Entrance/Exit Ramp Related,None,,,         ,James,Wray,Clear,"Sideswipe, Same Direction",no,no,no,no,no,False
102251309,METROPOLITAN NASHVILLE POLICE DEPT,20181047060,Davidson,Nashville,12/19/2018 8:30:00 AM,2,0,0,36.169890,-86.808350,I 40,,,,0.00,,,,,,,207.20,N,Not at Intersection,N,Non-Junction,None,,,         ,Jean,McCormack,Clear,Front to Rear,no,no,no,no,no,False
102251338,METROPOLITAN NASHVILLE POLICE DEPT,20181047153,Davidson,Nashville,12/19/2018 9:31:00 AM,2,0,0,36.151910,-86.768730,2ND AVS,,,,62.00,Feet,North,I40 W EXT RAMP,,,,0.00,N,Not at Intersection,Y,Non-Junction,None,,,         ,Kyle,Eicholtz,Clear,Angle,no,no,no,no,no,False
102251340,METROPOLITAN NASHVILLE POLICE DEPT,20181046916,Davidson,Nashville,12/19/2018 7:30:00 AM,2,0,0,36.193880,-86.759520,JONES AV,,,,0.00,,,DOUGLAS AV,,,,0.00,Y,T-Intersection,N,Intersection,None,,,         ,Russell,Freeman,Clear,Front to Rear,no,no,no,no,no,False
102251345,METROPOLITAN NASHVILLE POLICE DEPT,20181047005,Davidson,Nashville,12/19/2018 8:35:00 AM,2,0,0,36.158680,-86.792230,14TH AVN,,,,250.00,Feet,South,HYNES ST,,,,0.00,N,Not at Intersection, ,Non-Junction,None,,,         ,Torry,Hill,Clear,Front to Rear,no,no,no,no,no,False
102251363,METROPOLITAN NASHVILLE POLICE DEPT,20181047279,Davidson,Nashville,12/19/2018 10:30:00 AM,2,0,0,36.051200,-86.775620,I 65,,,,0.00,,,,,,,74.60,N,Not at Intersection, ,,None,,,         ,Justin,Pinkelton,,,no,no,no,no,no,False
102251367,METROPOLITAN NASHVILLE POLICE DEPT,20181047304,Davidson,Nashville,12/19/2018 10:55:00 AM,3,0,0,36.153930,-86.857490,URBANDALE AV,,,,0.00,,,BRILEY PKWYN,,,,0.00,Y,Four-Way,N,Intersection,None,,,         ,Curtis,Rich,Clear,Front to Rear,no,no,no,no,yes,False
102251370,METROPOLITAN NASHVILLE POLICE DEPT,20181047187,Davidson,Nashville,12/19/2018 9:42:00 AM,2,0,0,36.174730,-86.614260,DODSON CHAPEL RD,,,,0.00,,,CENTRAL PKE,,,,0.00,Y,Four-Way,N,Intersection-Related,None,,,         ,Tien,Nguyen,Clear,Front to Rear,no,no,no,no,no,False
102251375,METROPOLITAN NASHVILLE POLICE DEPT,20181047098,Davidson,Nashville,12/19/2018 8:50:00 AM,2,0,0,36.149270,-86.774720,I 40,,,,0.00,,,,,,,210.15,N,Not at Intersection, ,Non-Junction,None,,,         ,Justin,Jackson,Clear,"Sideswipe, Same Direction",no,no,no,no,no,False
102251381,METROPOLITAN NASHVILLE POLICE DEPT,20181047148,Davidson,Nashville,12/19/2018 9:25:00 AM,2,0,0,36.081420,-86.759550,HARDING PL,,,,370.00,Feet,West,TROUSDALE DR,,,,0.00,N,Not at Intersection, ,Non-Junction,None,,,         ,Alberta,Auguste,Clear,Front to Rear,no,no,no,no,no,False
102251408,METROPOLITAN NASHVILLE POLICE DEPT,20181047293,Davidson,Nashville,12/19/2018 10:43:00 AM,2,1,0,36.199450,-86.776550,I 65,,,,0.00,,,,,,,86.85,N,Not at Intersection,N,Non-Junction,None,,,         ,Daniel,Kallman,Clear,Front to Rear,no,no,no,no,no,False
102251417,GOODLETTSVILLE POLICE DEPT,18-44772,Davidson,Goodlettsville,12/19/2018 10:25:00 AM,1,0,0,36.307350,-86.695280,VIETNAM VETERANS BLVDS,,,,1119.00,Feet,North,CONFERENCE DR,,,,0.00,N,Not at Intersection,N,Non-Junction,None,,,         ,George,Forbes,Clear,Not Collision with Motor Vehicle in Transport,no,no,no,no,no,False
102251428,METROPOLITAN NASHVILLE POLICE DEPT,20181047337,Davidson,Nashville,12/19/2018 11:01:00 AM,2,0,0,36.212980,-86.775660,I 65,,,,0.00,,,,,,,87.80,N,Not at Intersection, ,Non-Junction,None,,,         ,Royce,McLester,Clear,"Sideswipe, Same Direction",no,no,no,no,no,False
102251432,METROPOLITAN NASHVILLE POLICE DEPT,20181047465,Davidson,Nashville,12/19/2018 12:00:00 AM,2,0,0,36.152910,-86.798990,HAYES ST,,,,271.00,Feet,West,19TH AVN,,,,0.00,N,Not at Intersection, ,Non-Junction,None,,,         ,David,Crisman,Unknown,"Sideswipe, Same Direction",no,no,no,no,yes,False
102251440,METROPOLITAN NASHVILLE POLICE DEPT,20181047355,Davidson,Nashville,12/19/2018 10:23:00 AM,2,0,0,36.209720,-86.776070,I 65,,,,0.00,,,,,,,87.60,N,Not at Intersection,N,Non-Junction,None,,,         ,Kyle,Eicholtz,Clear,"Sideswipe, Same Direction",no,no,no,no,yes,False
102251444,METROPOLITAN NASHVILLE POLICE DEPT,20181047418,Davidson,Nashville,12/19/2018 11:30:00 AM,2,0,0,36.204090,-86.776760,I 65,,,,0.00,,,,,,,87.15,N,Not at Intersection, ,Non-Junction,None,,,         ,Wesley,Young,Clear,"Sideswipe, Same Direction",no,no,no,no,no,False
102251449,METROPOLITAN NASHVILLE POLICE DEPT,20181047192,Davidson,Nashville,12/19/2018 9:46:00 AM,2,1,0,36.044720,-86.724870,ENCLAVE CIR,,,,0.00,Feet,,AMALIE DR,,,,0.00,Y,Four-Way,N,Intersection,None,,,         ,Ernie,Wilson,Clear,Angle,no,no,no,no,no,False
102251459,METROPOLITAN NASHVILLE POLICE DEPT,20181047427,Davidson,Nashville,12/19/2018 11:37:00 AM,2,0,0,36.179960,-86.762810,ELLINGTON PKWYS,,,,620.00,Feet,East,ELLINGTON PKWYN,,,,0.00,N,Not at Intersection, ,Non-Junction,None,,,         ,Joseph,Progar,Cloudy,Front to Rear,no,no,no,no,no,False
102251465,METROPOLITAN NASHVILLE POLICE DEPT,20181047332,Davidson,Nashville,12/19/2018 11:04:00 AM,2,1,0,36.132480,-86.664610,DONELSON PKE S ENT RAMP,,,,268.00,Feet,South,DONELSON PKES,,,,0.00,N,Not at Intersection,N,Non-Junction,None,,,         ,Michael,Dance,Clear,Angle,no,no,no,no,yes,False
102251468,METROPOLITAN NASHVILLE POLICE DEPT,20181047407,Davidson,Nashville,12/19/2018 11:23:00 AM,2,0,0,36.116630,-86.837850,WOODMONT BLVD,,,,0.00,,,WOODMONT HALL PL,,,,0.00,Y,T-Intersection, ,Intersection-Related,None,,,         ,Darren,Key,Clear,Angle,no,no,no,no,no,False
102251532,METROPOLITAN NASHVILLE POLICE DEPT,20181047326,Davidson,Nashville,12/19/2018 11:00:00 AM,5,1,0,36.109560,-86.769980,I 65,,,,0.00,,,,,,,79.70,N,Not at Intersection,Y,Non-Junction,None,,,         ,Justin,Pinkelton,Clear,Front to Rear,no,no,no,no,no,False
102251538,METROPOLITAN NASHVILLE POLICE DEPT,20181047185,Davidson,Nashville,12/19/2018 9:37:00 AM,2,0,0,36.147000,-86.743700,FESSLERS LN,,,,283.00,Feet,South,I40 W ENT RAMP,,,,0.00,N,Not at Intersection, ,Non-Junction,None,,,         ,Joshua,Hausman,Clear,"Sideswipe, Same Direction",no,no,no,no,no,False
102251540,METROPOLITAN NASHVILLE POLICE DEPT,20181047520,Davidson,Nashville,12/19/2018 12:40:00 PM,2,0,0,36.125820,-86.846490,KENNER AV,,,,0.00,Feet,,HARDING PKE,,,,0.00,Y,Four-Way,N,Intersection-Related,None,,,         ,Curtis,Rich,Clear,Angle,no,no,no,no,no,False
102251557,METROPOLITAN NASHVILLE POLICE DEPT,20181047228,Davidson,Nashville,12/19/2018 10:15:00 AM,2,0,0,36.184350,-86.754870,CLEVELAND ST,,,,104.00,Feet,West,MCFERRIN AV,,,,0.00,N,Not at Intersection, ,Non-Junction,None,,,         ,Russell,Freeman,Clear,Angle,no,no,no,no,no,False
102251561,METROPOLITAN NASHVILLE POLICE DEPT,20181047551,Davidson,Nashville,12/19/2018 1:00:00 PM,2,0,0,36.059250,-86.853180,HILLSBORO PKE,,,,51.00,Feet,South,CROMWELL DR,,,,0.00,N,Not at Intersection, ,Non-Junction,None,,,         ,Alberta,Auguste,Clear,Front to Rear,no,no,no,no,no,False
102251577,METROPOLITAN NASHVILLE POLICE DEPT,20181047655,Davidson,Nashville,12/19/2018 1:52:00 PM,2,0,0,36.181720,-86.677820,WINDEMERE CIR,,,,0.00,,,MCGAVOCK PKE,,,,0.00,Y,Four-Way, ,Intersection-Related,None,,,         ,Tien,Nguyen,Cloudy,Front to Rear,no,no,no,no,no,False
102251607,METROPOLITAN NASHVILLE POLICE DEPT,2018 1047589,Davidson,Nashville,12/19/2018 12:10:00 PM,2,0,0,36.101220,-86.821710,HOBBS RD,,,,60.00,Feet,West,STAMMER PL,,,,0.00,N,Not at Intersection,N,Non-Junction,None,,,         ,Paul,Junkmann,Cloudy,Angle,no,no,no,no,yes,False
102251609,BELLE MEADE POLICE DEPT,18-0354,Davidson,Belle Meade,12/19/2018 1:06:00 PM,2,0,0,36.093100,-86.849210,HARDING PL,,,,0.00,,,LYNNWOOD BLVD,,,,0.00,Y,Four-Way, ,,None,,,         ,David,Wright,,,no,no,no,no,no,False
102251640,METROPOLITAN NASHVILLE POLICE DEPT,20181047647,Davidson,Nashville,12/19/2018 1:36:00 PM,2,0,0,36.045590,-86.658450,I24 W EXT RAMP,,,,0.00,,,I 24,,,,0.00,Y,Four-Way,N,Intersection,None,,,         ,Jason,Kedzierski,Clear,"Sideswipe, Same Direction",no,no,no,no,no,False
102251704,METROPOLITAN NASHVILLE POLICE DEPT,20181047702,Davidson,Nashville,12/19/2018 2:29:00 PM,2,2,0,36.169880,-86.675130,LEBANON PKE,,,,1420.00,Feet,East,MCGAVOCK PKE,,,,0.00,N,Not at Intersection,N,Non-Junction,None,,,         ,Joshua,Hausman,Clear,Angle,no,no,no,no,no,False
102251714,VANDERBILT UNIVERSITY POLICE,2018-1047740,Davidson,Nashville,12/19/2018 2:28:00 PM,2,0,0,36.138870,-86.802970,CHILDRENS WAY,,,,0.00,,,23RD AVE S,,,,0.00,Y,OTHER, ,OtherLocation,None,,,         ,Edwin,Melgar,Clear,Front to Rear,no,no,no,yes,no,Campus
102251734,METROPOLITAN NASHVILLE POLICE DEPT,20181047771,Davidson,Nashville,12/19/2018 3:04:00 PM,2,0,0,36.193660,-86.831220,CLARKSVILLE PKE,,,,0.00,Feet,East,BUENA VISTA PKE,,,,0.00,N,Not at Intersection, ,Non-Junction,None,,,         ,Bryan,Musgrave,Clear,Angle,no,no,no,no,yes,False
102251738,METROPOLITAN NASHVILLE POLICE DEPT,20181047833,Davidson,Nashville,12/19/2018 3:20:00 PM,2,0,0,36.149820,-86.859400,CHARLOTTE PKE,,,,0.00,Feet,,MIDLAND AV,,,,0.00,Y,T-Intersection, ,Intersection-Related,None,,,         ,Laura,Williams,Clear,Angle,no,no,no,no,no,False
102251741,METROPOLITAN NASHVILLE POLICE DEPT,20181047788,Davidson,Not in City Limit,12/19/2018 2:43:00 PM,1,0,0,36.264070,-86.854580,CLARKSVILLE PKE,,,,1308.00,Feet,South,STENBERG RD,,,,0.00,N,Not at Intersection, ,Non-Junction,None,,,         ,Brian,Woodard,Cloudy,Not Collision with Motor Vehicle in Transport,no,no,no,no,no,False
102251756,METROPOLITAN NASHVILLE POLICE DEPT,20181047767,Davidson,Nashville,12/19/2018 2:50:00 PM,1,0,0,36.092490,-86.610770,WOOD BRIDGE DR,,,,262.00,Feet,South,MEADOWLAKE TER,,,,0.00,N,Not at Intersection, ,Non-Junction,None,,,         ,Cheri,Cox,Clear,Not Collision with Motor Vehicle in Transport,no,no,no,yes,no,False
102251758,METROPOLITAN NASHVILLE POLICE DEPT,20181047777,Davidson,Not in City Limit,12/19/2018 3:05:00 PM,2,1,0,36.263710,-86.702880,STATE RT 45,,,,463.00,Feet,East,DELAWARE AV,,,,0.00,N,Not at Intersection,N,Non-Junction,None,,,         ,Christopher,Littles,Cloudy,Front to Rear,no,no,no,no,no,False
102251759,METROPOLITAN NASHVILLE POLICE DEPT,20181047844,Davidson,Nashville,12/19/2018 3:21:00 PM,2,0,0,36.237400,-86.730680,BRILEY PKWYW,,,,1111.00,Feet,West,BRILEY PKWYE,,,,0.00,N,Not at Intersection,N,Non-Junction,None,,,         ,Christopher,Littles,Cloudy,Front to Rear,no,no,no,no,yes,False
102251784,METROPOLITAN NASHVILLE POLICE DEPT,20181047736,Davidson,Nashville,12/19/2018 2:23:00 PM,2,0,0,36.124970,-86.881590,GREELEY DR,,,,120.00,Feet,North,HUCKLEBERRY RD,,,,0.00,N,Not at Intersection, ,Non-Junction,None,,,         ,Broderick,Jones,Clear,Angle,no,no,no,no,no,False
102251799,METROPOLITAN NASHVILLE POLICE DEPT,20181047820,Davidson,Nashville,12/19/2018 3:27:00 PM,3,1,0,36.191500,-86.786380,I 65,,,,0.00,,,,,,,86.00,N,Not at Intersection,N,Non-Junction,None,,,         ,Jim,Crissman,Cloudy,Front to Rear,no,no,no,no,no,False
102251800,METROPOLITAN NASHVILLE POLICE DEPT,20181047865,Davidson,Nashville,12/19/2018 2:30:00 PM,2,0,0,36.109850,-86.811560,HILLSBORO PKE,,,,276.00,Feet,North,CRESTMOOR RD,,,,0.00,N,Not at Intersection, ,,None,,,         ,Robert,Crow,,,no,no,no,no,no,False
102251806,METROPOLITAN NASHVILLE POLICE DEPT,20181047936,Davidson,Nashville,12/19/2018 4:20:00 PM,2,0,0,36.174050,-86.605600,STATE HWY 265,,,,78.00,Feet,West,RAMP,,,,0.00,N,Not at Intersection, ,Non-Junction,None,,,         ,Brady,Reynolds,Clear,Angle,no,no,no,no,no,False
102251807,METROPOLITAN NASHVILLE POLICE DEPT,20181047952,Davidson,Nashville,12/19/2018 4:28:00 PM,2,0,0,36.229340,-86.759060,BROADMOOR DR,,,,64.00,Feet,East,DICKERSON PKE,,,,0.00,N,Not at Intersection, ,,None,,,         ,Cody,Jaworski,,,no,no,no,no,no,False
102251858,METROPOLITAN NASHVILLE POLICE DEPT,20181048093,Davidson,Nashville,12/19/2018 5:30:00 PM,3,0,0,36.094860,-86.707240,I 24,,,,0.00,,,,,,,55.00,N,Not at Intersection, ,,None,,,         ,Jarret,Sonnenberg,,,no,no,no,no,no,False
102251864,METROPOLITAN NASHVILLE POLICE DEPT,20181045865,Davidson,Nashville,12/18/2018 10:00:00 PM,1,0,0,36.235890,-86.781120,RICHMOND HILL DR,,,,14.00,Feet,West,BRICK CHURCH PKE,,,,0.00,N,Not at Intersection,N,Non-Junction,None,,,         ,Steven,Frazier Jr.,Clear,Not Collision with Motor Vehicle in Transport,no,no,no,no,no,False
102251865,METROPOLITAN NASHVILLE POLICE DEPT,20181047943,Davidson,Nashville,12/19/2018 4:24:00 PM,2,1,0,36.048550,-86.724500,AMALIE DR,,,,0.00,,,HUNTINGTON RIDGE DR,,,,0.00,Y,Four-Way,N,Non-Junction,None,,,         ,FELIKS,ABRAHAMYAN,Clear,Front to Rear,no,no,no,no,no,False
102251866,METROPOLITAN NASHVILLE POLICE DEPT,20181047781,Davidson,Nashville,12/19/2018 3:09:00 PM,1,1,0,36.096360,-86.708180,I 24,,,,0.00,,,,,,,54.85,N,Not at Intersection,Y,Non-Junction,None,,,         ,Shelby,Hughes,Clear,Not Collision with Motor Vehicle in Transport,no,no,no,no,no,False
102251868,METROPOLITAN NASHVILLE POLICE DEPT,20181048046,Davidson,Nashville,12/19/2018 5:13:00 PM,2,0,0,36.141960,-86.674740,I 40,,,,0.00,,,,,,,215.00,N,Not at Intersection,N,Non-Junction,None,,,         ,Brady,Reynolds,Clear,Front to Rear,no,no,no,no,no,False
102251871,METROPOLITAN NASHVILLE POLICE DEPT,20181048078,Davidson,Nashville,12/19/2018 12:00:00 AM,2,0,0,36.159720,-86.852640,KENTUCKY AV,,,,100.00,Feet,East,54TH AVN,,,,0.00,N,Not at Intersection,N,Non-Junction,None,,,         ,Robert,Crow,Unknown,"Sideswipe, Same Direction",no,no,no,no,yes,False
102251886,METROPOLITAN NASHVILLE POLICE DEPT,20181048054,Davidson,Nashville,12/19/2018 5:12:00 PM,2,0,0,36.086510,-86.700300,I 24,,,,0.00,,,,,,,55.70,N,Not at Intersection,N,Non-Junction,None,,,         ,Johnathon,Birdwell,Clear,Front to Rear,no,no,no,no,yes,False
102251889,METROPOLITAN NASHVILLE POLICE DEPT,20181047805,Davidson,Nashville,12/19/2018 3:10:00 PM,2,0,0,36.215210,-86.589380,LEBANON PKE,,,,266.00,Feet,West,ANDREW JACKSON PKWY,,,,0.00,N,Not at Intersection,N,Non-Junction,None,,,         ,Marvis,Malone,Cloudy,Angle,no,no,no,no,no,False
102251890,METROPOLITAN NASHVILLE POLICE DEPT,20181048073,Davidson,Not in City Limit,12/19/2018 5:26:00 PM,2,0,0,36.017470,-87.030940,HIGHWAY 96,,,,0.00,,,HIGHWAY 100,,,,0.00,Y,T-Intersection, ,Intersection,None,,,         ,Jeffrey,Mullins,Clear,Angle,no,no,no,no,no,False
102251892,METROPOLITAN NASHVILLE POLICE DEPT,20181048122,Davidson,Not in City Limit,12/19/2018 5:48:00 PM,2,2,0,36.268460,-86.736770,I 65,,,,0.00,,,,,,,92.55,N,Not at Intersection,N,Non-Junction,None,,,         ,Christopher,Littles,Cloudy,Front to Rear,no,no,no,no,no,False
102251893,METROPOLITAN NASHVILLE POLICE DEPT,20181048029,Davidson,Nashville,12/19/2018 5:00:00 PM,2,0,0,36.059220,-86.716250,NOLENSVILLE PKE,,,,54.00,Feet,North,TUSCULUM RD,,,,0.00,N,Not at Intersection,N,Non-Junction,None,,,         ,Garrett,Reingardt,Clear,Front to Rear,no,no,no,no,no,False
102251894,METROPOLITAN NASHVILLE POLICE DEPT,20181048153,Davidson,Nashville,12/19/2018 5:51:00 PM,2,0,0,36.168500,-86.776600,JAMES ROBERTSON PKWY,,,,270.00,Feet,East,GAY ST,,,,0.00,N,Not at Intersection, ,Non-Junction,None,,,         ,Roy,Sain Jr.,Clear,Front to Rear,no,no,no,no,no,False
102251896,METROPOLITAN NASHVILLE POLICE DEPT,20181048194,Davidson,Nashville,12/19/2018 6:24:00 PM,1,1,0,36.146480,-86.873650,PREMIER DR,,,,26.00,Feet,West,AMERICAN RD,,,,0.00,N,Not at Intersection,N,Non-Junction,None,,,         ,Laura,Williams,Clear,Not Collision with Motor Vehicle in Transport,no,no,no,no,no,False
102251902,METROPOLITAN NASHVILLE POLICE DEPT,20181048200,Davidson,Nashville,12/19/2018 6:28:00 PM,2,0,0,36.189230,-86.775560,I65 S ENT RAMP,,,,0.00,Feet,East,I 24,,,,0.00,N,Not at Intersection,N,Non-Junction,None,,,         ,Cody,Jaworski,Clear,Front to Rear,no,no,no,no,yes,False
102251903,BERRY HILL POLICE DEPT,18-4580,Davidson,Berry Hill,12/19/2018 12:00:00 AM,2,0,0,36.122410,-86.763960,LIGON DR,,,,0.00,,,GRISSOM DR,,,,0.00,Y,T-Intersection,Y,Intersection,None,,,         ,John,Gleixner,Clear,HeadOn,no,no,no,no,no,False
102251904,METROPOLITAN NASHVILLE POLICE DEPT,20181047870,Davidson,Nashville,12/19/2018 3:50:00 PM,2,1,0,36.073330,-86.637560,MURFREESBORO PKE,,,,528.00,Feet,South,RURAL HILL RD,,,,0.00,N,Not at Intersection,N,Non-Junction,None,,,         ,Andrew,Brazee,Cloudy,Angle,no,no,no,no,no,False
102251906,METROPOLITAN NASHVILLE POLICE DEPT,20181048166,Davidson,Nashville,12/19/2018 5:51:00 PM,2,0,0,36.154520,-86.779260,8TH AVS,,,,51.00,Feet,South,LAFAYETTE ST,,,,0.00,N,Not at Intersection,N,Non-Junction,None,,,         ,Jonathan,Nicholson,Clear,Angle,no,no,no,no,yes,False
102251911,METROPOLITAN NASHVILLE POLICE DEPT,20181047951,Davidson,Nashville,12/19/2018 4:29:00 PM,2,0,0,36.160450,-86.794340,CHARLOTTE AV,,,,223.00,Feet,West,CAPITOL PT,,,,0.00,N,Not at Intersection, ,Non-Junction,None,,,         ,Russell,Jones,Cloudy,Angle,no,no,no,no,no,False
102251926,METROPOLITAN NASHVILLE POLICE DEPT,20181048119,Davidson,Nashville,12/19/2018 5:23:00 PM,2,1,0,36.207030,-86.612300,LEBANON PKE,,,,187.00,Feet,South,MCKENDREE CIR,,,,0.00,N,Not at Intersection,N,Non-Junction,None,,,         ,Abbey,Sawl,Clear,Angle,no,no,no,no,no,False