master_record_number,agency,agency_tracking_number,county,city,collision_date,vehicles_involved,number_injured,number_dead,latitude,longitude,roadway_name,roadway_suffix,roadway_number,roadway_local_id,distance_from_reference,miles-feet_indicator,direction_from_reference,intersection_road_name,intersection_road_name_suffix,intersection_road_number,intersection_local_id,mile_marker,intersection_indicator,intersect_type,interchange_related_indicator,relation_to_junction,work_zone_type,construction_maintenance_zone,construction_maintenance_zone_location,fatal_case_number,officer_first_name,officer_last_name,weather_condition(s),manner_of_crash,pedestrian,bicycle,scooter,parking,hitrun,mou
102251930,METROPOLITAN NASHVILLE POLICE DEPT,20181048147,Davidson,Nashville,12/19/2018 5:20:00 PM,2,0,0,36.139850,-86.735380,MURFREESBORO PKE,,,,685.00,Feet,West,ARLINGTON AV,,,,0.00,N,Not at Intersection, ,,None,,,         ,Andrew,Brazee,,,no,no,no,no,no,False
102251931,METROPOLITAN NASHVILLE POLICE DEPT,20181048297,Davidson,Nashville,12/19/2018 6:00:00 PM,2,0,0,36.081540,-86.758320,TROUSDALE DR,,,,158.00,Feet,North,HARDING PL,,,,0.00,N,Not at Intersection, ,,None,,,         ,FELIKS,ABRAHAMYAN,,,no,no,no,no,no,False
102251932,METROPOLITAN NASHVILLE POLICE DEPT,20181048220,Davidson,Nashville,12/19/2018 6:15:00 PM,2,0,0,36.153030,-86.854700,I 40,,,,0.00,,,,,,,204.15,N,Not at Intersection, ,Non-Junction,None,,,         ,Broderick,Jones,Clear,Front to Rear,no,no,no,no,no,False
102251937,METROPOLITAN NASHVILLE POLICE DEPT,20181048143,Davidson,Nashville,12/19/2018 5:50:00 PM,2,0,0,36.143170,-86.685480,I 40,,,,0.00,,,,,,,215.55,N,Not at Intersection, ,Non-Junction,None,,,         ,Seth,Vaughn,Clear,Angle,no,no,no,no,no,False
102251941,METROPOLITAN NASHVILLE POLICE DEPT,20181048288,Davidson,Nashville,12/19/2018 7:01:00 PM,2,0,0,36.192800,-86.775520,I 24,,,,0.00,,,,,,,46.70,N,Not at Intersection,N,Non-Junction,None,,,         ,Amanda,Fox,Clear,Angle,no,no,no,no,no,False
102251942,METROPOLITAN NASHVILLE POLICE DEPT,20181048318,Davidson,Nashville,12/19/2018 7:00:00 PM,2,0,0,36.132300,-86.726660,-- UNKNOWN RAMP/ROAD --,,,,0.00,,,I 24,,,,0.00,Y,OTHER,N,Non-Junction,None,,,         ,Brady,Reynolds,Clear,Front to Rear,no,no,no,no,no,False
102251953,METROPOLITAN NASHVILLE POLICE DEPT,20181048118,Davidson,Nashville,12/19/2018 5:30:00 PM,2,0,0,36.152120,-86.772230,LAFAYETTE ST,,,,0.00,,,ASH ST,,,,0.00,Y,Four-Way,N,Intersection,None,,,         ,Gabriel,Hamilton,Clear,"Sideswipe, Opposite Direction",no,no,no,no,yes,False
102251957,METROPOLITAN NASHVILLE POLICE DEPT,20181048375,Davidson,Nashville,12/19/2018 7:49:00 PM,2,0,0,36.186350,-86.747250,GALLATIN AV,,,,92.00,Feet,South,PETWAY AV,,,,0.00,N,Not at Intersection,N,Non-Junction,None,,,         ,Richard,Conger,Clear,Front to Rear,no,no,no,no,no,False
102251965,Nashville Airport Police,18-05121,Davidson,Nashville,12/19/2018 2:10:00 PM,2,0,0,36.121880,-86.690180,AIR FREIGHT BLVD,,,,649.00,Feet,South,VULTEE BLVD,,,,0.00,N,Not at Intersection, ,Non-Junction,None,,,         ,John,Herd,Clear,Other,no,no,no,yes,no,False
102251978,METROPOLITAN NASHVILLE POLICE DEPT,20181048399,Davidson,Nashville,12/19/2018 7:25:00 PM,1,0,0,36.152880,-86.844770,48TH AVN,,,,115.00,Feet,South,ALABAMA AV,,,,0.00,N,Not at Intersection, ,Non-Junction,None,,,         ,Laura,Williams,Clear,Not Collision with Motor Vehicle in Transport,no,no,no,no,no,False
102251980,METROPOLITAN NASHVILLE POLICE DEPT,20181048097,Davidson,Nashville,12/19/2018 5:53:00 PM,2,0,0,36.163820,-86.779060,4TH AVN,,,,55.00,Feet,North,CHURCH ST,,,,0.00,N,Not at Intersection, ,Non-Junction,None,,,         ,Joshua,Reece,Clear,Angle,no,no,no,no,no,False
102251986,METROPOLITAN NASHVILLE POLICE DEPT,20181048348,Davidson,Nashville,12/19/2018 7:30:00 PM,2,1,0,36.196280,-86.775600,I 65,,,,0.00,,,,,,,86.60,N,Not at Intersection,N,Non-Junction,None,,,         ,Kevin,Clausius,Clear,Front to Rear,no,no,no,no,no,False
102251990,METROPOLITAN NASHVILLE POLICE DEPT,20181048468,Davidson,Nashville,12/19/2018 8:30:00 PM,2,0,0,36.181800,-86.641570,JACKSON DOWNS BLVD,,,,0.00,,,LEBANON PKE,,,,0.00,Y,Four-Way,Y,Intersection,None,,,         ,Allyson,Reis,Clear,Front to Rear,no,no,no,no,yes,False
102251998,BELLE MEADE POLICE DEPT,18-0355,Davidson,Belle Meade,12/19/2018 6:30:00 PM,2,0,0,36.109720,-86.856410,BELLE MEADE BLVD,,,,0.00,,,JACKSON BLVD,,,,0.00,Y,Four-Way,N,Non-Junction,None,,,         ,Doris,Howell,Clear,Angle,no,no,no,no,no,False
102252038,METROPOLITAN NASHVILLE POLICE DEPT,20181048313,Davidson,Nashville,12/19/2018 4:00:00 PM,2,0,0,36.169350,-86.679990,LEBANON PKE,,,,29.00,Feet,West,MCGAVOCK PKE,,,,0.00,N,Not at Intersection, ,Non-Junction,None,,,         ,Timothy,Ward,Clear,Front to Rear,no,no,no,no,yes,False
102252048,METROPOLITAN NASHVILLE POLICE DEPT,20181047912,Davidson,Not in City Limit,12/19/2018 4:12:00 PM,2,0,0,36.266710,-86.709040,DUPONT AV,,,,410.00,Feet,North,GALLATIN PKEN,,,,0.00,N,Not at Intersection, ,Non-Junction,None,,,         ,Joel,Callies,Clear,Front to Rear,no,no,no,no,no,False
102252049,METROPOLITAN NASHVILLE POLICE DEPT,20181048185,Davidson,Nashville,12/19/2018 6:00:00 PM,2,0,0,36.096580,-86.762980,I 65,,,,0.00,,,,,,,78.80,N,Not at Intersection,N,Non-Junction,None,,,         ,Jonathan,Sharp,Clear,"Sideswipe, Same Direction",no,no,no,no,no,False
102252050,METROPOLITAN NASHVILLE POLICE DEPT,20181047729,Davidson,Nashville,12/19/2018 2:40:00 PM,2,0,0,36.142980,-86.815040,WEST END AV,,,,197.00,Feet,North,31ST AVN,,,,0.00,N,Not at Intersection, ,,None,,,         ,Akira,McSwain,,,no,no,no,no,no,Campus
102252051,METROPOLITAN NASHVILLE POLICE DEPT,20181047978,Davidson,Nashville,12/19/2018 4:30:00 PM,2,0,0,36.037560,-86.785360,OLD HICKORY BLVD,,,,74.00,Feet,West,I65 S ENT RAMP,,,,0.00,N,Not at Intersection,N,Non-Junction,None,,,         ,Akira,McSwain,Clear,Front to Rear,no,no,no,yes,yes,False
102252052,METROPOLITAN NASHVILLE POLICE DEPT,20181048130,Davidson,Nashville,12/19/2018 5:34:00 PM,2,0,0,36.037430,-86.786370,OLD HICKORY BLVD,,,,59.00,Feet,East,FRANKLIN PKE,,,,0.00,N,Not at Intersection, ,,None,,,         ,Akira,McSwain,,,no,no,no,no,no,False
102252053,METROPOLITAN NASHVILLE POLICE DEPT,20181048408,Davidson,Nashville,12/19/2018 7:57:00 PM,2,0,0,36.038610,-86.783230,OLD HICKORY BLVD,,,,82.00,Feet,East,I65 S EXT RAMP,,,,0.00,N,Not at Intersection,N,Non-Junction,None,,,         ,Akira,McSwain,Clear,Front to Rear,no,no,no,no,no,False
102252054,METROPOLITAN NASHVILLE POLICE DEPT,20181047846,Davidson,Nashville,12/19/2018 3:23:00 PM,2,0,0,36.141960,-86.677590,I 40,,,,0.00,,,,,,,216.00,N,Not at Intersection, ,Non-Junction,None,,,         ,Dontaveous,Eubanks,Clear,"Sideswipe, Same Direction",no,no,no,no,no,False
102252062,METROPOLITAN NASHVILLE POLICE DEPT,20181048440,Davidson,Nashville,12/19/2018 8:15:00 PM,2,0,0,36.152080,-86.845430,CHARLOTTE AV,,,,162.00,Feet,East,49TH AVN,,,,0.00,N,Not at Intersection,N,Non-Junction,None,,,         ,Robert,Crow,Cloudy,Front to Rear,no,no,no,no,no,False
102252074,METROPOLITAN NASHVILLE POLICE DEPT,20181048417,Davidson,Nashville,12/19/2018 8:00:00 PM,3,1,0,36.177770,-86.604500,OLD HICKORY BLVD,,,,160.00,Feet,East,I40 E EXT RAMP,,,,0.00,N,Not at Intersection,N,Non-Junction,None,,,         ,Marvis,Malone,Clear,Front to Rear,no,no,no,no,yes,False
102252088,METROPOLITAN NASHVILLE POLICE DEPT,20181048573,Davidson,Nashville,12/19/2018 9:17:00 PM,2,0,0,36.139490,-86.880030,CHARLOTTE PKE,,,,335.00,Feet,West,RUSSLEO DR,,,,0.00,N,Not at Intersection, ,,None,,,         ,John,Hoesli,,,no,no,no,no,no,False
102252094,METROPOLITAN NASHVILLE POLICE DEPT,20181048596,Davidson,Nashville,12/19/2018 9:20:00 PM,2,0,0,36.183740,-86.747710,EASTLAND AV,,,,198.00,Feet,East,GALLATIN AV,,,,0.00,N,Not at Intersection,N,Non-Junction,None,,,         ,Gregory,Cenicola,Clear,Angle,no,no,no,no,no,False
102252104,METROPOLITAN NASHVILLE POLICE DEPT,20181048569,Davidson,Nashville,12/19/2018 8:35:00 PM,2,0,0,36.162610,-86.618410,I 40,,,,0.00,,,,,,,219.75,N,Not at Intersection, ,Non-Junction,None,,,         ,Allyson,Reis,Clear,Angle,no,no,no,no,no,False
102252121,METROPOLITAN NASHVILLE POLICE DEPT,2018-1036298,Davidson,Nashville,12/14/2018 9:58:00 PM,2,0,0,36.170740,-86.812440,HEIMAN ST,,,,0.00,,,23RD AVN,,,,0.00,Y,T-Intersection,N,Non-Junction,None,,,         ,Cameron,Brown,Clear,HeadOn,no,no,no,no,yes,False
102252137,METROPOLITAN NASHVILLE POLICE DEPT,20181047701,Davidson,Antioch,12/19/2018 1:50:00 PM,3,1,0,36.047840,-86.612050,MURFREESBORO PKE,,,,1284.00,Feet,North,MOUNTAIN SPRINGS RD,,,,0.00,N,Not at Intersection,N,Non-Junction,None,,,         ,Nathaniel,Myers,Cloudy,Front to Rear,no,no,no,no,no,False
102252138,METROPOLITAN NASHVILLE POLICE DEPT,20181048137,Davidson,Antioch,12/19/2018 2:47:00 PM,2,0,0,36.015010,-86.620310,OLD HICKORY BLVD,,,,47.00,Feet,South,I24 W EXT RAMP,,,,0.00,N,Not at Intersection,N,Non-Junction,None,,,         ,Nathaniel,Myers,Cloudy,"Sideswipe, Same Direction",no,no,no,no,no,False
102252140,METROPOLITAN NASHVILLE POLICE DEPT,20181048285,Davidson,Nashville,12/19/2018 5:37:00 PM,4,1,0,36.133370,-86.727130,I 24,,,,0.00,,,,,,,52.00,N,Not at Intersection,Y,Non-Junction,None,,,         ,Shelby,Hughes,Clear,Front to Rear,no,no,no,no,no,False
102252184,METROPOLITAN NASHVILLE POLICE DEPT,20181048851,Davidson,Nashville,12/19/2018 11:30:00 PM,1,0,0,36.204520,-86.765160,EDWIN ST,,,,230.00,Feet,East,MERIDIAN ST,,,,0.00,N,Not at Intersection,N,Non-Junction,None,,,         ,Edward,Holden,Clear,Not Collision with Motor Vehicle in Transport,no,no,no,no,yes,False
102252205,METROPOLITAN NASHVILLE POLICE DEPT,20181049094,Davidson,Not in City Limit,12/20/2018 1:51:00 AM,1,0,0,36.284510,-86.862200,OLD HICKORY BLVD,,,,0.65,Miles,North,SIMPKINS RD,,,,0.00,N,Not at Intersection,N,Non-Junction,None,,,         ,John,Deiterick,Clear,Not Collision with Motor Vehicle in Transport,no,no,no,no,no,False
102252234,METROPOLITAN NASHVILLE POLICE DEPT,20181048925,Davidson,Nashville,12/20/2018 12:00:00 AM,2,0,0,36.182830,-86.738490,N 17TH ST,,,,19.00,Feet,South,EASTLAND AV,,,,0.00,N,Not at Intersection,N,Non-Junction,None,,,         ,Colin,Bleem,Rain,Front to Rear,no,no,no,no,yes,False
102252252,METROPOLITAN NASHVILLE POLICE DEPT,20181049252,Davidson,Nashville,12/20/2018 12:00:00 AM,1,0,0,36.137640,-86.818540,ACKLEN AV,,,,183.00,Feet,South,LOVE CIR,,,,0.00,N,Not at Intersection,N,Non-Junction,None,,,         ,Courtney,Hester,Rain,Not Collision with Motor Vehicle in Transport,no,no,no,no,no,False
102252255,METROPOLITAN NASHVILLE POLICE DEPT,20181049273,Davidson,Nashville,12/20/2018 3:23:00 AM,1,0,0,36.096270,-86.708110,I 24,,,,0.00,,,,,,,54.90,N,Not at Intersection,N,Non-Junction,None,,,         ,Teresah,Pinho,Rain,Not Collision with Motor Vehicle in Transport,no,no,no,no,no,False
102252287,METROPOLITAN NASHVILLE POLICE DEPT,20181049449,Davidson,Nashville,12/20/2018 5:30:00 AM,1,0,0,36.045930,-86.660320,I 24,,,,0.00,,,,,,,59.35,N,Not at Intersection, ,Non-Junction,None,,,         ,Douglas,Meringer,Rain,Not Collision with Motor Vehicle in Transport,no,no,no,no,no,False
102252305,METROPOLITAN NASHVILLE POLICE DEPT,20181049558,Davidson,Nashville,12/20/2018 6:22:00 AM,2,0,0,36.205370,-86.776600,I 65,,,,0.00,,,,,,,87.25,N,Not at Intersection, ,Non-Junction,None,,,         ,Ronald,Bright,Rain,Front to Rear,no,no,no,no,no,False
102252306,METROPOLITAN NASHVILLE POLICE DEPT,20181049502,Davidson,Not in City Limit,12/20/2018 5:53:00 AM,2,0,0,36.277460,-86.800470,I 24,,,,0.00,,,,,,,40.50,N,Not at Intersection, ,Non-Junction,None,,,         ,John,Deiterick,Cloudy,Front to Rear,no,no,no,no,no,False
102252320,METROPOLITAN NASHVILLE POLICE DEPT,20181049537,Davidson,Nashville,12/20/2018 6:10:00 AM,2,1,0,36.076310,-86.643430,DOVER GLEN DR,,,,0.00,,,DOVER GLEN PVTDR,,,,0.00,Y,T-Intersection, ,Intersection,None,,,         ,David,Simmonds,Rain,Angle,no,no,no,no,no,False
102252322,THP District 3 - Nashville,318081057,Davidson,Nashville,12/9/2018 9:00:00 PM,1,1,0,36.167800,-86.632800,STONES RIVER GRNWY,,,,0.00,,,CLOVER BOTTOM PVTDR,,,,0.00,,Not at Intersection, ,Non-Junction,None,,,         ,Ed,Crouch,Clear,Not Collision with Motor Vehicle in Transport,no,no,no,yes,no,False
102252323,METROPOLITAN NASHVILLE POLICE DEPT,20181049587,Davidson,Nashville,12/20/2018 6:41:00 AM,1,0,0,36.215050,-86.581980,REHNEA DR,,,,0.00,,,PIN OAK DR,,,,0.00,Y,T-Intersection,N,Intersection-Related,None,,,         ,Tien,Nguyen,Rain,Not Collision with Motor Vehicle in Transport,no,no,no,no,no,False
102252334,METROPOLITAN NASHVILLE POLICE DEPT,20181049634,Davidson,Nashville,12/20/2018 6:55:00 AM,2,0,0,36.145200,-86.822370,I 440,,,,0.00,,,,,,,1.10,N,Not at Intersection, ,Non-Junction,None,,,         ,Curtis,Rich,Rain,Front to Rear,no,no,no,no,no,False
102252348,METROPOLITAN NASHVILLE POLICE DEPT,20181047562,Davidson,Nashville,12/19/2018 11:59:00 AM,2,0,0,36.157820,-86.772530,2ND AVS,,,,50.00,Feet,South,KOREAN VETERANS BLVD,,,,0.00,N,Not at Intersection,N,Non-Junction,None,,,         ,Michael,Schlegel,Cloudy,"Sideswipe, Same Direction",no,no,no,no,no,False
102252359,METROPOLITAN NASHVILLE POLICE DEPT,20181049681,Davidson,Nashville,12/20/2018 7:45:00 AM,2,1,0,36.165590,-86.613610,I 40,,,,0.00,,,,,,,220.10,N,Not at Intersection,N,Non-Junction,None,,,         ,Tien,Nguyen,Rain,Front to Rear,no,no,no,no,no,False
102252360,METROPOLITAN NASHVILLE POLICE DEPT,20181049574,Davidson,Nashville,12/20/2018 6:42:00 AM,3,1,0,36.153130,-86.755460,I 40,,,,0.00,,,,,,,211.25,N,Not at Intersection,N,Non-Junction,None,,,         ,Michael,Dance,Rain,Front to Rear,no,no,no,no,no,False
102252361,METROPOLITAN NASHVILLE POLICE DEPT,20181049677,Davidson,Nashville,12/20/2018 12:00:00 AM,2,0,0,36.159750,-86.780130,BROADWAY,,,,73.00,Feet,West,6TH AVS,,,,0.00,N,Not at Intersection, ,Non-Junction,Construction Zone,,,         ,James,Thornton,Rain,"Sideswipe, Same Direction",no,no,no,no,no,False
102252376,METROPOLITAN NASHVILLE POLICE DEPT,20181049676,Davidson,Nashville,12/20/2018 7:40:00 AM,2,2,0,36.252710,-86.717150,GALLATIN PKES,,,,212.00,Feet,South,MADISON SQ,,,,0.00,N,Not at Intersection,N,Non-Junction,None,,,         ,Brian,Otto,Rain,Angle,no,no,no,no,no,False
102252380,METROPOLITAN NASHVILLE POLICE DEPT,20181049643,Davidson,Nashville,12/20/2018 7:24:00 AM,2,1,0,36.101940,-86.664500,MURFREESBORO PKE,,,,651.00,Feet,East,OLD MURFREESBORO PKE,,,,0.00,N,Not at Intersection,N,Non-Junction,None,,,         ,Jason,Milyaro Lucas,Rain,Front to Rear,no,no,no,no,no,False
102252382,METROPOLITAN NASHVILLE POLICE DEPT,20181049575,Davidson,Nashville,12/20/2018 6:35:00 AM,2,0,0,36.110840,-86.770880,I 65,,,,0.00,,,,,,,79.80,N,Not at Intersection,N,Non-Junction,None,,,         ,Jon,Mcvey,Rain,Front to Rear,no,no,no,no,no,False
102252383,METROPOLITAN NASHVILLE POLICE DEPT,20181049598,Davidson,Nashville,12/20/2018 6:35:00 AM,2,0,0,36.110240,-86.770470,I 65,,,,0.00,,,,,,,79.75,N,Not at Intersection, ,Non-Junction,None,,,         ,Jon,Mcvey,Rain,"Sideswipe, Same Direction",no,no,no,no,no,False
102252386,METROPOLITAN NASHVILLE POLICE DEPT,20181049737,Davidson,Nashville,12/20/2018 8:11:00 AM,2,0,0,36.136310,-86.822150,WEST END AV,,,,0.00,,,I440 E EXT RAMP,,,,0.00,Y,T-Intersection, ,Entrance/Exit Ramp Related,None,,,         ,Curtis,Rich,Rain,Angle,no,no,no,no,no,False
102252387,METROPOLITAN NASHVILLE POLICE DEPT,20181049621,Davidson,Nashville,12/20/2018 6:55:00 AM,2,0,0,36.173880,-86.788700,6TH AVN,,,,0.00,Feet,,JEFFERSON ST,,,,0.00,Y,Four-Way, ,Intersection,None,,,         ,Jean,McCormack,Rain,Front to Rear,no,no,no,no,no,False
102252392,METROPOLITAN NASHVILLE POLICE DEPT,20181049715,Davidson,Nashville,12/20/2018 7:50:00 AM,2,0,0,36.156940,-86.618040,BELL RD,,,,1809.00,Feet,East,BELL RD PVTDR,,,,0.00,N,Not at Intersection, ,Non-Junction,None,,,         ,Kelsey,Hemminger,Rain,Front to Rear,no,no,no,no,no,False
102252405,METROPOLITAN NASHVILLE POLICE DEPT,20181049698,Davidson,Nashville,12/20/2018 7:30:00 AM,2,0,0,36.107170,-86.719560,I 24,,,,0.00,,,,,,,53.90,N,Not at Intersection, ,Non-Junction,None,,,         ,Todd,Watson,Rain,Front to Rear,no,no,no,no,no,False
102252413,GOODLETTSVILLE POLICE DEPT,18-44808,Davidson,Goodlettsville,12/19/2018 4:16:00 PM,2,1,0,36.296080,-86.715580,I 65,,,,0.00,,,,,,,94.80,N,Not at Intersection,N,Non-Junction,None,,,         ,George,Forbes,Clear,Front to Rear,no,no,no,no,no,False
102252414,GOODLETTSVILLE POLICE DEPT,18-44905,Davidson,Goodlettsville,12/20/2018 7:36:00 AM,2,0,0,36.326700,-86.700170,LONG HOLLOW PKE,,,,208.00,Feet,North,NORTHCREEK BLVD,,,,0.00,N,Not at Intersection,N,Non-Junction,None,,,         ,George,Forbes,Rain,Angle,no,no,no,no,no,False
102252417,METROPOLITAN NASHVILLE POLICE DEPT,20181049581,Davidson,Nashville,12/20/2018 6:44:00 AM,1,2,0,36.079300,-86.689690,EZELL RD,,,,45.00,Feet,South,LUNA DR,,,,0.00,N,Not at Intersection,N,Non-Junction,None,,,         ,Jessie,Meadows,Rain,Not Collision with Motor Vehicle in Transport,no,no,no,no,no,False
102252418,METROPOLITAN NASHVILLE POLICE DEPT,20181049694,Davidson,Not in City Limit,12/20/2018 7:53:00 AM,2,0,0,36.022660,-86.629990,I 24,,,,0.00,,,,,,,61.80,N,Not at Intersection, ,Non-Junction,None,,,         ,Joseph,Simon,Rain,Front to Rear,no,no,no,no,no,False
102252419,METROPOLITAN NASHVILLE POLICE DEPT,20181049768,Davidson,Nashville,12/20/2018 8:37:00 AM,3,1,0,36.163110,-86.761920,I 24,,,,0.00,,,,,,,49.25,N,Not at Intersection,N,Non-Junction,None,,,         ,Kyle,Eicholtz,Rain,Front to Rear,no,no,no,no,no,False
102252420,METROPOLITAN NASHVILLE POLICE DEPT,20181049779,Davidson,Nashville,12/20/2018 8:00:00 AM,2,0,0,36.120550,-86.749490,PEACHTREE ST,,,,0.00,,,NOLENSVILLE PKE,,,,0.00,Y,Four-Way, ,Intersection,None,,,         ,Charles,Coe,Rain,Front to Rear,no,no,no,no,no,False
102252421,METROPOLITAN NASHVILLE POLICE DEPT,20181049649,Davidson,Antioch,12/20/2018 7:19:00 AM,3,0,0,36.047840,-86.612050,MURFREESBORO PKE,,,,1284.00,Feet,North,MOUNTAIN SPRINGS RD,,,,0.00,N,Not at Intersection, ,Non-Junction,None,,,         ,Jessie,Meadows,Rain,Front to Rear,no,no,no,no,no,False
102252423,METROPOLITAN NASHVILLE POLICE DEPT,20181049679,Davidson,Madison,12/20/2018 7:20:00 AM,2,0,0,36.268990,-86.755850,DICKERSON PKE,,,,100.00,Feet,South,OLD HICKORY BLVD,,,,0.00,N,Not at Intersection, ,"Driveway, Alley Access, etc",None,,,         ,Ashley,Coon,Rain,"Sideswipe, Same Direction",no,no,no,no,no,False
102252424,METROPOLITAN NASHVILLE POLICE DEPT,20181049616,Davidson,Antioch,12/20/2018 7:00:00 AM,2,1,0,36.044220,-86.604150,HOBSON PKE,,,,868.00,Feet,East,MURFREESBORO PKE,,,,0.00,N,Not at Intersection,N,Non-Junction,None,,,         ,Honorio,Canchola,Rain,Front to Rear,no,no,no,yes,no,False
102252426,METROPOLITAN NASHVILLE POLICE DEPT,20181049755,Davidson,Nashville,12/20/2018 8:25:00 AM,1,0,0,36.120820,-86.790540,KIRKWOOD AV,,,,0.00,Feet,East,12TH AVS,,,,0.00,N,Not at Intersection, ,Non-Junction,None,,,         ,Randy,Puckett,Rain,Not Collision with Motor Vehicle in Transport,no,no,no,no,yes,False
102252429,METROPOLITAN NASHVILLE POLICE DEPT,20181049711,Davidson,Nashville,12/20/2018 7:50:00 AM,2,0,0,36.206820,-86.777880,BRICK CHURCH PKE,,,,73.00,Feet,North,W TRINITY LN,,,,0.00,N,Not at Intersection,N,Non-Junction,None,,,         ,Wesley,Young,Rain,Front to Rear,no,no,no,no,yes,False
102252433,METROPOLITAN NASHVILLE POLICE DEPT,20181049769,Davidson,Nashville,12/20/2018 8:30:00 AM,2,0,0,36.040210,-86.650470,I 24,,,,0.00,,,,,,,60.00,N,Not at Intersection, ,,None,,,         ,Steven,Williams,,,no,no,no,no,no,False
102252434,METROPOLITAN NASHVILLE POLICE DEPT,20181049638,Davidson,Nashville,12/20/2018 7:17:00 AM,2,0,0,36.110370,-86.722280,I 24,,,,0.00,,,,,,,53.65,N,Not at Intersection, ,Non-Junction,None,,,         ,Troy,Loewen,Rain,Front to Rear,no,no,no,no,no,False
102252435,METROPOLITAN NASHVILLE POLICE DEPT,20181049787,Davidson,Nashville,12/20/2018 8:46:00 AM,2,0,0,36.080480,-86.696490,I 24,,,,0.00,,,,,,,56.15,N,Not at Intersection, ,Non-Junction,None,,,         ,Jessie,Meadows,Rain,Front to Rear,no,no,no,no,no,False
102252439,METROPOLITAN NASHVILLE POLICE DEPT,20181049813,Davidson,Not in City Limit,12/20/2018 7:55:00 AM,3,0,0,36.256590,-86.738480,I 65,,,,0.00,,,,,,,91.70,N,Not at Intersection,N,Non-Junction,None,,,         ,Brian,Otto,Rain,Front to Rear,no,no,no,no,no,False
102252443,METROPOLITAN NASHVILLE POLICE DEPT,20181049866,Davidson,Nashville,12/20/2018 9:15:00 AM,2,0,0,36.037460,-86.790900,OLD HICKORY BLVD,,,,25.00,Feet,East,S HILLVIEW DR,,,,0.00,N,Not at Intersection, ,Non-Junction,None,,,         ,Jon,Mcvey,Rain,Front to Rear,no,no,no,no,no,False
102252446,METROPOLITAN NASHVILLE POLICE DEPT,20181049786,Davidson,Nashville,12/20/2018 8:30:00 AM,2,0,0,36.185350,-86.842000,COUNTY HOSPITAL RD,,,,488.00,Feet,North,PANORAMA DR,,,,0.00,N,Not at Intersection, ,Non-Junction,None,,,         ,Wesley,Young,Rain,"Sideswipe, Same Direction",no,no,no,no,no,False
102252449,METROPOLITAN NASHVILLE POLICE DEPT,20181049910,Davidson,Nashville,12/20/2018 9:42:00 AM,2,0,0,36.141300,-86.716720,I 40,,,,0.00,,,,,,,213.80,N,Not at Intersection, ,Non-Junction,None,,,         ,Tien,Nguyen,Rain,Front to Rear,no,no,no,no,no,False
102252451,METROPOLITAN NASHVILLE POLICE DEPT,20181049799,Davidson,Nashville,12/20/2018 8:45:00 AM,3,0,0,36.104270,-86.766400,I 65,,,,0.00,,,,,,,79.35,N,Not at Intersection,N,Non-Junction,None,,,         ,David,Lang,Rain,Front to Rear,no,no,no,no,no,False
102252454,METROPOLITAN NASHVILLE POLICE DEPT,20181049693,Davidson,Nashville,12/20/2018 7:53:00 AM,1,0,0,36.238670,-86.737550,ELLINGTON PKWY S ENT RAMP,,,,0.00,,,BRILEY PKWY W EXT RAMP,,,,0.00,Y,Y-Intersection,Y,Entrance/Exit Ramp Related,None,,,         ,Russell,Freeman,Rain,Not Collision with Motor Vehicle in Transport,no,no,no,no,no,False
102252455,METROPOLITAN NASHVILLE POLICE DEPT,20181049742,Davidson,Nashville,12/20/2018 8:19:00 AM,3,0,0,36.213280,-86.764630,DICKERSON PKE,,,,111.00,Feet,South,DELLWAY VILLA RD,,,,0.00,N,Not at Intersection,N,Non-Junction,None,,,         ,Russell,Freeman,Rain,Front to Rear,no,no,no,no,no,False
102252463,METROPOLITAN NASHVILLE POLICE DEPT,20181049909,Davidson,Madison,12/20/2018 9:43:00 AM,2,0,0,36.263330,-86.714600,OLD HICKORY BLVDW,,,,0.00,,,DOUGLAS ST,,,,0.00,Y,T-Intersection, ,Intersection,None,,,         ,Matthew,Harris,Rain,Front to Rear,no,no,no,no,no,False
102252466,METROPOLITAN NASHVILLE POLICE DEPT,20181049893,Davidson,Nashville,12/20/2018 9:37:00 AM,2,0,0,36.239970,-86.746270,BRILEY PKWYE,,,,242.00,Feet,West,I65 S EXT RAMP,,,,0.00,N,Not at Intersection, ,Non-Junction,None,,,         ,Russell,Freeman,Rain,"Sideswipe, Same Direction",no,no,no,no,no,False
102252477,METROPOLITAN NASHVILLE POLICE DEPT,20181050057,Davidson,Nashville,12/20/2018 10:51:00 AM,2,0,0,36.139270,-86.636800,QUAIL CTE,,,,185.00,Feet,South,QUAIL RD,,,,0.00,N,Not at Intersection,N,Non-Junction,None,,,         ,Tien,Nguyen,Rain,Rear to Side,no,no,no,no,no,False
102252478,METROPOLITAN NASHVILLE POLICE DEPT,20181050011,Davidson,Nashville,12/20/2018 10:30:00 AM,2,0,0,36.121620,-86.750520,NOLENSVILLE PKE,,,,47.00,Feet,South,I440 E EXT RAMP,,,,0.00,N,Not at Intersection, ,Non-Junction,None,,,         ,Jon,Mcvey,Rain,"Sideswipe, Same Direction",no,no,no,no,no,False