master_record_number,agency,agency_tracking_number,county,city,collision_date,vehicles_involved,number_injured,number_dead,latitude,longitude,roadway_name,roadway_suffix,roadway_number,roadway_local_id,distance_from_reference,miles-feet_indicator,direction_from_reference,intersection_road_name,intersection_road_name_suffix,intersection_road_number,intersection_local_id,mile_marker,intersection_indicator,intersect_type,interchange_related_indicator,relation_to_junction,work_zone_type,construction_maintenance_zone,construction_maintenance_zone_location,fatal_case_number,officer_first_name,officer_last_name,weather_condition(s),manner_of_crash,pedestrian,bicycle,scooter,parking,hitrun,mou
102252481,METROPOLITAN NASHVILLE POLICE DEPT,20181050093,Davidson,Nashville,12/20/2018 11:05:00 AM,2,1,0,36.126700,-86.711090,THOMPSON PL,,,,0.00,,,MURFREESBORO PKE,,,,0.00,Y,Four-Way,N,Intersection,None,,,         ,Michael,Dance,Rain,Front to Rear,no,no,no,no,yes,False
102252483,METROPOLITAN NASHVILLE POLICE DEPT,20181049827,Davidson,Antioch,12/20/2018 8:28:00 AM,2,0,0,36.047840,-86.612050,MURFREESBORO PKE,,,,1284.00,Feet,North,MOUNTAIN SPRINGS RD,,,,0.00,N,Not at Intersection,N,Non-Junction,None,,,         ,Jessie,Meadows,Rain,Rear to Rear,no,no,no,yes,yes,False
102252484,METROPOLITAN NASHVILLE POLICE DEPT,20181049976,Davidson,Nashville,12/20/2018 10:15:00 AM,2,0,0,36.180210,-86.814460,BUCHANAN ST,,,,0.00,,,23RD AVN,,,,0.00,Y,Four-Way,N,Intersection,None,,,         ,Wesley,Young,Rain,Angle,no,no,no,no,no,False
102252488,METROPOLITAN NASHVILLE POLICE DEPT,20181050007,Davidson,Nashville,12/20/2018 10:28:00 AM,2,0,0,36.154570,-86.767010,ACADEMY SQ,,,,0.00,Feet,East,MIDDLETON ST,,,,0.00,N,Not at Intersection, ,Non-Junction,None,,,         ,Johnathan,Carlisle,Rain,Front to Rear,no,no,no,yes,no,False
102252500,METROPOLITAN NASHVILLE POLICE DEPT,20181050140,Davidson,Nashville,12/20/2018 11:29:00 AM,2,0,0,36.124900,-86.789540,12TH AVS,,,,64.00,Feet,North,GILMORE AV,,,,0.00,N,Not at Intersection,N,Non-Junction,None,,,         ,Nathan,Kemp,Rain,Front to Rear,no,no,no,no,no,False
102252512,METROPOLITAN NASHVILLE POLICE DEPT,20181050222,Davidson,Nashville,12/20/2018 11:58:00 AM,1,0,0,36.168100,-86.607050,I40 E EXT RAMP,,,,782.00,Feet,East,I 40,,,,0.00,N,Not at Intersection, ,Entrance/Exit Ramp Related,None,,,         ,Michael,Dance,Rain,Not Collision with Motor Vehicle in Transport,no,no,no,no,no,False
102252533,METROPOLITAN NASHVILLE POLICE DEPT,20181050196,Davidson,Nashville,12/20/2018 11:50:00 AM,2,0,0,36.176680,-86.813270,OSAGE ST,,,,122.00,Feet,East,23RD AVN,,,,0.00,N,Not at Intersection,N,Non-Junction,None,,,         ,Wesley,Young,Rain,Angle,no,no,no,no,no,False
102252542,METROPOLITAN NASHVILLE POLICE DEPT,20181050061,Davidson,Nashville,12/20/2018 10:51:00 AM,3,0,0,36.044790,-86.661780,BELL RD,,,,75.00,Feet,West,CANE RIDGE RD,,,,0.00,N,Not at Intersection, ,Non-Junction,None,,,         ,Jason,Kedzierski,Rain,Front to Rear,no,no,no,no,no,False
102252543,METROPOLITAN NASHVILLE POLICE DEPT,20181049973,Davidson,Not in City Limit,12/20/2018 10:10:00 AM,1,0,0,35.990850,-86.642550,BURKITT RD,,,,0.69,Miles,East,WHITTEMORE LN,,,,0.00,N,Not at Intersection,N,Non-Junction,None,,,         ,Jessie,Meadows,Rain,Not Collision with Motor Vehicle in Transport,no,no,no,no,no,False
102252544,METROPOLITAN NASHVILLE POLICE DEPT,20181050130,Davidson,Nashville,12/20/2018 10:16:00 AM,2,0,0,36.044680,-86.650670,CROSSINGS BLVD,,,,115.00,Feet,East,HICKORY HOLLOW PKWY,,,,0.00,N,Not at Intersection, ,Non-Junction,None,,,         ,Jessie,Meadows,Rain,Front to Rear,no,no,no,no,no,False
102252551,METROPOLITAN NASHVILLE POLICE DEPT,20181050252,Davidson,Not in City Limit,12/20/2018 12:00:00 PM,2,0,0,36.261390,-86.713900,DOUGLAS ST,,,,495.00,Feet,North,WOODRUFF ST,,,,0.00,N,Not at Intersection,N,OtherLocation,None,,,         ,Brian,Otto,Rain,Angle,no,no,no,yes,yes,False
102252559,METROPOLITAN NASHVILLE POLICE DEPT,20181050277,Davidson,Nashville,12/20/2018 12:20:00 PM,2,0,0,36.152870,-86.789930,DEMONBREUN ST,,,,452.00,Feet,North,MUSIC CIRE,,,,0.00,N,Not at Intersection, ,Non-Junction,None,,,         ,Justan,Vance,Rain,Angle,no,no,no,no,no,False
102252574,METROPOLITAN NASHVILLE POLICE DEPT,20181050227,Davidson,Nashville,12/20/2018 12:00:00 PM,1,1,0,36.043990,-86.642820,MT VIEW RD,,,,646.00,Feet,West,BABY RUTH LN,,,,0.00,N,Not at Intersection,N,Non-Junction,None,,,         ,Charles,Coe,Rain,Not Collision with Motor Vehicle in Transport,no,no,no,no,no,False
102252576,METROPOLITAN NASHVILLE POLICE DEPT,20181050314,Davidson,Nashville,12/20/2018 12:42:00 PM,2,0,0,36.131760,-86.778970,8TH AVS,,,,0.00,Feet,,SOUTH DOUGLAS AV,,,,0.00,Y,T-Intersection, ,Intersection,None,,,         ,Randy,Puckett,Rain,Front to Rear,no,no,no,no,no,False
102252584,METROPOLITAN NASHVILLE POLICE DEPT,20181050379,Davidson,Nashville,12/20/2018 12:52:00 PM,2,1,0,36.111050,-86.754210,THOMPSON LN,,,,75.00,Feet,East,EUGENIA AV,,,,0.00,N,Not at Intersection, ,Non-Junction,None,,,         ,Nathan,Kemp,Rain,Front to Rear,no,no,no,no,no,False
102252586,METROPOLITAN NASHVILLE POLICE DEPT,20181050370,Davidson,Nashville,12/20/2018 1:00:00 PM,2,0,0,36.147350,-86.869110,CHARLOTTE PKE,,,,118.00,Feet,East,MARCIA AV,,,,0.00,N,Not at Intersection, ,Non-Junction,None,,,         ,Curtis,Rich,Rain,Front to Rear,no,no,no,no,no,False
102252587,METROPOLITAN NASHVILLE POLICE DEPT,20181050299,Davidson,Nashville,12/20/2018 11:15:00 AM,2,0,0,36.091210,-86.733720,YELTON CT,,,,0.00,,,,,,,0.00,,, ,Non-Junction,None,,,         ,Jason,Hees,Rain,Rear to Rear,no,no,no,yes,yes,False
102252604,METROPOLITAN NASHVILLE POLICE DEPT,20181050308,Davidson,Nashville,12/20/2018 12:39:00 PM,2,0,0,36.138650,-86.769720,HAMILTON AV,,,,0.00,,,MARTIN ST,,,,0.00,Y,Four-Way, ,Intersection,None,,,         ,Jon,Mcvey,Rain,Angle,no,no,no,no,no,False
102252616,METROPOLITAN NASHVILLE POLICE DEPT,20181050338,Davidson,Nashville,12/20/2018 12:48:00 PM,2,0,0,36.129290,-86.714450,MURFREESBORO PKE,,,,102.00,Feet,East,MILLWOOD DR,,,,0.00,N,Not at Intersection, ,Non-Junction,None,,,         ,Michael,Dance,Rain,Front to Rear,no,no,no,no,no,False
102252620,METROPOLITAN NASHVILLE POLICE DEPT,2018-1050304,Davidson,Nashville,12/20/2018 12:36:00 PM,2,0,0,36.056300,-86.664030,MT VIEW RD,,,,941.00,Feet,South,KEVINWOOD CT,,,,0.00,N,Not at Intersection, ,,None,,,         ,Stanley,Collins,,,no,no,no,no,no,False
102252629,METROPOLITAN NASHVILLE POLICE DEPT,20181049828,Davidson,Nashville,12/20/2018 9:00:00 AM,3,1,0,36.229060,-86.780750,I 24,,,,0.00,,,,,,,44.25,N,Not at Intersection,N,Non-Junction,None,,,         ,Royce,McLester,Rain,"Sideswipe, Same Direction",no,no,no,no,no,False
102252637,METROPOLITAN NASHVILLE POLICE DEPT,20181050421,Davidson,Nashville,12/20/2018 12:00:00 AM,2,0,0,36.224170,-86.757300,ARBOR TRACE CIR,,,,0.00,,,,,,,0.00,,,N,Non-Junction,None,,,         ,Russell,Freeman,Rain,Unknown,no,no,no,yes,yes,False
102252639,METROPOLITAN NASHVILLE POLICE DEPT,20181050380,Davidson,Nashville,12/20/2018 1:03:00 PM,2,0,0,36.135120,-86.783990,HILLSIDE AV,,,,140.00,Feet,North,WEDGEWOOD AV,,,,0.00,N,Not at Intersection, ,"Driveway, Alley Access, etc",None,,,         ,David,Lang,Rain,Angle,no,no,no,no,no,False
102252644,GOODLETTSVILLE POLICE DEPT,18-44927,Davidson,Goodlettsville,12/20/2018 11:55:00 AM,2,0,0,36.306840,-86.694360,CONFERENCE DR,,,,0.00,Feet,,VIETNAM VETERANS BLVD NB ENT R,,,,0.00,Y,T-Intersection,N,Non-Junction,None,,,         ,George,Forbes,Rain,Front to Rear,no,no,no,no,no,False
102252653,METROPOLITAN NASHVILLE POLICE DEPT,20181050209,Davidson,Nashville,12/20/2018 10:40:00 AM,2,0,0,36.203880,-86.776780,I 65,,,,0.00,,,,,,,87.15,N,Not at Intersection,N,Non-Junction,None,,,         ,Jean,McCormack,Rain,"Sideswipe, Same Direction",no,no,no,no,yes,False
102252666,METROPOLITAN NASHVILLE POLICE DEPT,20181044159,Davidson,Nashville,12/18/2018 8:00:00 AM,2,0,0,36.157210,-86.773950,ALMOND ST,,,,68.00,Feet,South,KOREAN VETERANS BLVD,,,,0.00,N,Not at Intersection, ,Non-Junction,None,,,         ,Cory,West,Clear,Front to Rear,no,no,no,no,no,False
102252675,METROPOLITAN NASHVILLE POLICE DEPT,20181050090,Davidson,Not in City Limit,12/20/2018 10:45:00 AM,2,1,0,36.273650,-86.753380,DICKERSON PKE,,,,874.00,Feet,East,YOEST DR,,,,0.00,N,Not at Intersection,N,Non-Junction,None,,,         ,Cyretha,Frazier,Rain,"Sideswipe, Same Direction",no,no,no,no,no,False
102252681,METROPOLITAN NASHVILLE POLICE DEPT,20181050437,Davidson,Nashville,12/20/2018 1:32:00 PM,2,0,0,36.148480,-86.793490,CHET ATKINS PL,,,,0.00,Feet,,MUSIC SQW,,,,0.00,Y,Four-Way, ,Intersection,None,,,         ,Justan,Vance,Rain,Angle,no,no,no,no,no,False
102252689,METROPOLITAN NASHVILLE POLICE DEPT,20181050371,Davidson,Nashville,12/20/2018 1:06:00 PM,2,0,0,36.067410,-86.631250,MURFREESBORO PKE,,,,0.00,,,FOREST VIEW DR,,,,0.00,Y,Four-Way,N,Non-Junction,None,,,         ,Steven,Williams,Rain,Angle,no,no,no,no,no,False
102252690,METROPOLITAN NASHVILLE POLICE DEPT,20181050456,Davidson,Nashville,12/20/2018 12:00:00 AM,2,0,0,36.112630,-86.733040,HARTFORD DR,,,,218.00,Feet,North,RICKETTS DR,,,,0.00,N,Not at Intersection, ,Non-Junction,None,,,         ,Molly,Page,Unknown,Unknown,no,no,no,no,yes,False
102252698,METROPOLITAN NASHVILLE POLICE DEPT,20181050472,Davidson,Nashville,12/20/2018 1:58:00 PM,2,0,0,36.145410,-86.740760,I 40,,,,0.00,,,,,,,212.25,N,Not at Intersection, ,Non-Junction,None,,,         ,Michael,Dance,Rain,"Sideswipe, Same Direction",no,no,no,no,no,False
102252730,METROPOLITAN NASHVILLE POLICE DEPT,20181050470,Davidson,Nashville,12/20/2018 1:58:00 PM,1,1,0,36.105420,-86.717880,I 24,,,,0.00,,,,,,,54.10,N,Not at Intersection,N,Non-Junction,None,,,         ,Jason,Hees,Rain,Not Collision with Motor Vehicle in Transport,no,no,no,no,no,False
102252731,GOODLETTSVILLE POLICE DEPT,18-44818,Davidson,Goodlettsville,12/19/2018 5:25:00 PM,2,0,0,36.296390,-86.725440,DICKERSON PKES,,,,426.00,Feet,East,ROBERT CARTWRIGHT DR,,,,0.00,N,Not at Intersection, ,Non-Junction,None,,,         ,Andre,Sanders,Cloudy,Front to Rear,no,no,no,no,no,False
102252732,BRENTWOOD POLICE DEPT,BPD-18-03769,Davidson,Nashville,12/20/2018 11:21:00 AM,2,0,0,36.024400,-86.793710,FRANKLIN RD,,,,0.00,,,MEADOW LAKE RD,,,,0.00,Y,T-Intersection, ,Intersection,None,,,         ,Bryan,Kirkpatrick,Rain,Angle,no,no,no,no,no,False
102252735,METROPOLITAN NASHVILLE POLICE DEPT,2018-1050460,Davidson,Nashville,12/20/2018 1:40:00 PM,2,0,0,36.075790,-86.693880,I 24,,,,0.00,,,,,,,56.50,N,Not at Intersection,N,Non-Junction,None,,,         ,Stanley,Collins,Rain,Front to Rear,no,no,no,no,yes,False
102252740,METROPOLITAN NASHVILLE POLICE DEPT,20181050428,Davidson,Nashville,12/20/2018 1:31:00 PM,2,1,0,36.049980,-86.649500,BELL RD,,,,0.00,,,MT VIEW RD,,,,0.00,Y,Four-Way,Y,Intersection,None,,,         ,Joseph,Simon,Rain,Angle,no,no,no,no,no,False
102252778,METROPOLITAN NASHVILLE POLICE DEPT,20181050447,Davidson,Nashville,12/20/2018 1:43:00 PM,2,0,0,36.150220,-86.857680,CHARLOTTE PKE,,,,84.00,Feet,East,WHITE BRIDGE PKE,,,,0.00,N,Not at Intersection,N,Non-Junction,None,,,         ,Ty,Cummings,Rain,Front to Rear,no,no,no,no,yes,False
102252783,METROPOLITAN NASHVILLE POLICE DEPT,20181050532,Davidson,Nashville,12/20/2018 2:45:00 PM,3,0,0,36.221370,-86.761790,DICKERSON PKE,,,,123.00,Feet,South,HART LN,,,,0.00,N,Not at Intersection,N,Non-Junction,None,,,         ,Riley,Brewer,Rain,Front to Rear,no,no,no,no,yes,False
102252785,METROPOLITAN NASHVILLE POLICE DEPT,20181050372,Davidson,Nashville,12/20/2018 1:03:00 PM,2,0,0,36.242690,-86.779070,MASONWOOD DR,,,,0.00,,,GWEN DR,,,,0.00,Y,T-Intersection, ,Non-Junction,None,,,         ,Blake,McKay,Rain,Front to Rear,no,no,no,no,no,False
102252819,METROPOLITAN NASHVILLE POLICE DEPT,20181050551,Davidson,Nashville,12/20/2018 2:57:00 PM,2,2,0,36.230320,-86.773800,EWING DR,,,,0.00,,,RICHMOND HILL DR,,,,0.00,Y,Four-Way,N,Intersection,None,,,         ,Christopher,Littles,Rain,HeadOn,no,no,no,no,yes,False
102252834,METROPOLITAN NASHVILLE POLICE DEPT,20181050612,Davidson,Nashville,12/20/2018 3:16:00 PM,2,0,0,36.212000,-86.844700,FAIRVIEW DR,,,,1.00,Feet,East,TIMOTHY DR,,,,0.00,N,Not at Intersection, ,Non-Junction,None,,,         ,Bryan,Musgrave,Rain,Front to Rear,no,no,no,no,yes,False
102252840,METROPOLITAN NASHVILLE POLICE DEPT,20181050600,Davidson,Nashville,12/20/2018 3:21:00 PM,2,0,0,36.155340,-86.828980,I 40,,,,0.00,,,,,,,205.55,N,Not at Intersection, ,Non-Junction,None,,,         ,Torian,Cox,Rain,Front to Rear,no,no,no,no,no,False
102252854,METROPOLITAN NASHVILLE POLICE DEPT,20181050656,Davidson,Nashville,12/19/2018 1:00:00 PM,2,0,0,36.221210,-86.728260,VIRGINIA AV,,,,447.00,Feet,West,GALLATIN PKE,,,,0.00,N,Not at Intersection,N,Non-Junction,None,,,         ,Riley,Brewer,Rain,Unknown,no,no,no,no,yes,False
102252858,METROPOLITAN NASHVILLE POLICE DEPT,2018-1050503,Davidson,Goodlettsville,12/20/2018 2:20:00 PM,3,0,0,36.305910,-86.693820,CONFERENCE DR,,,,0.00,,,RIVERGATE MALL PVTDR,,,,0.00,Y,T-Intersection,Y,Intersection,None,,,         ,Matthew,Harris,Rain,Angle,no,no,no,no,no,False
102252861,METROPOLITAN NASHVILLE POLICE DEPT,20181050604,Davidson,Nashville,12/20/2018 3:16:00 PM,2,0,0,36.170600,-86.691870,DELLROSE DR,,,,120.00,Feet,East,COTTAGE LN,,,,0.00,N,Not at Intersection,N,Non-Junction,None,,,         ,Samuel,Sundra,Rain,HeadOn,no,no,no,no,no,False
102252867,METROPOLITAN NASHVILLE POLICE DEPT,20181050445,Davidson,Nashville,12/20/2018 1:30:00 PM,3,2,0,36.062660,-86.630800,HAMILTON CHURCH RD,,,,0.00,Feet,South,HAMILTON CROSSINGS,,,,0.00,N,Not at Intersection,N,Non-Junction,None,,,         ,Honorio,Canchola,Rain,Other,no,no,no,no,no,False
102252877,METROPOLITAN NASHVILLE POLICE DEPT,20181050626,Davidson,Nashville,12/20/2018 3:00:00 PM,2,0,0,36.113970,-86.811020,WOODMONT BLVD,,,,44.00,Feet,West,HILLSBORO PKE,,,,0.00,N,Not at Intersection, ,Non-Junction,None,,,         ,Reagan,Heath,Cloudy,Front to Rear,no,no,no,no,no,False
102252878,METROPOLITAN NASHVILLE POLICE DEPT,20181050526,Davidson,Nashville,12/20/2018 2:36:00 PM,2,1,0,36.044630,-86.659530,I24 E ENT RAMP,,,,0.00,,,I 24,,,,0.00,Y,Y-Intersection,Y,Entrance/Exit Ramp Related,None,,,         ,Nathaniel,Myers,Rain,Angle,no,no,no,no,no,False
102252889,METROPOLITAN NASHVILLE POLICE DEPT,20181050660,Davidson,Nashville,12/20/2018 2:05:00 PM,2,0,0,36.152840,-86.823830,CHARLOTTE AV,,,,88.00,Feet,West,33RD AVN,,,,0.00,N,Not at Intersection, ,Non-Junction,None,,,         ,Laura,Williams,Rain,Angle,no,no,no,no,no,False
102252902,METROPOLITAN NASHVILLE POLICE DEPT,20181050617,Davidson,Nashville,12/20/2018 2:50:00 PM,2,0,0,36.196360,-86.742410,GALLATIN AV,,,,121.00,Feet,South,CAHAL AV,,,,0.00,N,Not at Intersection,N,Non-Junction,None,,,         ,Gregory,Cenicola,Rain,Angle,no,no,no,no,no,False
102252903,METROPOLITAN NASHVILLE POLICE DEPT,20181050723,Davidson,Nashville,12/20/2018 4:00:00 PM,2,0,0,36.089070,-86.614400,SMITH SPRINGS RD,,,,135.00,Feet,East,CASTLEGATE DR,,,,0.00,N,Not at Intersection, ,Non-Junction,None,,,         ,Cheri,Cox,Rain,Front to Rear,no,no,no,no,no,False
102252904,METROPOLITAN NASHVILLE POLICE DEPT,20181050703,Davidson,Nashville,12/20/2018 4:25:00 PM,2,0,0,36.061710,-86.644910,RURAL HILL RD,,,,0.00,,,HICKORY HIGHLANDS DR,,,,0.00,Y,T-Intersection,N,Intersection,None,,,         ,Nathaniel,Myers,Rain,Angle,no,no,no,no,no,False
102252914,METROPOLITAN NASHVILLE POLICE DEPT,20181050812,Davidson,Nashville,12/20/2018 5:00:00 PM,2,1,0,36.160620,-86.691830,BRILEY PKWYS,,,,1174.00,Feet,North,BRILEY PKWYN,,,,0.00,N,Not at Intersection,N,Non-Junction,None,,,         ,Samuel,Sundra,Rain,Front to Rear,no,no,no,no,no,False
102252918,METROPOLITAN NASHVILLE POLICE DEPT,20181050785,Davidson,Nashville,12/20/2018 4:49:00 PM,2,0,0,36.091330,-86.651330,MURFREESBORO PKE,,,,0.00,,,BRITISH WOODS DR,,,,0.00,Y,T-Intersection, ,,None,,,         ,Seth,Vaughn,,,no,no,no,no,no,False
102252925,METROPOLITAN NASHVILLE POLICE DEPT,20181050734,Davidson,Nashville,12/20/2018 4:01:00 PM,2,1,0,36.123410,-86.826600,BOWLING AV,,,,156.00,Feet,South,WOODLAWN DR,,,,0.00,N,Not at Intersection,N,OtherLocation,None,,,         ,Torian,Cox,Rain,Front to Rear,no,no,no,no,no,False
102252928,METROPOLITAN NASHVILLE POLICE DEPT,20181050628,Davidson,Nashville,12/20/2018 3:20:00 PM,1,0,0,36.180840,-86.670830,HUNTERS HILL RD,,,,0.00,,,KNOBVIEW DR,,,,0.00,Y,Four-Way,N,Intersection,None,,,         ,Timothy,Ward,Rain,Not Collision with Motor Vehicle in Transport,no,no,no,no,no,False
102252934,METROPOLITAN NASHVILLE POLICE DEPT,20181050607,Davidson,Nashville,12/20/2018 3:00:00 PM,2,0,0,36.207350,-86.790920,W TRINITY LN,,,,238.00,Feet,East,WHITES CREEK PKE,,,,0.00,N,Not at Intersection, ,Non-Junction,None,,,         ,Brian,Woodard,Rain,Front to Rear,no,no,no,no,no,False
102252936,METROPOLITAN NASHVILLE POLICE DEPT,20181050827,Davidson,Nashville,12/20/2018 4:20:00 PM,2,0,0,36.198400,-86.620290,LEBANON PKE,,,,16.00,Feet,South,OLD HICKORY BLVD,,,,0.00,N,Not at Intersection, ,,None,,,         ,Tony,Mingsing,,,no,no,no,no,no,False
102252937,METROPOLITAN NASHVILLE POLICE DEPT,20181050728,Davidson,Goodlettsville,12/20/2018 4:20:00 PM,2,0,0,36.291590,-86.703190,GALLATIN PKEN,,,,325.00,Feet,North,ALTUS AV,,,,0.00,N,Not at Intersection, ,Non-Junction,None,,,         ,Christopher,Littles,Rain,Angle,no,no,no,no,no,False
102252938,METROPOLITAN NASHVILLE POLICE DEPT,20181050805,Davidson,Goodlettsville,12/20/2018 4:59:00 PM,1,1,0,36.299400,-86.697030,GALLATIN PKEN,,,,190.00,Feet,South,CUDE LN,,,,0.00,N,Not at Intersection,N,Non-Junction,None,,,         ,Christopher,Littles,Rain,Not Collision with Motor Vehicle in Transport,yes,no,no,yes,no,False
102252939,METROPOLITAN NASHVILLE POLICE DEPT,20181050842,Davidson,Goodlettsville,12/20/2018 5:13:00 PM,2,0,0,36.285760,-86.692750,MYATT DR,,,,221.00,Feet,North,NORTHGATE BUSINESS PKWY,,,,0.00,N,Not at Intersection, ,Non-Junction,None,,,         ,Christopher,Littles,Rain,Front to Rear,no,no,no,no,no,False
102252940,METROPOLITAN NASHVILLE POLICE DEPT,20181050789,Davidson,Nashville,12/20/2018 4:50:00 PM,2,0,0,36.175700,-86.692090,BRILEY PKWYN,,,,681.00,Feet,North,BRILEY PKWYS,,,,0.00,N,Not at Intersection,N,Non-Junction,None,,,         ,Darci,Stechman,Rain,Front to Rear,no,no,no,no,no,False
102252944,METROPOLITAN NASHVILLE POLICE DEPT,20181050810,Davidson,Nashville,12/20/2018 5:00:00 PM,2,0,0,36.123140,-86.826620,BOWLING AV,,,,255.00,Feet,South,WOODLAWN DR,,,,0.00,N,Not at Intersection, ,OtherLocation,None,,,         ,Torian,Cox,Rain,Front to Rear,no,no,no,no,no,False
102252945,METROPOLITAN NASHVILLE POLICE DEPT,20181050710,Davidson,Nashville,12/20/2018 4:13:00 PM,2,0,0,36.070300,-86.701210,HAYWOOD LN,,,,123.00,Feet,East,HAYWOOD CT,,,,0.00,N,Not at Intersection, ,Non-Junction,None,,,         ,Wesley,Carver,Rain,Front to Rear,no,no,no,no,no,False
102252949,METROPOLITAN NASHVILLE POLICE DEPT,20181050676,Davidson,Nashville,12/20/2018 3:50:00 PM,3,0,0,36.151110,-86.822460,I 440,,,,0.00,,,,,,,1.50,N,Not at Intersection,N,Non-Junction,None,,,         ,FELIKS,ABRAHAMYAN,Rain,Angle,no,no,no,no,yes,False
102252950,METROPOLITAN NASHVILLE POLICE DEPT,20181050803,Davidson,Nashville,12/20/2018 4:46:00 PM,3,0,0,36.141190,-86.665330,I 40,,,,0.00,,,,,,,218.00,N,Not at Intersection,N,Non-Junction,None,,,         ,Brady,Reynolds,Rain,Front to Rear,no,no,no,no,no,False
102252952,METROPOLITAN NASHVILLE POLICE DEPT,20181050643,Davidson,Nashville,12/20/2018 2:00:00 PM,2,0,0,36.171390,-86.807430,DR D B TODD JR BLVD,,,,0.00,,,HEIMAN ST,,,,0.00,Y,Four-Way,N,Intersection,None,,,         ,Christopher,Dickerson,Rain,Angle,no,no,no,no,no,False
102252957,METROPOLITAN NASHVILLE POLICE DEPT,20181050718,Davidson,Nashville,12/20/2018 4:20:00 PM,4,1,0,36.069490,-86.693140,HAYWOOD LN,,,,125.00,Feet,West,HAYWOOD SQUARE PVTDR,,,,0.00,N,Not at Intersection,N,Non-Junction,None,,,         ,Taylor,Hurley,Rain,Front to Rear,no,no,no,no,yes,False
102252958,METROPOLITAN NASHVILLE POLICE DEPT,20181050871,Davidson,Nashville,12/20/2018 12:00:00 AM,2,0,0,36.173510,-86.739800,S 17TH ST,,,,137.00,Feet,North,FATHERLAND ST,,,,0.00,N,Not at Intersection,N,Non-Junction,None,,,         ,Gregory,Cenicola,Unknown,Unknown,no,no,no,no,yes,False
102252964,METROPOLITAN NASHVILLE POLICE DEPT,20181050905,Davidson,Nashville,12/20/2018 5:00:00 PM,2,0,0,36.152670,-86.786810,I40 W EXT RAMP,,,,0.00,,,I 40,,,,0.00,Y,OTHER,N,Non-Junction,None,,,         ,Citlaly,Juarez,Clear,Front to Rear,no,no,no,no,yes,False
102252965,METROPOLITAN NASHVILLE POLICE DEPT,20181050910,Davidson,Nashville,12/20/2018 5:11:00 PM,2,0,0,36.128600,-86.906800,RIVER RD,,,,0.00,,,CHARLOTTE PKE PVTDR,,,,0.00,Y,T-Intersection,N,Intersection-Related,None,,,         ,Steven,Wiser,Rain,HeadOn,no,no,no,no,yes,False
102252966,METROPOLITAN NASHVILLE POLICE DEPT,20181050838,Davidson,Nashville,12/20/2018 5:12:00 PM,1,1,0,36.125730,-86.794050,BEECHWOOD AV,,,,0.00,,,BELMONT BLVD,,,,0.00,Y,T-Intersection,N,Intersection,None,,,         ,FELIKS,ABRAHAMYAN,Rain,Not Collision with Motor Vehicle in Transport,yes,no,no,no,no,False
102252968,METROPOLITAN NASHVILLE POLICE DEPT,20181050783,Davidson,Nashville,12/20/2018 4:46:00 PM,2,0,0,36.192320,-86.616300,JUAREZ DR,,,,0.00,Feet,West,OLD HICKORY BLVD,,,,0.00,N,Not at Intersection, ,,None,,,         ,Tyler,Hall,,,no,no,no,no,no,False
102252971,METROPOLITAN NASHVILLE POLICE DEPT,20181050582,Davidson,Nashville,12/20/2018 3:07:00 PM,2,1,0,36.072500,-86.691590,I 24,,,,0.00,,,,,,,56.75,N,Not at Intersection,Y,Non-Junction,None,,,         ,Shelby,Hughes,Rain,"Sideswipe, Same Direction",no,no,no,no,no,False
102252980,METROPOLITAN NASHVILLE POLICE DEPT,20181050937,Davidson,Nashville,12/20/2018 6:00:00 PM,2,1,0,36.205420,-86.761910,E TRINITY LN,,,,216.00,Feet,West,LISCHEY AV,,,,0.00,N,Not at Intersection,N,Non-Junction,None,,,         ,Riley,Brewer,Rain,Front to Rear,no,no,no,no,no,False
102252987,METROPOLITAN NASHVILLE POLICE DEPT,20181050904,Davidson,Nashville,12/20/2018 5:40:00 PM,2,0,0,36.152350,-86.769010,2ND AVS,,,,0.00,,,LINDSLEY AV,,,,0.00,Y,Four-Way, ,Intersection,None,,,         ,Gabriel,Hamilton,Rain,"Sideswipe, Same Direction",no,no,no,no,no,False
102252989,METROPOLITAN NASHVILLE POLICE DEPT,20181050895,Davidson,Nashville,12/20/2018 5:35:00 PM,2,0,0,36.152160,-86.753600,I 40,,,,0.00,,,,,,,211.40,N,Not at Intersection, ,,None,,,         ,Darci,Stechman,,,no,no,no,no,no,False
102252991,METROPOLITAN NASHVILLE POLICE DEPT,20181050819,Davidson,Nashville,12/20/2018 4:41:00 PM,3,0,0,36.137560,-86.726770,I 24,,,,0.00,,,,,,,52.35,N,Not at Intersection, ,Non-Junction,None,,,         ,Je-Marc,Sears,Rain,Front to Rear,no,no,no,no,no,False
102252992,METROPOLITAN NASHVILLE POLICE DEPT,20181050832,Davidson,Nashville,12/20/2018 5:09:00 PM,1,1,0,36.162900,-86.776860,3RD AVN,,,,0.00,,,COMMERCE ST,,,,0.00,Y,Four-Way,N,Intersection,None,,,         ,Roy,Sain Jr.,Rain,Not Collision with Motor Vehicle in Transport,yes,no,no,no,no,False
102252993,METROPOLITAN NASHVILLE POLICE DEPT,20181050972,Davidson,Nashville,12/20/2018 6:10:00 PM,2,0,0,36.149590,-86.638970,I 40,,,,0.00,,,,,,,218.30,N,Not at Intersection,N,Non-Junction,None,,,         ,Brady,Reynolds,Rain,Front to Rear,no,no,no,no,yes,False