master_record_number,agency,agency_tracking_number,county,city,collision_date,vehicles_involved,number_injured,number_dead,latitude,longitude,roadway_name,roadway_suffix,roadway_number,roadway_local_id,distance_from_reference,miles-feet_indicator,direction_from_reference,intersection_road_name,intersection_road_name_suffix,intersection_road_number,intersection_local_id,mile_marker,intersection_indicator,intersect_type,interchange_related_indicator,relation_to_junction,work_zone_type,construction_maintenance_zone,construction_maintenance_zone_location,fatal_case_number,officer_first_name,officer_last_name,weather_condition(s),manner_of_crash,pedestrian,bicycle,scooter,parking,hitrun,mou
102256438,METROPOLITAN NASHVILLE POLICE DEPT,20181059284,Davidson,Nashville,12/24/2018 11:00:00 AM,2,0,0,36.070340,-86.634490,MURFREESBORO PKE,,,,747.00,Feet,South,BELL RD,,,,0.00,N,Not at Intersection, ,Non-Junction,None,,,         ,Brandon,Evans,Clear,Front to Rear,no,no,no,no,no,False
102256476,METROPOLITAN NASHVILLE POLICE DEPT,20181059333,Davidson,Nashville,12/24/2018 11:39:00 AM,3,0,0,36.086910,-86.648680,MURFREESBORO PKE,,,,0.00,,,NASHBORO BLVD,,,,0.00,Y,Four-Way,N,Intersection-Related,None,,,         ,Tien,Nguyen,Clear,Front to Rear,no,no,no,no,no,False
102256488,METROPOLITAN NASHVILLE POLICE DEPT,20181059394,Davidson,Nashville,12/24/2018 12:20:00 PM,2,0,0,36.147190,-86.743890,I 40,,,,0.00,,,,,,,212.00,N,Not at Intersection,N,Non-Junction,None,,,         ,Zachary,Plese,Clear,Front to Rear,no,no,no,no,no,False
102256489,METROPOLITAN NASHVILLE POLICE DEPT,20181059319,Davidson,Nashville,12/24/2018 11:31:00 AM,1,0,0,36.145080,-86.591810,STEWARTS FERRY PKE,,,,304.00,Feet,East,STEWARTS FERRY PVTDR,,,,0.00,N,Not at Intersection,N,Non-Junction,None,,,         ,Michael,Parman,Clear,Not Collision with Motor Vehicle in Transport,no,no,no,no,no,False
102256516,METROPOLITAN NASHVILLE POLICE DEPT,20181059294,Davidson,Nashville,12/24/2018 11:00:00 AM,2,0,0,36.060090,-86.716400,NOLENSVILLE PKE,,,,0.00,Feet,East,STRASSER DR,,,,0.00,N,Not at Intersection, ,,None,,,         ,Gregory,Scott,,,no,no,no,no,no,False
102256517,METROPOLITAN NASHVILLE POLICE DEPT,20181059389,Davidson,Nashville,12/24/2018 12:19:00 PM,2,0,0,36.185300,-86.636500,JACKSON DOWNS BLVD,,,,0.00,,,LEBANON PKE,,,,0.00,Y,T-Intersection, ,Intersection-Related,None,,,         ,Anna,Clayton,Clear,Front to Rear,no,no,no,no,no,False
102256524,METROPOLITAN NASHVILLE POLICE DEPT,20181059397,Davidson,Nashville,12/24/2018 11:57:00 AM,2,0,0,36.200160,-86.618280,LEBANON PKE PVTDR,,,,110.00,Feet,East,HERMITAGE RD,,,,0.00,N,Not at Intersection, ,Non-Junction,None,,,         ,Tien,Nguyen,Clear,Front to Rear,no,no,no,no,no,False
102256537,METROPOLITAN NASHVILLE POLICE DEPT,20181059364,Davidson,Nashville,12/24/2018 12:03:00 PM,2,0,0,36.123870,-86.746290,I 440,,,,0.00,,,,,,,6.50,N,Not at Intersection, ,Non-Junction,None,,,         ,Charles,Wakefield,Clear,"Sideswipe, Same Direction",no,no,no,no,no,False
102256539,METROPOLITAN NASHVILLE POLICE DEPT,20181059416,Davidson,Nashville,12/24/2018 12:43:00 PM,2,2,0,36.185980,-86.773540,DICKERSON PKE,,,,530.00,Feet,South,CLEVELAND ST,,,,0.00,N,Not at Intersection,N,OtherLocation,None,,,         ,Doyle,Price,Clear,Front to Rear,no,no,no,no,yes,False
102256548,METROPOLITAN NASHVILLE POLICE DEPT,20181059413,Davidson,Nashville,12/24/2018 12:40:00 PM,3,2,0,36.053020,-86.644110,BELL RD,,,,380.00,Feet,North,EAGLE VIEW BLVD,,,,0.00,N,Not at Intersection,N,Non-Junction,None,,,         ,Jason,Hees,Clear,Front to Rear,no,no,no,no,no,False
102256551,METROPOLITAN NASHVILLE POLICE DEPT,20181059420,Davidson,Nashville,12/24/2018 12:50:00 PM,2,1,0,36.151800,-86.771250,4TH AVS,,,,0.00,,,LAFAYETTE ST,,,,0.00,Y,Four-Way,Y,Intersection,None,,,         ,Tony,Folad,Clear,"Sideswipe, Opposite Direction",no,no,no,no,no,False
102256552,METROPOLITAN NASHVILLE POLICE DEPT,20181059441,Davidson,Not in City Limit,12/24/2018 1:05:00 PM,2,0,0,36.266900,-86.710910,DUPONT AV,,,,0.00,,,GALLATIN PKEN,,,,0.00,Y,T-Intersection,N,Non-Junction,None,,,         ,Blake,McKay,Clear,Front to Rear,no,no,no,no,no,False
102256555,METROPOLITAN NASHVILLE POLICE DEPT,2018-1059444,Davidson,Not in City Limit,12/24/2018 1:05:00 PM,2,0,0,36.268960,-86.755860,DICKERSON PKE,,,,115.00,Feet,South,OLD HICKORY BLVD,,,,0.00,N,Not at Intersection,N,Non-Junction,None,,,         ,Arthur,Hipp,Clear,"Sideswipe, Same Direction",no,no,no,no,yes,False
102256560,METROPOLITAN NASHVILLE POLICE DEPT,20181059314,Davidson,Nashville,12/24/2018 1:28:00 PM,2,0,0,36.114660,-86.923030,OLD HICKORY BLVD,,,,97.00,Feet,North,TIDWELL RD,,,,0.00,N,Not at Intersection, ,Non-Junction,None,,,         ,Terrence,Bradley,Clear,Unknown,no,no,no,no,no,False
102256566,METROPOLITAN NASHVILLE POLICE DEPT,20181059481,Davidson,Nashville,12/24/2018 12:41:00 PM,2,0,0,36.224500,-86.736850,EDWARDS AV,,,,399.00,Feet,North,VIRGINIA AV,,,,0.00,N,Not at Intersection,N,Non-Junction,None,,,         ,Nicholas,Silinsky,Clear,Front to Rear,no,no,no,no,yes,False
102256578,METROPOLITAN NASHVILLE POLICE DEPT,20181059522,Davidson,Nashville,12/24/2018 2:15:00 PM,2,2,0,36.164650,-86.663840,DONELSON PKE,,,,0.00,,,BLUEFIELD AV,,,,0.00,Y,T-Intersection,N,Intersection-Related,None,,,         ,Tien,Nguyen,Clear,Angle,no,no,no,no,no,False
102256593,METROPOLITAN NASHVILLE POLICE DEPT,20181059259,Davidson,Antioch,12/24/2018 10:25:00 AM,2,0,0,36.015300,-86.620830,I24 W ENT RAMP,,,,0.00,,,I 24,,,,0.00,Y,OTHER,Y,Entrance/Exit Ramp Related,None,,,         ,Honorio,Canchola,Clear,Front to Rear,no,no,no,no,no,False
102256603,METROPOLITAN NASHVILLE POLICE DEPT,20181059495,Davidson,Nashville,12/24/2018 1:53:00 PM,3,0,0,36.202530,-86.776650,I 65,,,,0.00,,,,,,,86.95,N,Not at Intersection,N,Non-Junction,None,,,         ,David,Collins,Clear,Front to Rear,no,no,no,no,no,False
102256607,METROPOLITAN NASHVILLE POLICE DEPT,20181059500,Davidson,Nashville,12/24/2018 1:58:00 PM,3,4,0,36.045600,-86.658470,I24 W EXT RAMP,,,,0.00,,,I 24,,,,0.00,Y,T-Intersection,Y,Intersection,None,,,         ,Jason,Hees,Clear,Angle,no,no,no,no,no,False
102256609,METROPOLITAN NASHVILLE POLICE DEPT,20181059562,Davidson,Not in City Limit,12/24/2018 2:54:00 PM,2,0,0,36.264370,-86.711460,GALLATIN PKEN,,,,0.00,,,OLD TIME VILLAGE PVTDR,,,,0.00,Y,T-Intersection,N,Intersection-Related,None,,,         ,Christopher,Littles,Clear,Angle,no,no,no,no,no,False
102256634,GOODLETTSVILLE POLICE DEPT,18-45351,Davidson,Goodlettsville,12/24/2018 3:30:00 PM,2,0,0,36.306990,-86.694470,CONFERENCE DR,,,,64.00,Feet,North,VIETNAM VETERANS BLVD NB ENT R,,,,0.00,N,Not at Intersection, ,Non-Junction,None,,,         ,George,Forbes,Clear,"Sideswipe, Same Direction",no,no,no,no,no,False
102256635,METROPOLITAN NASHVILLE POLICE DEPT,20181059560,Davidson,Nashville,12/24/2018 12:00:00 AM,3,0,0,36.062140,-86.695480,GILLESPIE DR,,,,234.00,Feet,West,GILLESPIE CT,,,,0.00,N,Not at Intersection, ,Non-Junction,None,,,         ,Madison,Meiss,Clear,Angle,no,no,no,no,no,False
102256648,METROPOLITAN NASHVILLE POLICE DEPT,20181059537,Davidson,Nashville,12/24/2018 2:40:00 PM,1,1,0,36.024650,-86.688920,BARNES RD,,,,495.00,Feet,East,SUGAR MAGNOLIA LN,,,,0.00,N,Not at Intersection,N,Non-Junction,None,,,         ,Andrew,Brazee,Clear,Not Collision with Motor Vehicle in Transport,no,no,no,no,no,False
102256653,METROPOLITAN NASHVILLE POLICE DEPT,20181059626,Davidson,Not in City Limit,12/24/2018 3:36:00 PM,2,1,0,36.073990,-86.926260,HICKS RD,,,,28.00,Feet,North,HIGHWAY 70S,,,,0.00,N,Not at Intersection, ,Non-Junction,None,,,         ,Alexander,Donald,Clear,Front to Rear,no,no,no,no,no,False
102256656,METROPOLITAN NASHVILLE POLICE DEPT,20181059770,Davidson,Nashville,12/24/2018 5:11:00 PM,2,0,0,36.248420,-86.720080,GALLATIN PKES,,,,157.00,Feet,North,DUE WEST AVE,,,,0.00,N,Not at Intersection,N,Non-Junction,None,,,         ,Christopher,Littles,Clear,Front to Rear,no,no,no,no,yes,False
102256666,METROPOLITAN NASHVILLE POLICE DEPT,20181059764,Davidson,Nashville,12/24/2018 5:07:00 PM,1,1,0,36.129430,-86.714630,MURFREESBORO PKE,,,,28.00,Feet,East,MILLWOOD DR,,,,0.00,N,Not at Intersection,N,Non-Junction,None,,,         ,Jarret,Sonnenberg,Clear,Not Collision with Motor Vehicle in Transport,yes,no,no,no,yes,False
102256676,METROPOLITAN NASHVILLE POLICE DEPT,20181059840,Davidson,Goodlettsville,12/24/2018 6:12:00 PM,2,0,0,36.303870,-86.692610,CONFERENCE DR,,,,0.00,,,THE SHOPPES AT RIVERGATE PVTDR,,,,0.00,Y,T-Intersection, ,,None,,,         ,Christopher,Littles,,,no,no,no,no,no,False
102256684,METROPOLITAN NASHVILLE POLICE DEPT,20181059892,Davidson,Not in City Limit,12/24/2018 6:54:00 PM,2,0,0,36.263070,-86.711920,STATE RT 45,,,,0.00,,,GALLATIN PKEN,,,,0.00,Y,Four-Way, ,Intersection,None,,,         ,Christopher,Littles,Clear,"Sideswipe, Same Direction",no,no,no,no,no,False
102256685,METROPOLITAN NASHVILLE POLICE DEPT,20181059704,Davidson,Nashville,12/24/2018 4:24:00 PM,2,0,0,36.130910,-86.905270,CHARLOTTE PKE PVTDR,,,,311.00,Feet,North,BROOKMEADE GRNWY,,,,0.00,N,Not at Intersection, ,Non-Junction,None,,,         ,Alexander,Donald,Clear,Front to Rear,no,no,no,yes,yes,False
102256689,METROPOLITAN NASHVILLE POLICE DEPT,20181059782,Davidson,Nashville,12/24/2018 5:45:00 PM,2,0,0,36.153960,-86.818220,28TH AVN,,,,0.00,Feet,,CHARLOTTE AV,,,,0.00,Y,Four-Way, ,Intersection-Related,None,,,         ,Christopher,Dickerson,Clear,Angle,no,no,no,no,no,False
102256695,METROPOLITAN NASHVILLE POLICE DEPT,20181059860,Davidson,Nashville,12/24/2018 6:00:00 PM,2,0,0,36.109290,-86.720110,I24 W EXT RAMP,,,,0.00,Feet,East,I 24,,,,0.00,N,Not at Intersection,N,Non-Junction,None,,,         ,Jarret,Sonnenberg,Clear,"Sideswipe, Same Direction",no,no,no,no,no,False
102256709,METROPOLITAN NASHVILLE POLICE DEPT,20181059959,Davidson,Not in City Limit,12/24/2018 7:50:00 PM,2,0,0,36.264160,-86.735610,I65 N EXT RAMP,,,,0.00,,,OLD HICKORY BLVDW,,,,0.00,Y,T-Intersection, ,Entrance/Exit Ramp Related,None,,,         ,Christopher,Littles,Cloudy,Front to Rear,no,no,no,no,no,False
102256711,METROPOLITAN NASHVILLE POLICE DEPT,20181059976,Davidson,Nashville,12/24/2018 7:55:00 PM,2,0,0,36.230170,-86.793000,MCCARTHY PARK LN,,,,122.00,Feet,West,GWYNNWOOD DR,,,,0.00,N,Not at Intersection, ,,None,,,         ,Eric,McCoy,,,no,no,no,no,no,False
102256713,METROPOLITAN NASHVILLE POLICE DEPT,20181059831,Davidson,Nashville,12/24/2018 6:04:00 PM,2,0,0,36.046610,-86.661500,I 24,,,,0.00,,,,,,,59.25,N,Not at Intersection,N,Non-Junction,None,,,         ,Taylor,Hurley,Clear,Angle,no,no,no,no,no,False
102256715,METROPOLITAN NASHVILLE POLICE DEPT,20181059967,Davidson,Nashville,12/24/2018 7:51:00 PM,1,0,0,36.041280,-86.822060,OLD HICKORY BLVD,,,,184.00,Feet,West,HICKORY SPRINGS RD,,,,0.00,N,Not at Intersection,N,Non-Junction,None,,,         ,Brandon,Hughes,Clear,Not Collision with Motor Vehicle in Transport,no,no,no,no,no,False
102256719,METROPOLITAN NASHVILLE POLICE DEPT,20181059958,Davidson,Nashville,12/24/2018 7:30:00 PM,1,0,0,36.081730,-86.721180,KERN DR,,,,95.00,Feet,South,WELCH RD,,,,0.00,N,Not at Intersection, ,,None,,,         ,Johnathon,Birdwell,,,no,no,no,no,no,False
102256720,METROPOLITAN NASHVILLE POLICE DEPT,20181059839,Davidson,Nashville,12/24/2018 6:10:00 PM,2,3,0,36.215130,-86.600090,LEBANON PKE,,,,430.00,Feet,North,ANDREW JACKSON PKWY,,,,0.00,N,Not at Intersection, ,Non-Junction,None,,,         ,Craig,Gentry,Clear,Front to Rear,no,no,no,no,no,False
102256722,METROPOLITAN NASHVILLE POLICE DEPT,20181060014,Davidson,Nashville,12/24/2018 12:00:00 AM,2,0,0,36.066400,-86.636670,BELL RD,,,,58.00,Feet,South,MORRIS GENTRY BLVD,,,,0.00,N,Not at Intersection,N,Non-Junction,None,,,         ,Ryan,Sherry,Clear,Front to Rear,no,no,no,no,yes,False
102256723,METROPOLITAN NASHVILLE POLICE DEPT,20181059821,Davidson,Nashville,12/24/2018 3:40:00 PM,3,0,0,36.196860,-86.690070,BRILEY PKWY S ENT RAMP,,,,0.00,Feet,East,OPRY MILLS DR,,,,0.00,N,Not at Intersection, ,,None,,,         ,Darci,Stechman,,,no,no,no,no,no,False
102256739,METROPOLITAN NASHVILLE POLICE DEPT,20181059783,Davidson,Not in City Limit,12/24/2018 5:25:00 PM,2,0,0,36.257490,-86.677690,CHEYENNE BLVD,,,,0.00,,,MANZANO RD,,,,0.00,Y,Four-Way,N,Intersection,None,,,         ,Derek,Sibley,Clear,Angle,no,no,no,no,yes,False
102256740,METROPOLITAN NASHVILLE POLICE DEPT,20181059861,Davidson,Nashville,12/24/2018 6:15:00 PM,2,0,0,36.233020,-86.781410,BRICK CHURCH PKE,,,,177.00,Feet,South,MOOREWOOD DR,,,,0.00,N,Not at Intersection, ,Non-Junction,None,,,         ,Jason,Dudley,Clear,Angle,no,no,no,no,no,False
102256741,METROPOLITAN NASHVILLE POLICE DEPT,20181059813,Davidson,Nashville,12/24/2018 5:50:00 PM,2,1,0,36.148640,-86.799080,BROADWAY,,,,0.00,,,DIVISION ST,,,,0.00,Y,T-Intersection, ,Intersection,None,,,         ,John,Roberson,Clear,"Sideswipe, Same Direction",no,no,no,no,no,Campus
102256785,METROPOLITAN NASHVILLE POLICE DEPT,20181059954,Davidson,Nashville,12/24/2018 7:39:00 PM,2,0,0,36.097800,-86.738510,NOLENSVILLE PKE,,,,24.00,Feet,North,VERITAS ST,,,,0.00,N,Not at Intersection, ,Non-Junction,None,,,         ,David,Robberson,Clear,Angle,no,no,no,no,no,False
102256787,METROPOLITAN NASHVILLE POLICE DEPT,20181060098,Davidson,Nashville,12/24/2018 9:34:00 PM,2,0,0,36.084000,-86.706390,HARDING PL,,,,161.00,Feet,West,LINBAR DR,,,,0.00,N,Not at Intersection,N,Non-Junction,None,,,         ,Sean,Weaver,Clear,Front to Rear,no,no,no,no,yes,False
102256794,METROPOLITAN NASHVILLE POLICE DEPT,20181060060,Davidson,Nashville,12/24/2018 9:05:00 PM,2,0,0,36.044770,-86.660900,BELL RD,,,,128.00,Feet,West,I24 E ENT RAMP,,,,0.00,N,Not at Intersection, ,Non-Junction,None,,,         ,Ryan,Sherry,Clear,Front to Rear,no,no,no,no,no,False
102256802,METROPOLITAN NASHVILLE POLICE DEPT,20181060134,Davidson,Nashville,12/24/2018 12:00:00 AM,1,0,0,36.120810,-86.732120,GLENROSE AV,,,,65.00,Feet,West,GLENROSE CIR,,,,0.00,N,Not at Intersection,N,Non-Junction,None,,,         ,Brian,Warstadt,Clear,Not Collision with Motor Vehicle in Transport,no,no,no,no,no,False
102256819,Nashville Airport Police,2018-05225,Davidson,Nashville,12/24/2018 3:05:00 AM,1,0,0,36.116700,-86.668180,DONELSON PKE,,,,0.00,,,HANGAR LN,,,,0.00,Y,OTHER,N,Unknown,None,,,         ,Tyler,Drown,Clear,Not Collision with Motor Vehicle in Transport,no,no,no,no,yes,False
102256823,METROPOLITAN NASHVILLE POLICE DEPT,20181060402,Davidson,Nashville,12/25/2018 12:05:00 AM,2,0,0,36.242500,-86.776340,MASONWOOD DR,,,,325.00,Feet,South,AUSTIN LN,,,,0.00,N,Not at Intersection, ,"Driveway, Alley Access, etc",None,,,         ,Goran,Manojlovic,Clear,Angle,no,no,no,yes,yes,False
102256825,METROPOLITAN NASHVILLE POLICE DEPT,20181060248,Davidson,Nashville,12/24/2018 10:00:00 PM,2,0,0,36.221850,-86.872960,SPICKARD CT,,,,73.00,Feet,North,CATO RIDGE DR,,,,0.00,N,Not at Intersection, ,,None,,,         ,Daniel,Kallman,,,no,no,no,no,no,False
102256838,METROPOLITAN NASHVILLE POLICE DEPT,20181060249,Davidson,Nashville,12/24/2018 11:36:00 PM,1,0,0,36.231220,-86.747350,ELLINGTON PKWYN,,,,208.00,Feet,North,ELLINGTON PKWYS,,,,0.00,N,Not at Intersection, ,Non-Junction,None,,,         ,Shaquille,Graham,Clear,Not Collision with Motor Vehicle in Transport,no,no,no,no,no,False
102256840,METROPOLITAN NASHVILLE POLICE DEPT,20181060639,Davidson,Nashville,12/25/2018 12:00:00 AM,1,0,0,36.153260,-86.843580,ALABAMA AV,,,,11.00,Feet,East,47TH AVN,,,,0.00,,Not at Intersection,N,Non-Junction,None,,,         ,Joshua,Asbell,Clear,Not Collision with Motor Vehicle in Transport,no,no,no,no,yes,False
102256841,METROPOLITAN NASHVILLE POLICE DEPT,20181060576,Davidson,Nashville,12/24/2018 12:00:00 AM,2,0,0,36.028140,-86.703710,BARNES COVE DR,,,,536.00,Feet,South,BARNES RD,,,,0.00,N,Not at Intersection,N,Non-Junction,None,,,         ,David,Moser,Clear,"Sideswipe, Opposite Direction",no,no,no,no,yes,False
102256844,METROPOLITAN NASHVILLE POLICE DEPT,20181060653,Davidson,Nashville,12/25/2018 3:38:00 AM,1,0,0,36.238660,-86.740440,BRILEY PKWYW,,,,145.00,Feet,East,ELLINGTON PKWYN,,,,0.00,N,Not at Intersection,N,Non-Junction,None,,,         ,Douglas,Smith,Clear,Not Collision with Motor Vehicle in Transport,no,no,no,no,no,False
102256875,METROPOLITAN NASHVILLE POLICE DEPT,2018-1060856,Davidson,Nashville,12/25/2018 7:25:00 AM,1,0,0,36.058510,-86.740800,EDMONDSON PKE,,,,483.00,Feet,South,ELLINGTON CIR,,,,0.00,N,Not at Intersection,N,OtherLocation,None,,,         ,Erik,Wagner,Cloudy,Not Collision with Motor Vehicle in Transport,no,no,no,yes,yes,False
102256917,METROPOLITAN NASHVILLE POLICE DEPT,20181061010,Davidson,Nashville,12/25/2018 10:30:00 AM,1,0,0,36.195400,-86.775570,I 65,,,,0.00,,,,,,,86.55,N,Not at Intersection, ,Non-Junction,None,,,         ,Steven,Spillers,Cloudy,Not Collision with Motor Vehicle in Transport,no,no,no,no,no,False
102256919,METROPOLITAN NASHVILLE POLICE DEPT,20181061018,Davidson,Nashville,12/25/2018 11:01:00 AM,2,1,0,36.086910,-86.648680,MURFREESBORO PKE,,,,0.00,,,NASHBORO BLVD,,,,0.00,Y,T-Intersection,N,Intersection,None,,,         ,Joseph,Simon,Clear,Angle,no,no,no,no,yes,False
102256944,METROPOLITAN NASHVILLE POLICE DEPT,20181060985,Davidson,Nashville,12/25/2018 10:17:00 AM,2,0,0,36.085120,-86.702840,HARDING PL,,,,0.00,,East,I24 E EXT RAMP,,,,0.00,N,Not at Intersection,N,Non-Junction,None,,,         ,Nopel,Stella,Clear,"Sideswipe, Same Direction",no,no,no,no,no,False
102256955,METROPOLITAN NASHVILLE POLICE DEPT,20181061075,Davidson,Nashville,12/25/2018 12:00:00 AM,1,0,0,36.098960,-86.717510,ANTIOCH PKE,,,,0.00,,,MCCALL ST,,,,0.00,Y,T-Intersection,N,Intersection,None,,,         ,Todd,Watson,Unknown,Not Collision with Motor Vehicle in Transport,no,no,no,no,yes,False
102256966,METROPOLITAN NASHVILLE POLICE DEPT,20181060857,Davidson,Nashville,12/25/2018 7:27:00 AM,1,2,0,36.154360,-86.626050,STEWARTS FERRY PKE,,,,49.00,Feet,East,I40 E ENT RAMP,,,,0.00,N,Not at Intersection,N,Non-Junction,None,,,         ,Tien,Nguyen,Cloudy,Not Collision with Motor Vehicle in Transport,no,no,no,no,no,False
102256978,GOODLETTSVILLE POLICE DEPT,18-45430,Davidson,Goodlettsville,12/25/2018 12:26:00 PM,2,1,0,36.304870,-86.702710,RIVERGATE PKWY,,,,149.00,Feet,North,RIVERGATE PKWY PVTDR,,,,0.00,N,Not at Intersection,N,Non-Junction,None,,,         ,George,Forbes,Clear,Front to Rear,no,no,no,no,no,False
102256982,METROPOLITAN NASHVILLE POLICE DEPT,20181061161,Davidson,Nashville,12/25/2018 1:43:00 PM,2,0,0,36.187030,-86.795540,I 65,,,,0.00,,,,,,,85.55,N,Not at Intersection,N,Entrance/Exit Ramp Related,None,,,         ,James,Wray,Clear,"Sideswipe, Same Direction",no,no,no,no,yes,False
102256985,GOODLETTSVILLE POLICE DEPT,18-45431,Davidson,Goodlettsville,12/25/2018 1:14:00 PM,2,0,0,36.305660,-86.703030,RIVERGATE PKWY,,,,0.00,,,MEADOW LARK LN,,,,0.00,Y,Four-Way, ,Intersection,None,,,         ,George,Forbes,Clear,Front to Rear,no,no,no,no,no,False
102257008,METROPOLITAN NASHVILLE POLICE DEPT,20181061274,Davidson,Nashville,12/25/2018 3:08:00 PM,2,0,0,36.187930,-86.798410,DOMINICAN DR,,,,20.00,Feet,East,ROSA L PARKS BLVD,,,,0.00,N,Not at Intersection,N,Non-Junction,None,,,         ,Thomas,Miller,Clear,Angle,no,no,no,no,yes,False
102257023,METROPOLITAN NASHVILLE POLICE DEPT,20181061326,Davidson,Nashville,12/25/2018 4:20:00 PM,1,0,0,36.126990,-86.728330,I 24,,,,0.00,,,,,,,51.40,N,Not at Intersection,N,Non-Junction,None,,,         ,Ciarra,Rench,Clear,Not Collision with Motor Vehicle in Transport,no,no,no,no,yes,False
102257031,METROPOLITAN NASHVILLE POLICE DEPT,20181061296,Davidson,Nashville,12/25/2018 3:48:00 PM,1,0,0,36.051480,-86.775610,I 65,,,,0.00,,,,,,,74.60,N,Not at Intersection,N,Non-Junction,None,,,         ,Akira,McSwain,Clear,Not Collision with Motor Vehicle in Transport,no,no,no,no,no,False
102257036,METROPOLITAN NASHVILLE POLICE DEPT,20181061469,Davidson,Nashville,12/25/2018 5:59:00 PM,2,0,0,36.153570,-86.788410,14TH AVS,,,,0.00,,,DEMONBREUN ST,,,,0.00,Y,Four-Way, ,Intersection,None,,,         ,Akira,McSwain,Clear,Angle,no,no,no,no,no,False
102257038,METROPOLITAN NASHVILLE POLICE DEPT,20181061340,Davidson,Nashville,12/25/2018 1:54:00 PM,2,0,0,36.089140,-86.627450,BELL RD,,,,0.00,,,NASHBORO BLVD,,,,0.00,Y,T-Intersection, ,Intersection,None,,,         ,Steven,Powers,Clear,Front to Rear,no,no,no,no,yes,False
102257045,METROPOLITAN NASHVILLE POLICE DEPT,20181061507,Davidson,Nashville,12/25/2018 6:50:00 PM,1,1,0,36.202760,-86.738960,GALLATIN PKE,,,,137.00,Feet,North,LITTON AV,,,,0.00,N,Not at Intersection,N,Non-Junction,None,,,         ,Kevin,Clausius,Clear,Not Collision with Motor Vehicle in Transport,yes,no,no,no,no,False
102257049,METROPOLITAN NASHVILLE POLICE DEPT,20181061354,Davidson,Nashville,12/25/2018 4:44:00 PM,3,0,0,36.248010,-86.720360,GALLATIN PKES,,,,0.00,,,DUE WEST AVW,,,,0.00,Y,Four-Way, ,Intersection,None,,,         ,Michael,Quinn,Clear,HeadOn,no,no,no,no,no,False
102257052,METROPOLITAN NASHVILLE POLICE DEPT,20181061479,Davidson,Nashville,12/25/2018 6:19:00 PM,1,1,0,36.191910,-86.782600,I 65,,,,0.00,,,,,,,86.20,N,Not at Intersection,N,Non-Junction,None,,,         ,Thomas,Miller,Clear,Not Collision with Motor Vehicle in Transport,no,no,no,no,no,False
102257065,METROPOLITAN NASHVILLE POLICE DEPT,20181061474,Davidson,Nashville,12/25/2018 6:12:00 PM,1,0,0,36.041800,-86.649410,HICKORY HOLLOW PKWY,,,,1.00,Feet,South,I24 W ENT RAMP,,,,0.00,N,Not at Intersection,N,Non-Junction,None,,,         ,Sean,Weaver,Clear,Not Collision with Motor Vehicle in Transport,no,no,no,no,no,False
102257078,METROPOLITAN NASHVILLE POLICE DEPT,20181061379,Davidson,Nashville,12/25/2018 4:25:00 PM,2,0,0,36.187100,-86.613490,OLD HICKORY BLVD,,,,613.00,Feet,South,ANDREW JACKSON PKWY,,,,0.00,N,Not at Intersection,N,Non-Junction,None,,,         ,Craig,Gentry,Clear,Front to Rear,no,no,no,no,no,False
102257095,METROPOLITAN NASHVILLE POLICE DEPT,20181061590,Davidson,Nashville,12/25/2018 8:21:00 PM,2,1,0,36.197040,-86.776180,I 65,,,,0.00,,,,,,,86.65,N,Not at Intersection,N,Non-Junction,None,,,         ,Sara,Lober,Clear,Front to Rear,no,no,no,no,no,False
102257097,METROPOLITAN NASHVILLE POLICE DEPT,20181061581,Davidson,Nashville,12/25/2018 7:13:00 PM,2,0,0,36.201630,-86.776840,I 65,,,,0.00,,,,,,,87.00,N,Not at Intersection, ,Non-Junction,None,,,         ,Sara,Lober,Clear,Front to Rear,no,no,no,no,no,False
102257099,METROPOLITAN NASHVILLE POLICE DEPT,20181061647,Davidson,Nashville,12/25/2018 9:03:00 PM,2,1,0,36.114900,-86.719870,GLENROSE AV,,,,91.00,Feet,West,EAST THOMPSON LN,,,,0.00,N,Not at Intersection,Y,OtherLocation,None,,,         ,Jarret,Sonnenberg,Clear,"Sideswipe, Opposite Direction",no,no,no,no,yes,False
102257105,METROPOLITAN NASHVILLE POLICE DEPT,20181061596,Davidson,Nashville,12/25/2018 12:00:00 AM,2,2,0,36.249390,-86.719410,E PALESTINE AV,,,,0.00,Feet,North,GALLATIN PKES,,,,0.00,N,Not at Intersection,Y,Non-Junction,None,,,         ,Michael,Quinn,Clear,Angle,no,no,no,no,no,False
102257113,METROPOLITAN NASHVILLE POLICE DEPT,20181061566,Davidson,Not in City Limit,12/25/2018 7:56:00 PM,3,0,0,36.084310,-86.949770,I 40,,,,0.00,,,,,,,196.75,N,Not at Intersection,N,Non-Junction,None,,,         ,Broderick,Jones,Clear,Front to Rear,no,no,no,no,yes,False