master_record_number,agency,agency_tracking_number,county,city,collision_date,vehicles_involved,number_injured,number_dead,latitude,longitude,roadway_name,roadway_suffix,roadway_number,roadway_local_id,distance_from_reference,miles-feet_indicator,direction_from_reference,intersection_road_name,intersection_road_name_suffix,intersection_road_number,intersection_local_id,mile_marker,intersection_indicator,intersect_type,interchange_related_indicator,relation_to_junction,work_zone_type,construction_maintenance_zone,construction_maintenance_zone_location,fatal_case_number,officer_first_name,officer_last_name,weather_condition(s),manner_of_crash,pedestrian,bicycle,scooter,parking,hitrun,mou
102259981,METROPOLITAN NASHVILLE POLICE DEPT,20181068989,Davidson,Nashville,12/28/2018 9:30:00 PM,1,1,0,36.038460,-86.804110,OLD HICKORY BLVD,,,,262.00,Feet,West,BRIGHT HOUR FARM PVTDR,,,,0.00,N,Not at Intersection,N,Non-Junction,None,,,         ,Akira,McSwain,Clear,Not Collision with Motor Vehicle in Transport,no,no,no,no,no,False
102260022,METROPOLITAN NASHVILLE POLICE DEPT,20181068818,Davidson,Antioch,12/28/2018 9:34:00 PM,2,2,0,36.058560,-86.597750,HAMILTON CHURCH RD,,,,0.00,,,HOBSON PKE,,,,0.00,Y,Four-Way,Y,Intersection,None,,,         ,Laura,Williams,Clear,Angle,no,no,no,no,no,False
102260067,METROPOLITAN NASHVILLE POLICE DEPT,20181069106,Davidson,Nashville,12/28/2018 10:03:00 PM,2,0,0,36.044950,-86.659750,I24 E ENT RAMP,,,,0.00,,,I 24,,,,0.00,Y,T-Intersection,Y,Intersection,None,,,         ,Kevin,Breeding,Clear,"Sideswipe, Same Direction",no,no,no,no,yes,False
102260085,METROPOLITAN NASHVILLE POLICE DEPT,20181069075,Davidson,Nashville,12/28/2018 10:31:00 PM,2,0,0,36.148830,-86.838170,NEVADA AV,,,,0.00,,,43RD AVN,,,,0.00,Y,Four-Way,Y,Intersection,None,,,         ,Matthew,Jankiewicz,Clear,Angle,no,no,no,no,no,False
102260096,METROPOLITAN NASHVILLE POLICE DEPT,20181068896,Davidson,Nashville,12/28/2018 6:18:00 PM,2,0,0,36.196500,-86.687690,BRILEY PKWYN,,,,231.00,Feet,North,BRILEY PKWY N EXT RAMP,,,,0.00,N,Not at Intersection,N,Entrance/Exit Ramp Related,None,,,         ,Curtis,Fisher,Clear,Front to Rear,no,no,no,no,yes,False
102260119,METROPOLITAN NASHVILLE POLICE DEPT,20181068440,Davidson,Nashville,12/28/2018 4:08:00 PM,2,0,0,36.165640,-86.778640,3RD AVN,,,,0.00,,,UNION ST,,,,0.00,Y,Four-Way, ,Intersection,None,,,         ,Kimberlin,Rothwell,Cloudy,"Sideswipe, Same Direction",no,no,no,no,no,False
102260120,METROPOLITAN NASHVILLE POLICE DEPT,20181069169,Davidson,Nashville,12/28/2018 11:25:00 PM,2,0,0,36.055010,-86.642410,ZELIDA AV,,,,0.00,,,BELL RD,,,,0.00,Y,Four-Way,Y,Intersection,None,,,         ,Kevin,Breeding,Clear,Front to Rear,no,no,no,no,yes,False
102260155,METROPOLITAN NASHVILLE POLICE DEPT,20181069108,Davidson,Nashville,12/28/2018 11:00:00 PM,1,0,0,36.251440,-86.829860,BUENA VISTA PKE,,,,382.00,Feet,South,WHITES CREEK PKE,,,,0.00,N,Not at Intersection,N,Non-Junction,None,,,         ,Daniel,Kallman,Clear,Not Collision with Motor Vehicle in Transport,no,no,no,no,no,False
102260156,METROPOLITAN NASHVILLE POLICE DEPT,20181069201,Davidson,Nashville,12/28/2018 9:00:00 PM,2,0,0,36.070330,-86.702010,HAYWOOD LN,,,,115.00,Feet,West,HAYWOOD CT,,,,0.00,N,Not at Intersection,N,Non-Junction,None,,,         ,Kaleb,Stella,Clear,Front to Rear,no,no,no,no,no,False
102260168,METROPOLITAN NASHVILLE POLICE DEPT,20181069151,Davidson,Antioch,12/28/2018 11:10:00 PM,2,2,0,36.045250,-86.609100,MURFREESBORO PKE,,,,0.00,Feet,,MOUNTAIN SPRINGS RD,,,,0.00,Y,Four-Way,Y,Intersection,None,,,         ,Jonathan,Phipps,Clear,Front to Rear,no,no,no,no,no,False
102260171,METROPOLITAN NASHVILLE POLICE DEPT,20181069150,Davidson,Nashville,12/28/2018 11:17:00 PM,2,1,0,36.192440,-86.776860,I 65,,,,0.00,,,,,,,86.50,N,Not at Intersection,N,Entrance/Exit Ramp Related,None,,,         ,Joseph,Gawlowski,Clear,Front to Rear,no,no,no,no,yes,False
102260174,METROPOLITAN NASHVILLE POLICE DEPT,20181069188,Davidson,Nashville,12/28/2018 11:30:00 PM,2,0,0,36.217080,-86.696380,MCGAVOCK PKE,,,,0.00,Feet,,MUSIC VALLEY DR,,,,0.00,Y,Four-Way,N,Intersection-Related,None,,,         ,Meghan,Pope,Clear,"Sideswipe, Opposite Direction",no,no,no,no,yes,False
102260177,METROPOLITAN NASHVILLE POLICE DEPT,20181069286,Davidson,Goodlettsville,12/29/2018 12:31:00 AM,2,1,0,36.296910,-86.699160,GALLATIN PKEN,,,,0.00,,,RIVERGATE PKWY,,,,0.00,Y,Four-Way,Y,Intersection,None,,,         ,Brandon,Wood,Clear,Angle,no,no,no,no,no,False
102260225,METROPOLITAN NASHVILLE POLICE DEPT,20181069501,Davidson,Nashville,12/29/2018 1:44:00 AM,2,0,0,36.160960,-86.777330,BROADWAY,,,,50.00,Feet,West,4TH AVN,,,,0.00,N,Not at Intersection, ,Non-Junction,None,,,         ,William,Erickson,Clear,Angle,no,no,no,no,no,False
102260272,METROPOLITAN NASHVILLE POLICE DEPT,20181069599,Davidson,Not in City Limit,12/29/2018 3:42:00 AM,1,1,0,36.328180,-86.892120,I 24,,,,0.00,,,,,,,33.60,N,Not at Intersection,N,Non-Junction,None,,,         ,Daniel,Kallman,Clear,Not Collision with Motor Vehicle in Transport,no,no,no,no,no,False
102260273,METROPOLITAN NASHVILLE POLICE DEPT,20181069374,Davidson,Nashville,12/29/2018 1:15:00 AM,1,0,0,36.072130,-86.732890,EDMONDSON,PIKE,US4982,4982,20.00,Feet,North,,,,,49.00,N,Not at Intersection,N,OtherLocation,None,,,         ,William,Hamblen,Clear,Not Collision with Motor Vehicle in Transport,no,no,no,yes,yes,False
102260303,METROPOLITAN NASHVILLE POLICE DEPT,20181069808,Davidson,Nashville,12/29/2018 6:28:00 AM,1,1,0,36.254880,-86.738760,I 65,,,,0.00,,,,,,,91.60,N,Not at Intersection,N,Non-Junction,None,,,         ,Brandon,Wood,Clear,Not Collision with Motor Vehicle in Transport,no,no,no,no,no,False
102260330,METROPOLITAN NASHVILLE POLICE DEPT,20181068244,Davidson,Nashville,12/28/2018 2:12:00 PM,2,2,0,36.082530,-86.710920,HARDING PL,,,,135.00,Feet,West,TAMPA DR,,,,0.00,N,Not at Intersection,N,Non-Junction,None,,,         ,Troy,Loewen,Clear,Front to Rear,yes,no,no,no,no,False
102260389,METROPOLITAN NASHVILLE POLICE DEPT,20181069888,Davidson,Nashville,12/29/2018 7:56:00 AM,2,1,0,36.153250,-86.794010,17TH AVS,,,,0.00,,,BROADWAY,,,,0.00,Y,Four-Way,N,Intersection,None,,,         ,William,Caillouette,Clear,Angle,no,no,no,no,no,False
102260391,Nashville Airport Police,2018-05243,Davidson,Nashville,12/26/2018 12:00:00 AM,2,3,0,36.139000,-86.665800,DONELSON PKE,,,,0.00,,,SATELLITE WAY,,,,0.00,Y,OTHER,Y,Intersection,None,,,         ,Cody,Travis,Clear,Front to Rear,no,no,no,no,no,False
102260435,METROPOLITAN NASHVILLE POLICE DEPT,20181070100,Davidson,Nashville,12/29/2018 10:22:00 AM,1,0,0,36.108450,-86.745160,TANKSLEY AV,,,,121.00,Feet,East,ELIZABETH ST,,,,0.00,N,Not at Intersection, ,"Driveway, Alley Access, etc",Construction Zone,,,         ,Phillip,Murphy,Clear,Not Collision with Motor Vehicle in Transport,no,no,no,no,no,False
102260449,METROPOLITAN NASHVILLE POLICE DEPT,20181070145,Davidson,Nashville,12/29/2018 10:45:00 AM,2,0,0,36.110990,-86.811340,HILLSBORO PKE,,,,80.00,Feet,South,GRAYBAR LN,,,,0.00,N,Not at Intersection,N,Non-Junction,None,,,         ,Paul,Junkmann,Cloudy,Front to Rear,no,no,no,no,no,False
102260481,METROPOLITAN NASHVILLE POLICE DEPT,20181070139,Davidson,Nashville,12/29/2018 10:46:00 AM,2,0,0,36.156850,-86.632670,STEWARTS FERRY PKE,,,,0.00,,,LAUER DR,,,,0.00,Y,Four-Way,N,Intersection,None,,,         ,MIchael,Mihajlov,Clear,Angle,no,no,no,no,no,False
102260485,METROPOLITAN NASHVILLE POLICE DEPT,20181070115,Davidson,Nashville,12/29/2018 9:56:00 AM,2,0,0,36.119730,-86.749630,NOLENSVILLE PKE,,,,247.00,Feet,North,NEWSOME ST,,,,0.00,N,Not at Intersection, ,Non-Junction,None,,,         ,James,Thomas,Clear,Angle,no,no,no,no,no,False
102260495,METROPOLITAN NASHVILLE POLICE DEPT,20181070231,Davidson,Nashville,12/29/2018 11:50:00 AM,2,1,0,36.077190,-86.920250,OLD HICKORY BLVD,,,,166.00,Feet,North,BELLE FOREST CIR,,,,0.00,N,Not at Intersection,N,Non-Junction,None,,,         ,Douglas,Atwood,Clear,Angle,no,no,no,no,no,False
102260496,METROPOLITAN NASHVILLE POLICE DEPT,20181070153,Davidson,Nashville,12/29/2018 10:56:00 AM,2,1,0,36.125500,-86.700290,GOODBAR DR,,,,0.00,,,KERMIT DR,,,,0.00,Y,Four-Way,N,Intersection,None,,,         ,Richard,Luellen,Clear,Angle,no,no,no,no,no,False
102260516,METROPOLITAN NASHVILLE POLICE DEPT,20181070218,Davidson,Goodlettsville,12/29/2018 12:00:00 AM,3,1,0,36.304390,-86.689440,GALLATIN PKEN,,,,120.00,Feet,East,NORTHSIDE FESTIVAL PVTDR,,,,0.00,N,Not at Intersection,N,Non-Junction,None,,,         ,William,Monaghan,Clear,Front to Rear,no,no,no,no,no,False
102260534,METROPOLITAN NASHVILLE POLICE DEPT,20181070205,Davidson,Nashville,12/29/2018 11:26:00 AM,2,0,0,36.174770,-86.806830,17TH AVN,,,,50.00,Feet,North,COCKRILL ST,,,,0.00,N,Not at Intersection,N,Non-Junction,None,,,         ,Zachary,Goodall,Clear,"Sideswipe, Opposite Direction",no,no,no,no,yes,False
102260536,METROPOLITAN NASHVILLE POLICE DEPT,20181070172,Davidson,Nashville,12/29/2018 11:05:00 AM,2,0,0,36.154330,-86.743300,LEBANON PKE,,,,0.00,,,FESSLERS LN,,,,0.00,Y,T-Intersection,N,Intersection-Related,None,,,         ,Anna,Clayton,Cloudy,Other,no,no,no,no,no,False
102260581,METROPOLITAN NASHVILLE POLICE DEPT,20181070340,Davidson,Nashville,12/29/2018 12:25:00 PM,2,0,0,36.210320,-86.778320,BRICK CHURCH PKE,,,,345.00,Feet,East,AVONDALE CIR,,,,0.00,N,Not at Intersection, ,Non-Junction,None,,,         ,Jonathon,Sheppard,Clear,Front to Rear,no,no,no,no,no,False
102260584,METROPOLITAN NASHVILLE POLICE DEPT,20181070320,Davidson,Nashville,12/29/2018 12:55:00 PM,2,1,0,36.140700,-86.719530,I 40,,,,0.00,,,,,,,213.65,N,Not at Intersection,N,Non-Junction,None,,,         ,Gerry,Hutcheson,Cloudy,Front to Rear,no,no,no,no,no,False
102260595,METROPOLITAN NASHVILLE POLICE DEPT,20181070265,Davidson,Nashville,12/29/2018 11:30:00 AM,2,0,0,36.233700,-86.724810,GALLATIN PKE,,,,25.00,Feet,North,GALLATIN PKE SB EXT RAMP,,,,0.00,N,Not at Intersection, ,Non-Junction,None,,,         ,Zachary,Carter,Clear,Front to Rear,no,no,no,no,no,False
102260598,METROPOLITAN NASHVILLE POLICE DEPT,20181070227,Davidson,Nashville,12/29/2018 11:48:00 AM,4,1,0,36.218750,-86.774980,I 65,,,,0.00,,,,,,,88.20,N,Not at Intersection,N,Non-Junction,None,,,         ,James,Wray,Clear,Front to Rear,no,no,no,no,yes,False
102260599,METROPOLITAN NASHVILLE POLICE DEPT,20181070249,Davidson,Nashville,12/29/2018 12:06:00 PM,2,0,0,36.215770,-86.775160,I 65,,,,0.00,,,,,,,88.00,N,Not at Intersection,N,Non-Junction,None,,,         ,Victor,Alexander,Clear,"Sideswipe, Same Direction",no,no,no,no,no,False
102260602,METROPOLITAN NASHVILLE POLICE DEPT,20181070246,Davidson,Nashville,12/29/2018 11:55:00 AM,2,0,0,36.172660,-86.601910,PRINCETON PL,,,,0.00,,,OLD HICKORY BLVD,,,,0.00,Y,T-Intersection,N,Intersection-Related,None,,,         ,Anna,Clayton,Clear,Other,no,no,no,no,no,False
102260603,METROPOLITAN NASHVILLE POLICE DEPT,20181070308,Davidson,Nashville,12/29/2018 12:22:00 PM,2,0,0,36.060830,-86.903770,OLD HICKORY BLVD,,,,596.00,Feet,South,HIGHWAY 100,,,,0.00,N,Not at Intersection, ,Non-Junction,None,,,         ,Jack,Crouch,Clear,Front to Rear,no,no,no,no,no,False
102260604,METROPOLITAN NASHVILLE POLICE DEPT,20181070211,Davidson,Nashville,12/29/2018 11:30:00 AM,2,1,0,36.130780,-86.897950,I40 E EXT RAMP,,,,0.00,Feet,East,I 40,,,,0.00,N,Not at Intersection,N,Entrance/Exit Ramp Related,None,,,         ,Ty,Cummings,Clear,Front to Rear,no,no,no,no,no,False
102260610,METROPOLITAN NASHVILLE POLICE DEPT,20181070373,Davidson,Nashville,12/29/2018 1:44:00 PM,2,0,0,36.201450,-86.776840,I 65,,,,0.00,,,,,,,87.00,N,Not at Intersection, ,Non-Junction,None,,,         ,William,Coy,Clear,Front to Rear,no,no,no,no,no,False
102260628,METROPOLITAN NASHVILLE POLICE DEPT,20181070376,Davidson,Nashville,12/29/2018 12:51:00 PM,2,1,0,36.050620,-86.606180,GROVEDALE TRC,,,,0.00,,,PIN HOOK RD,,,,0.00,Y,OTHER, ,Non-Junction,None,,,         ,James,Jarvis,Clear,Front to Rear,no,no,no,no,no,False
102260633,METROPOLITAN NASHVILLE POLICE DEPT,20181070399,Davidson,Nashville,12/29/2018 12:30:00 PM,1,0,0,36.172820,-86.584880,S NEW HOPE RD,,,,0.00,,,CENTRAL PKE,,,,0.00,Y,T-Intersection,N,Intersection-Related,None,,,         ,William,Mckay,Clear,Not Collision with Motor Vehicle in Transport,no,no,no,no,no,False
102260634,METROPOLITAN NASHVILLE POLICE DEPT,20181070388,Davidson,Nashville,12/29/2018 1:52:00 PM,2,0,0,36.156870,-86.780840,8TH AVS,,,,0.00,,,DEMONBREUN ST,,,,0.00,Y,Four-Way, ,Intersection-Related,None,,,         ,Destiny,Zunic,Clear,Angle,no,no,no,no,no,False
102260641,METROPOLITAN NASHVILLE POLICE DEPT,20181070396,Davidson,Nashville,12/29/2018 1:53:00 PM,2,2,0,36.120300,-86.808250,HILLSBORO PKE,,,,166.00,Feet,South,LOMBARDY AV,,,,0.00,N,Not at Intersection,N,Non-Junction,None,,,         ,Phillip,Murphy,Clear,Front to Rear,no,no,no,no,yes,False
102260642,METROPOLITAN NASHVILLE POLICE DEPT,20181070386,Davidson,Nashville,12/29/2018 1:52:00 PM,2,0,0,36.189950,-86.763890,LISCHEY AV,,,,39.00,Feet,North,EVANSTON AV,,,,0.00,N,Not at Intersection,N,Non-Junction,None,,,         ,Joseph,Progar,Cloudy,Front to Rear,no,no,no,no,yes,False
102260644,METROPOLITAN NASHVILLE POLICE DEPT,20181070347,Davidson,Nashville,12/29/2018 12:40:00 PM,2,0,0,36.211640,-86.732570,GALLATIN PKE,,,,17.00,Feet,North,HART LN,,,,0.00,N,Not at Intersection,N,Non-Junction,None,,,         ,Nicholas,Silinsky,Clear,"Sideswipe, Same Direction",no,no,no,no,yes,False
102260647,METROPOLITAN NASHVILLE POLICE DEPT,20181070366,Davidson,Nashville,12/29/2018 1:35:00 PM,2,0,0,36.275530,-86.769400,GOODMORNING DR,,,,279.00,Feet,North,GOOD DAY CT,,,,0.00,N,Not at Intersection,N,Non-Junction,None,,,         ,Gabriel,Centeno,Clear,Angle,no,no,no,no,no,False
102260648,METROPOLITAN NASHVILLE POLICE DEPT,20181070369,Davidson,Goodlettsville,12/29/2018 12:00:00 AM,2,0,0,36.302580,-86.692100,GALLATIN PKEN,,,,96.00,Feet,West,RIVERGATE MARKETPLACE PVTDR,,,,0.00,N,Not at Intersection, ,Non-Junction,None,,,         ,William,Monaghan,Clear,Front to Rear,no,no,no,no,no,False
102260650,METROPOLITAN NASHVILLE POLICE DEPT,20181070302,Davidson,Not in City Limit,12/29/2018 12:41:00 PM,2,3,0,36.280300,-86.708390,GALLATIN PKEN,,,,136.00,Feet,South,ODETTE ST,,,,0.00,N,Not at Intersection,N,Non-Junction,None,,,         ,Samuel,Kersten,Cloudy,HeadOn,no,no,no,no,no,False
102260671,METROPOLITAN NASHVILLE POLICE DEPT,20181070387,Davidson,Nashville,12/29/2018 1:54:00 PM,3,0,0,36.152480,-86.773240,LAFAYETTE ST,,,,0.00,,,5TH AVS,,,,0.00,Y,Four-Way,N,Intersection,None,,,         ,Johnathan,Carlisle,Cloudy,Angle,no,no,no,no,no,False
102260677,METROPOLITAN NASHVILLE POLICE DEPT,20181070429,Davidson,Nashville,12/29/2018 2:31:00 PM,2,0,0,36.108680,-86.812130,GLEN ECHO RD,,,,0.00,Feet,East,HILLSBORO PKE,,,,0.00,N,Not at Intersection, ,Non-Junction,None,,,         ,Conor,Cronin,Clear,Front to Rear,no,no,no,no,no,False
102260712,METROPOLITAN NASHVILLE POLICE DEPT,20181070455,Davidson,Nashville,12/29/2018 2:17:00 PM,2,0,0,36.183790,-86.798390,I 65,,,,0.00,,,,,,,85.30,N,Not at Intersection, ,,None,,,         ,Corey,Oakley,,,no,no,no,no,no,False
102260814,METROPOLITAN NASHVILLE POLICE DEPT,20181070576,Davidson,Nashville,12/29/2018 4:12:00 PM,2,0,0,36.086430,-86.691440,ANTIOCH PKE,,,,387.00,Feet,North,PERIMETER HILL DR,,,,0.00,N,Not at Intersection,N,Non-Junction,None,,,         ,Ryan,Sherry,Clear,Angle,no,no,no,no,no,False
102260816,METROPOLITAN NASHVILLE POLICE DEPT,20181070636,Davidson,Nashville,12/29/2018 4:45:00 PM,2,0,0,36.175060,-86.771260,I 24,,,,0.00,,,,,,,48.05,N,Not at Intersection, ,,None,,,         ,Riley,Brewer,,,no,no,no,no,no,False
102260818,METROPOLITAN NASHVILLE POLICE DEPT,20181070640,Davidson,Nashville,12/29/2018 4:48:00 PM,2,0,0,36.153760,-86.721110,LEBANON PKE,,,,132.00,Feet,East,SPENCE LN,,,,0.00,N,Not at Intersection, ,,None,,,         ,Trenton,Searcy,,,no,no,no,no,no,False
102260821,METROPOLITAN NASHVILLE POLICE DEPT,20181070544,Davidson,Nashville,12/29/2018 4:00:00 PM,2,0,0,36.159720,-86.852350,KENTUCKY AV,,,,175.00,Feet,East,54TH AVN,,,,0.00,N,Not at Intersection, ,,None,,,         ,Justin,Coyle,,,no,no,no,no,no,False
102260822,METROPOLITAN NASHVILLE POLICE DEPT,20181070616,Davidson,Nashville,12/29/2018 4:38:00 PM,2,1,0,36.165100,-86.779700,UNION ST,,,,42.00,Feet,East,4TH AVN,,,,0.00,N,Not at Intersection, ,Non-Junction,None,,,         ,Joseph,Bingham,Clear,Front to Rear,no,no,no,no,no,False
102260839,METROPOLITAN NASHVILLE POLICE DEPT,20181070577,Davidson,Nashville,12/29/2018 3:23:00 PM,2,0,0,36.061710,-86.644910,HICKORY HIGHLANDS DR,,,,0.00,,,RURAL HILL RD,,,,0.00,Y,T-Intersection, ,Non-Junction,None,,,         ,Taylor,Hurley,Clear,Angle,no,no,no,no,no,False
102260840,METROPOLITAN NASHVILLE POLICE DEPT,20181070511,Davidson,Nashville,12/29/2018 3:30:00 PM,3,3,0,36.025290,-86.632890,I 24,,,,0.00,,,,,,,61.55,N,Not at Intersection,N,Non-Junction,None,,,         ,Arend,Groeneweg,Clear,"Sideswipe, Same Direction",no,no,no,no,no,False
102260845,METROPOLITAN NASHVILLE POLICE DEPT,20181070661,Davidson,Nashville,12/29/2018 5:01:00 PM,2,0,0,36.064790,-86.628480,HAMILTON CHURCH RD,,,,0.00,Feet,,MURFREESBORO PKE,,,,0.00,Y,Four-Way,N,Intersection,None,,,         ,Laura,Williams,Clear,Angle,no,no,no,no,no,False
102260890,METROPOLITAN NASHVILLE POLICE DEPT,20181070709,Davidson,Nashville,12/29/2018 5:40:00 PM,1,0,0,36.157070,-86.780950,8TH AVS,,,,76.00,Feet,North,DEMONBREUN ST,,,,0.00,N,Not at Intersection,N,Non-Junction,None,,,         ,Seth,Quiles,Clear,Not Collision with Motor Vehicle in Transport,no,no,no,no,no,False
102260898,METROPOLITAN NASHVILLE POLICE DEPT,20181070655,Davidson,Nashville,12/29/2018 4:35:00 PM,2,0,0,36.166770,-86.816940,I 40,,,,0.00,,,,,,,206.65,N,Not at Intersection,N,Non-Junction,None,,,         ,Andrew,McCarron,Clear,"Sideswipe, Same Direction",no,no,no,no,yes,False
102260901,METROPOLITAN NASHVILLE POLICE DEPT,20181070755,Davidson,Nashville,12/29/2018 12:00:00 AM,2,0,0,36.071340,-86.630630,KOTHE WAY,,,,98.00,Feet,South,BRUIN DR,,,,0.00,N,Not at Intersection,N,Non-Junction,None,,,         ,Wesley,Carver,Unknown,Unknown,no,no,no,yes,yes,False
102260926,METROPOLITAN NASHVILLE POLICE DEPT,20181070707,Davidson,Nashville,12/29/2018 5:33:00 PM,2,0,0,36.083810,-86.705750,LINBAR DR,,,,39.00,Feet,North,LARGO DR,,,,0.00,N,Not at Intersection, ,Non-Junction,None,,,         ,Sean,Weaver,Clear,Angle,no,no,no,no,no,False
102260927,METROPOLITAN NASHVILLE POLICE DEPT,20181070738,Davidson,Nashville,12/29/2018 6:00:00 PM,3,2,0,36.153580,-86.764220,I40 W ENT RAMP,,,,0.00,,,I 40,,,,0.00,Y,OTHER,N,Entrance/Exit Ramp Related,None,,,         ,Steven,Fisher,Clear,Front to Rear,no,no,no,no,no,False
102261014,METROPOLITAN NASHVILLE POLICE DEPT,20181070719,Davidson,Nashville,12/29/2018 5:00:00 PM,2,0,0,36.229380,-86.759280,BROADMOOR DR,,,,0.00,,,DICKERSON PKE,,,,0.00,Y,Four-Way,N,Intersection,None,,,         ,Nathaniel,Myers,Clear,Angle,no,no,no,no,yes,False
102261026,METROPOLITAN NASHVILLE POLICE DEPT,20181070878,Davidson,Antioch,12/29/2018 7:48:00 PM,2,1,0,36.030450,-86.588980,HICKORY WAY,,,,0.00,,,LAVERGNE COUCHVILLE PKE,,,,0.00,Y,Four-Way,N,Intersection,None,,,         ,Taylor,Hurley,Clear,Angle,no,no,no,no,no,False
102261027,METROPOLITAN NASHVILLE POLICE DEPT,20181071059,Davidson,Nashville,12/29/2018 9:20:00 PM,2,1,0,36.089070,-86.649990,RANSOM PL,,,,0.00,Feet,,MURFREESBORO PKE,,,,0.00,Y,Four-Way,N,Intersection,None,,,         ,Deandera,Payne,Clear,HeadOn,no,no,no,no,no,False
102261035,METROPOLITAN NASHVILLE POLICE DEPT,20181071096,Davidson,Nashville,12/29/2018 9:45:00 PM,1,0,0,36.143760,-86.701070,I 40,,,,0.00,,,,,,,214.65,N,Not at Intersection,N,Non-Junction,None,,,         ,Brady,Reynolds,Clear,Not Collision with Motor Vehicle in Transport,no,no,no,no,no,False
102261043,METROPOLITAN NASHVILLE POLICE DEPT,20181071062,Davidson,Nashville,12/29/2018 9:20:00 PM,2,1,0,36.183830,-86.797780,I65 N ENT RAMP,,,,0.00,Feet,East,I 65,,,,0.00,N,Not at Intersection,N,Entrance/Exit Ramp Related,None,,,         ,Gardiner,Bradley,Clear,HeadOn,no,no,no,no,yes,False
102261091,METROPOLITAN NASHVILLE POLICE DEPT,20181071202,Davidson,Nashville,12/29/2018 10:35:00 PM,2,0,0,36.149410,-86.861020,CHARLOTTE PKE,,,,333.00,Feet,West,OCEOLA AV,,,,0.00,N,Not at Intersection, ,Non-Junction,None,,,         ,Sekou,Samassi,Clear,Angle,no,no,no,no,no,False
102261132,METROPOLITAN NASHVILLE POLICE DEPT,20181071205,Davidson,Nashville,12/30/2018 12:00:00 AM,1,0,0,36.248410,-86.726640,DUE WEST AVW,,,,410.00,Feet,West,CASH LN,,,,0.00,N,Not at Intersection, ,Non-Junction,None,,,         ,David,Williford,Clear,Not Collision with Motor Vehicle in Transport,no,no,no,yes,no,False
102261135,METROPOLITAN NASHVILLE POLICE DEPT,20181071243,Davidson,Nashville,12/29/2018 11:34:00 PM,2,2,0,36.082680,-86.765110,HARDING PL,,,,0.00,,,I65 S EXT RAMP,,,,0.00,Y,OTHER,Y,Entrance/Exit Ramp Related,None,,,         ,Courtney,Hester,Clear,Angle,no,no,no,no,no,False
102261139,METROPOLITAN NASHVILLE POLICE DEPT,20181071335,Davidson,Nashville,12/30/2018 12:30:00 AM,2,0,0,36.174730,-86.614260,DODSON CHAPEL RD,,,,0.00,,,CENTRAL PKE,,,,0.00,Y,Four-Way,N,Intersection,None,,,         ,Emily,Mulready,Clear,Angle,no,no,no,no,yes,False
102261144,METROPOLITAN NASHVILLE POLICE DEPT,20181071361,Davidson,Nashville,12/30/2018 12:46:00 AM,2,0,0,36.107800,-86.812670,HILLSBORO PKE,,,,0.00,Feet,,GREEN HILLS VILLAGE DR,,,,0.00,Y,T-Intersection, ,Intersection,None,,,         ,Stephen,Johnston,Clear,Angle,no,no,no,no,no,False
102261148,METROPOLITAN NASHVILLE POLICE DEPT,20181071460,Davidson,Nashville,12/30/2018 1:55:00 AM,2,0,0,36.189600,-86.815330,24TH AVN,,,,353.00,Feet,West,DOWLAN ST,,,,0.00,N,Not at Intersection,N,Non-Junction,None,,,         ,Erik,Schall,Clear,HeadOn,no,no,no,no,yes,False
102261151,METROPOLITAN NASHVILLE POLICE DEPT,20181071493,Davidson,Nashville,12/30/2018 2:20:00 AM,2,0,0,36.045020,-86.665810,BELL RD,,,,385.00,Feet,East,CEDAR POINTE PKWY,,,,0.00,N,Not at Intersection,N,Non-Junction,None,,,         ,Alex,DiBernardo,Clear,Unknown,no,no,no,yes,yes,False
102261155,METROPOLITAN NASHVILLE POLICE DEPT,20181071557,Davidson,Madison,12/30/2018 2:59:00 AM,1,0,0,36.263520,-86.713700,OLD TIME VILLAGE PVTDR,,,,0.00,Feet,East,OLD HICKORY BLVDW,,,,0.00,N,Not at Intersection, ,Non-Junction,None,,,         ,Ryan,Ludvigson,Cloudy,Not Collision with Motor Vehicle in Transport,no,no,no,no,no,False
102261169,METROPOLITAN NASHVILLE POLICE DEPT,20181071566,Davidson,Nashville,12/30/2018 3:02:00 AM,1,0,0,36.109980,-86.779990,WOODMONT BLVD,,,,198.00,Feet,West,GENERAL HOOD TRL,,,,0.00,N,Not at Intersection,N,Non-Junction,None,,,         ,Randall,Atkinson,Clear,Not Collision with Motor Vehicle in Transport,no,no,no,no,no,False
102261190,METROPOLITAN NASHVILLE POLICE DEPT,20181071564,Davidson,Nashville,12/30/2018 3:00:00 AM,2,0,0,36.160550,-86.776900,4TH AVS,,,,191.00,Feet,South,4TH AVN,,,,0.00,N,Not at Intersection, ,Non-Junction,None,,,         ,Eric,Schaefer,Clear,Angle,no,no,no,no,no,False
102261194,METROPOLITAN NASHVILLE POLICE DEPT,20181071650,Davidson,Not in City Limit,12/30/2018 3:55:00 AM,1,0,0,36.282600,-86.747990,DICKERSON PKE,,,,0.00,,,,,,,0.00,,,N,Non-Junction,None,,,         ,Patrick,McGinnis,Clear,Not Collision with Motor Vehicle in Transport,no,no,no,no,no,False